audit_id,item_type,standard_reference,implementation_status,test_status,validation_status,implementation_target,test_file,validation_case,comments
SP16-EQ-001,equation,6.6,implemented,normal_boundary_unit_sign_tested,implementation_self_check_passed_no_standard_worked_example,standard_core/material_resistance.py:foundation_anchor_bolt_tension_design_resistance_n_mm2,tests/test_material_resistance.py,V11-SP16-EQ-001,Formula visually verified against supplied PDF page 13; coefficient 0.8 and Ryn input transcribed.
SP16-EQ-002,equation,6.6,implemented,normal_boundary_unit_sign_tested,implementation_self_check_passed_no_standard_worked_example,standard_core/material_resistance.py:u_bolt_tension_design_resistance_n_mm2,tests/test_material_resistance.py,V11-SP16-EQ-002,Formula visually verified against supplied PDF page 13; coefficient 0.85 and Ryn input transcribed.
SP16-EQ-003,equation,6.7,no_code_explanatory,inventory_tested,not_applicable,standard_core/material_resistance.py,tests/test_equations.py,,Tracked to preserve equation-number continuity and prevent accidental invention of a deleted formula.
SP16-EQ-004,equation,6.8,implemented,normal_boundary_unit_sign_tested,implementation_self_check_passed_no_standard_worked_example,standard_core/material_resistance.py:high_strength_wire_tension_design_resistance_n_mm2,tests/test_material_resistance.py,V11-SP16-EQ-004,Formula visually verified against supplied PDF page 13; coefficient 0.63 and Run input transcribed.
SP16-EQ-005,equation,7.1.1,implemented,normal_zero_boundary_unit_sign_and_branch_tests_passed,implementation_self_checks_passed_no_standard_worked_example,standard_core/axial_members.py:axial_strength_utilization_yield; axial_strength_utilization_ultimate,tests/test_axial_members.py,V11-SP16-EQ-005,Formula and both explicitly stated resistance branches visually verified on PDF page 14. Applicability selection remains explicit.
SP16-EQ-006,equation,7.1.2,implemented,normal_zero_boundary_unit_sign_and_domain_tests_passed,implementation_self_check_passed_no_standard_worked_example,standard_core/axial_members.py:single_angle_connection_strength_utilization,tests/test_axial_members.py,V11-SP16-EQ-006,Equation visually verified on PDF page 14. Clause geometry and steel-grade restrictions are documented and not inferred.
SP16-EQ-007,equation,7.1.3,implemented,normal_zero_boundary_unit_sign_and_phi_domain_tests_passed,implementation_self_check_passed_no_standard_worked_example,standard_core/axial_members.py:central_compression_stability_utilization,tests/test_axial_members.py,V11-SP16-EQ-007,Equation visually verified on PDF page 15. Local-stability prerequisites 7.3.2-7.3.9 remain external to this release.
SP16-EQ-008,equation,7.1.3,implemented,formula_low_slenderness_threshold_cap_and_annex_D1_consistency_tests_passed,validated_against_all_printed_Table_D1_cells_with_rounding_tolerance,standard_core/axial_members.py:central_compression_stability_coefficient,tests/test_axial_members.py,V11-SP16-EQ-008,Equation and rule text visually verified on PDF page 15. Rationalized algebraic form is used for numerical stability without changing the equation.
SP16-EQ-009,equation,7.1.3,implemented,normal_zero_boundary_unit_and_sign_tests_passed,implementation_self_check_and_Table_D1_chain_passed,standard_core/axial_members.py:stability_delta,tests/test_axial_members.py,V11-SP16-EQ-009,Formula visually verified on PDF page 15.
SP16-EQ-010,equation,7.1.5,implemented,tested,implementation_self_check_and_historical_v0_22_seed,standard_core.axial_members.open_u_section_torsional_flexural_utilization,tests/test_final_annex_and_release_consolidation.py,AXIAL-EQ-010-RECONSTRUCTION,Reconstructed from the source clause and surviving v0.22 API/validation evidence. c_max remains explicit; no geometry-derived Annex D lookup is invented.
SP16-EQ-011,equation,7.1.5,implemented,tested,implementation_self_check_and_historical_v0_22_seed,standard_core.axial_members.open_u_section_phi_1,tests/test_final_annex_and_release_consolidation.py,AXIAL-EQ-011-RECONSTRUCTION,Reconstructed from the source clause and surviving v0.22 API/validation evidence; rejects zero/non-finite relative slenderness.
SP16-EQ-012,equation,7.2.2-7.2.3,implemented,normal_zero_or_boundary_unit_and_domain_tests_passed,implementation_self_check_passed_no_standard_worked_example,standard_core/built_up_axial_members.py:battened_effective_slenderness_type_1,tests/test_built_up_axial_members.py,V11-SP16-EQ-012,Formula and symbols visually verified against supplied PDF pages 18-21; no unprinted coefficient or interpolation rule was invented.
SP16-EQ-013,equation,7.2.2-7.2.3,implemented,normal_zero_or_boundary_unit_and_domain_tests_passed,implementation_self_check_passed_no_standard_worked_example,standard_core/built_up_axial_members.py:battened_effective_slenderness_type_2,tests/test_built_up_axial_members.py,V11-SP16-EQ-013,Formula and symbols visually verified against supplied PDF pages 18-21; no unprinted coefficient or interpolation rule was invented.
SP16-EQ-014,equation,7.2.2-7.2.3,implemented,normal_zero_or_boundary_unit_and_domain_tests_passed,implementation_self_check_passed_no_standard_worked_example,standard_core/built_up_axial_members.py:battened_effective_slenderness_type_3,tests/test_built_up_axial_members.py,V11-SP16-EQ-014,Formula and symbols visually verified against supplied PDF pages 18-21; no unprinted coefficient or interpolation rule was invented.
SP16-EQ-015,equation,7.2.2-7.2.5,implemented,normal_zero_or_boundary_unit_and_domain_tests_passed,implementation_self_check_passed_no_standard_worked_example,standard_core/built_up_axial_members.py:lattice_effective_slenderness_type_1,tests/test_built_up_axial_members.py,V11-SP16-EQ-015,Formula and symbols visually verified against supplied PDF pages 18-21; no unprinted coefficient or interpolation rule was invented.
SP16-EQ-016,equation,7.2.2-7.2.5,implemented,normal_zero_or_boundary_unit_and_domain_tests_passed,implementation_self_check_passed_no_standard_worked_example,standard_core/built_up_axial_members.py:lattice_effective_slenderness_type_2,tests/test_built_up_axial_members.py,V11-SP16-EQ-016,Formula and symbols visually verified against supplied PDF pages 18-21; no unprinted coefficient or interpolation rule was invented.
SP16-EQ-017,equation,7.2.2-7.2.5,implemented,normal_zero_or_boundary_unit_and_domain_tests_passed,implementation_self_check_passed_no_standard_worked_example,standard_core/built_up_axial_members.py:lattice_effective_slenderness_type_3,tests/test_built_up_axial_members.py,V11-SP16-EQ-017,Formula and symbols visually verified against supplied PDF pages 18-21; no unprinted coefficient or interpolation rule was invented.
SP16-EQ-018,equation,7.2.7,implemented,normal_zero_or_boundary_unit_and_domain_tests_passed,implementation_self_check_passed_no_standard_worked_example,standard_core/built_up_axial_members.py:fictitious_shear_force_n,tests/test_built_up_axial_members.py,V11-SP16-EQ-018,Formula and symbols visually verified against supplied PDF pages 18-21; no unprinted coefficient or interpolation rule was invented.
SP16-EQ-019,equation,7.2.8,implemented,normal_zero_or_boundary_unit_and_domain_tests_passed,implementation_self_check_passed_no_standard_worked_example,standard_core/built_up_axial_members.py:batten_shear_force_n,tests/test_built_up_axial_members.py,V11-SP16-EQ-019,Formula and symbols visually verified against supplied PDF pages 18-21; no unprinted coefficient or interpolation rule was invented.
SP16-EQ-020,equation,7.2.8,implemented,normal_zero_or_boundary_unit_and_domain_tests_passed,implementation_self_check_passed_no_standard_worked_example,standard_core/built_up_axial_members.py:batten_bending_moment_n_mm,tests/test_built_up_axial_members.py,V11-SP16-EQ-020,Formula and symbols visually verified against supplied PDF pages 18-21; no unprinted coefficient or interpolation rule was invented.
SP16-EQ-021,equation,7.2.9,implemented,normal_zero_or_boundary_unit_and_domain_tests_passed,implementation_self_check_passed_no_standard_worked_example,standard_core/built_up_axial_members.py:lattice_diagonal_force_n,tests/test_built_up_axial_members.py,V11-SP16-EQ-021,Formula and symbols visually verified against supplied PDF pages 18-21; no unprinted coefficient or interpolation rule was invented.
SP16-EQ-022,equation,7.2.9,implemented,normal_zero_or_boundary_unit_and_domain_tests_passed,implementation_self_check_passed_no_standard_worked_example,standard_core/built_up_axial_members.py:cross_lattice_additional_diagonal_force_n,tests/test_built_up_axial_members.py,V11-SP16-EQ-022,Formula and symbols visually verified against supplied PDF pages 18-21; no unprinted coefficient or interpolation rule was invented.
SP16-EQ-023,equation,7.3.2,implemented,normal_boundary_unit_sign_and_domain_tests_passed,implementation_self_check_passed_no_standard_worked_example,standard_core/local_stability.py:wall_slenderness_limit_eq23,tests/test_local_stability.py,V11-SP16-EQ-023,"Formula, branch conditions, caps, substitutions, and symbol definitions visually verified against supplied PDF pages 22-26."
SP16-EQ-024,equation,7.3.2,implemented,normal_boundary_unit_sign_and_domain_tests_passed,implementation_self_check_passed_no_standard_worked_example,standard_core/local_stability.py:wall_slenderness_limit_eq24,tests/test_local_stability.py,V11-SP16-EQ-024,"Formula, branch conditions, caps, substitutions, and symbol definitions visually verified against supplied PDF pages 22-26."
SP16-EQ-025,equation,7.3.2,implemented,normal_boundary_unit_sign_and_domain_tests_passed,implementation_self_check_passed_no_standard_worked_example,standard_core/local_stability.py:wall_slenderness_limit_eq25,tests/test_local_stability.py,V11-SP16-EQ-025,"Formula, branch conditions, caps, substitutions, and symbol definitions visually verified against supplied PDF pages 22-26."
SP16-EQ-026,equation,7.3.2,implemented,normal_boundary_unit_sign_and_domain_tests_passed,implementation_self_check_passed_no_standard_worked_example,standard_core/local_stability.py:wall_slenderness_limit_eq26,tests/test_local_stability.py,V11-SP16-EQ-026,"Formula, branch conditions, caps, substitutions, and symbol definitions visually verified against supplied PDF pages 22-26."
SP16-EQ-027,equation,7.3.2,implemented,normal_boundary_unit_sign_and_domain_tests_passed,implementation_self_check_passed_no_standard_worked_example,standard_core/local_stability.py:wall_slenderness_limit_eq27,tests/test_local_stability.py,V11-SP16-EQ-027,"Formula, branch conditions, caps, substitutions, and symbol definitions visually verified against supplied PDF pages 22-26."
SP16-EQ-028,equation,7.3.2,implemented,normal_boundary_unit_sign_and_domain_tests_passed,implementation_self_check_passed_no_standard_worked_example,standard_core/local_stability.py:wall_slenderness_limit_eq28,tests/test_local_stability.py,V11-SP16-EQ-028,"Formula, branch conditions, caps, substitutions, and symbol definitions visually verified against supplied PDF pages 22-26."
SP16-EQ-029,equation,7.3.2,implemented,normal_boundary_unit_sign_and_domain_tests_passed,implementation_self_check_passed_no_standard_worked_example,standard_core/local_stability.py:wall_slenderness_limit_eq29,tests/test_local_stability.py,V11-SP16-EQ-029,"Formula, branch conditions, caps, substitutions, and symbol definitions visually verified against supplied PDF pages 22-26."
SP16-EQ-030,equation,7.3.4,implemented,normal_boundary_unit_sign_and_domain_tests_passed,implementation_self_check_passed_no_standard_worked_example,standard_core/local_stability.py:longitudinal_stiffener_wall_limit_multiplier_eq30,tests/test_local_stability.py,V11-SP16-EQ-030,"Formula, branch conditions, caps, substitutions, and symbol definitions visually verified against supplied PDF pages 22-26."
SP16-EQ-031,equation,7.3.6,implemented,normal_boundary_unit_sign_and_domain_tests_passed,implementation_self_check_passed_no_standard_worked_example,standard_core/local_stability.py:reduced_area_i_or_channel_eq31,tests/test_local_stability.py,V11-SP16-EQ-031,"Formula, branch conditions, caps, substitutions, and symbol definitions visually verified against supplied PDF pages 22-26."
SP16-EQ-032,equation,7.3.6,implemented,normal_boundary_unit_sign_and_domain_tests_passed,implementation_self_check_passed_no_standard_worked_example,standard_core/local_stability.py:reduced_area_box_central_eq32,tests/test_local_stability.py,V11-SP16-EQ-032,"Formula, branch conditions, caps, substitutions, and symbol definitions visually verified against supplied PDF pages 22-26."
SP16-EQ-033,equation,7.3.6,implemented,normal_boundary_unit_sign_and_domain_tests_passed,implementation_self_check_passed_no_standard_worked_example,standard_core/local_stability.py:reduced_area_box_eccentric_eq33,tests/test_local_stability.py,V11-SP16-EQ-033,"Formula, branch conditions, caps, substitutions, and symbol definitions visually verified against supplied PDF pages 22-26."
SP16-EQ-034,equation,7.3.6,implemented,normal_boundary_unit_sign_and_domain_tests_passed,implementation_self_check_passed_no_standard_worked_example,standard_core/local_stability.py:reduced_web_height_i_section_eq34,tests/test_local_stability.py,V11-SP16-EQ-034,"Formula, branch conditions, caps, substitutions, and symbol definitions visually verified against supplied PDF pages 22-26."
SP16-EQ-035,equation,7.3.6,implemented,normal_boundary_unit_sign_and_domain_tests_passed,implementation_self_check_passed_no_standard_worked_example,standard_core/local_stability.py:reduced_plate_dimension_box_eq35,tests/test_local_stability.py,V11-SP16-EQ-035,"Formula, branch conditions, caps, substitutions, and symbol definitions visually verified against supplied PDF pages 22-26."
SP16-EQ-036,equation,7.3.6,implemented,normal_boundary_unit_sign_and_domain_tests_passed,implementation_self_check_passed_no_standard_worked_example,standard_core/local_stability.py:reduced_web_height_channel_eq36,tests/test_local_stability.py,V11-SP16-EQ-036,"Formula, branch conditions, caps, substitutions, and symbol definitions visually verified against supplied PDF pages 22-26."
SP16-EQ-037,equation,7.3.8,implemented,normal_boundary_unit_sign_and_domain_tests_passed,implementation_self_check_passed_no_standard_worked_example,standard_core/local_stability.py:flange_slenderness_limit_eq37,tests/test_local_stability.py,V11-SP16-EQ-037,"Formula, branch conditions, caps, substitutions, and symbol definitions visually verified against supplied PDF pages 22-26."
SP16-EQ-038,equation,7.3.8,implemented,normal_boundary_unit_sign_and_domain_tests_passed,implementation_self_check_passed_no_standard_worked_example,standard_core/local_stability.py:flange_slenderness_limit_eq38,tests/test_local_stability.py,V11-SP16-EQ-038,"Formula, branch conditions, caps, substitutions, and symbol definitions visually verified against supplied PDF pages 22-26."
SP16-EQ-039,equation,7.3.8,implemented,normal_boundary_unit_sign_and_domain_tests_passed,implementation_self_check_passed_no_standard_worked_example,standard_core/local_stability.py:flange_slenderness_limit_eq39,tests/test_local_stability.py,V11-SP16-EQ-039,"Formula, branch conditions, caps, substitutions, and symbol definitions visually verified against supplied PDF pages 22-26."
SP16-EQ-040,equation,7.3.8,implemented,normal_boundary_unit_sign_and_domain_tests_passed,implementation_self_check_passed_no_standard_worked_example,standard_core/local_stability.py:flange_slenderness_limit_eq40,tests/test_local_stability.py,V11-SP16-EQ-040,"Formula, branch conditions, caps, substitutions, and symbol definitions visually verified against supplied PDF pages 22-26."
SP16-EQ-041,equation,8.2.1,implemented,normal_boundary_unit_sign_and_domain_tests_passed,implementation_self_check_passed_no_standard_worked_example,standard_core/bending_members.py:elastic_bending_utilization_eq41,tests/test_bending_members.py,V11-SP16-EQ-041,"Formula, branch conditions, symbols, and sign convention visually verified against supplied PDF pages 27-32; linked applicability gates remain explicit."
SP16-EQ-042,equation,8.2.1,implemented,normal_boundary_unit_sign_and_domain_tests_passed,implementation_self_check_passed_no_standard_worked_example,standard_core/bending_members.py:elastic_shear_utilization_eq42,tests/test_bending_members.py,V11-SP16-EQ-042,"Formula, branch conditions, symbols, and sign convention visually verified against supplied PDF pages 27-32; linked applicability gates remain explicit."
SP16-EQ-043,equation,8.2.1,implemented,normal_boundary_unit_sign_and_domain_tests_passed,implementation_self_check_passed_no_standard_worked_example,standard_core/bending_members.py:elastic_combined_normal_utilization_eq43,tests/test_bending_members.py,V11-SP16-EQ-043,"Formula, branch conditions, symbols, and sign convention visually verified against supplied PDF pages 27-32; linked applicability gates remain explicit."
SP16-EQ-044,equation,8.2.1,implemented,normal_boundary_unit_sign_and_domain_tests_passed,implementation_self_check_passed_no_standard_worked_example,standard_core/bending_members.py:elastic_web_equivalent_stress_checks_eq44,tests/test_bending_members.py,V11-SP16-EQ-044,"Formula, branch conditions, symbols, and sign convention visually verified against supplied PDF pages 27-32; linked applicability gates remain explicit."
SP16-EQ-045,equation,8.2.1,implemented,normal_boundary_unit_sign_and_domain_tests_passed,implementation_self_check_passed_no_standard_worked_example,standard_core/bending_members.py:bolt_hole_factor_eq45,tests/test_bending_members.py,V11-SP16-EQ-045,"Formula, branch conditions, symbols, and sign convention visually verified against supplied PDF pages 27-32; linked applicability gates remain explicit."
SP16-EQ-046,equation,8.2.2,implemented,normal_boundary_unit_sign_and_domain_tests_passed,implementation_self_check_passed_no_standard_worked_example,standard_core/bending_members.py:local_web_compression_utilization_eq46,tests/test_bending_members.py,V11-SP16-EQ-046,"Formula, branch conditions, symbols, and sign convention visually verified against supplied PDF pages 27-32; linked applicability gates remain explicit."
SP16-EQ-047,equation,8.2.2,implemented,normal_boundary_unit_sign_and_domain_tests_passed,implementation_self_check_passed_no_standard_worked_example,standard_core/bending_members.py:local_web_compression_stress_eq47,tests/test_bending_members.py,V11-SP16-EQ-047,"Formula, branch conditions, symbols, and sign convention visually verified against supplied PDF pages 27-32; linked applicability gates remain explicit."
SP16-EQ-048,equation,8.2.2,implemented,normal_boundary_unit_sign_and_domain_tests_passed,implementation_self_check_passed_no_standard_worked_example,standard_core/bending_members.py:effective_load_length_eq48,tests/test_bending_members.py,V11-SP16-EQ-048,"Formula, branch conditions, symbols, and sign convention visually verified against supplied PDF pages 27-32; linked applicability gates remain explicit."
SP16-EQ-049,equation,8.2.2,implemented,normal_boundary_unit_sign_and_domain_tests_passed,implementation_self_check_passed_no_standard_worked_example,standard_core/bending_members.py:effective_load_length_crane_eq49,tests/test_bending_members.py,V11-SP16-EQ-049,"Formula, branch conditions, symbols, and sign convention visually verified against supplied PDF pages 27-32; linked applicability gates remain explicit."
SP16-EQ-050,equation,8.2.3,implemented,normal_boundary_unit_sign_and_domain_tests_passed,implementation_self_check_passed_no_standard_worked_example,standard_core/bending_members.py:plastic_bending_utilization_eq50,tests/test_bending_members.py,V11-SP16-EQ-050,"Formula, branch conditions, symbols, and sign convention visually verified against supplied PDF pages 27-32; linked applicability gates remain explicit."
SP16-EQ-051,equation,8.2.3,implemented,normal_boundary_unit_sign_and_domain_tests_passed,implementation_self_check_passed_no_standard_worked_example,standard_core/bending_members.py:plastic_biaxial_bending_utilization_eq51,tests/test_bending_members.py,V11-SP16-EQ-051,"Formula, branch conditions, symbols, and sign convention visually verified against supplied PDF pages 27-32; linked applicability gates remain explicit."
SP16-EQ-052,equation,8.2.3,implemented,normal_boundary_unit_sign_and_domain_tests_passed,implementation_self_check_passed_no_standard_worked_example,standard_core/bending_members.py:plastic_shear_reduction_factor_eq52,tests/test_bending_members.py,V11-SP16-EQ-052,"Formula, branch conditions, symbols, and sign convention visually verified against supplied PDF pages 27-32; linked applicability gates remain explicit."
SP16-EQ-053,equation,8.2.3,implemented,normal_boundary_unit_sign_and_domain_tests_passed,implementation_self_check_passed_no_standard_worked_example,standard_core/bending_members.py:constrained_torsion_utilization_eq53,tests/test_bending_members.py,V11-SP16-EQ-053,"Formula, branch conditions, symbols, and sign convention visually verified against supplied PDF pages 27-32; linked applicability gates remain explicit."
SP16-EQ-054,equation,8.2.3,implemented,normal_boundary_unit_sign_and_domain_tests_passed,implementation_self_check_passed_no_standard_worked_example,standard_core/bending_members.py:support_shear_x_utilization_eq54,tests/test_bending_members.py,V11-SP16-EQ-054,"Formula, branch conditions, symbols, and sign convention visually verified against supplied PDF pages 27-32; linked applicability gates remain explicit."
SP16-EQ-055,equation,8.2.3,implemented,normal_boundary_unit_sign_and_domain_tests_passed,implementation_self_check_passed_no_standard_worked_example,standard_core/bending_members.py:support_shear_y_utilization_eq55,tests/test_bending_members.py,V11-SP16-EQ-055,"Formula, branch conditions, symbols, and sign convention visually verified against supplied PDF pages 27-32; linked applicability gates remain explicit."
SP16-EQ-056,equation,8.2.5,implemented,normal_boundary_unit_sign_and_domain_tests_passed,implementation_self_check_passed_no_standard_worked_example,standard_core/bending_members.py:redistributed_design_moment_eq56,tests/test_bending_members.py,V11-SP16-EQ-056,"Formula, branch conditions, symbols, and sign convention visually verified against supplied PDF pages 27-32; linked applicability gates remain explicit."
SP16-EQ-057,equation,8.2.5,implemented,normal_boundary_unit_sign_and_domain_tests_passed,implementation_self_check_passed_no_standard_worked_example,standard_core/bending_members.py:effective_moment_hinged_end_eq57,tests/test_bending_members.py,V11-SP16-EQ-057,"Formula, branch conditions, symbols, and sign convention visually verified against supplied PDF pages 27-32; linked applicability gates remain explicit."
SP16-EQ-058,equation,8.2.5,implemented,normal_boundary_unit_sign_and_domain_tests_passed,implementation_self_check_passed_no_standard_worked_example,standard_core/bending_members.py:effective_moment_intermediate_span_eq58,tests/test_bending_members.py,V11-SP16-EQ-058,"Formula, branch conditions, symbols, and sign convention visually verified against supplied PDF pages 27-32; linked applicability gates remain explicit."
SP16-EQ-059,equation,8.2.8,implemented,normal_boundary_unit_sign_and_domain_tests_passed,implementation_self_check_passed_no_standard_worked_example,standard_core/bending_members.py:bimetal_bending_utilization_eq59,tests/test_bending_members.py,V11-SP16-EQ-059,"Formula, branch conditions, symbols, and sign convention visually verified against supplied PDF pages 27-32; linked applicability gates remain explicit."
SP16-EQ-060,equation,8.2.8,implemented,normal_boundary_unit_sign_and_domain_tests_passed,implementation_self_check_passed_no_standard_worked_example,standard_core/bending_members.py:bimetal_biaxial_bending_utilization_eq60,tests/test_bending_members.py,V11-SP16-EQ-060,"Formula, branch conditions, symbols, and sign convention visually verified against supplied PDF pages 27-32; linked applicability gates remain explicit."
SP16-EQ-061,equation,8.2.8,implemented,normal_boundary_unit_sign_and_domain_tests_passed,implementation_self_check_passed_no_standard_worked_example,standard_core/bending_members.py:bimetal_major_axis_coefficient_eq61,tests/test_bending_members.py,V11-SP16-EQ-061,"Formula, branch conditions, symbols, and sign convention visually verified against supplied PDF pages 27-32; linked applicability gates remain explicit."
SP16-EQ-062,equation,8.2.8,implemented,normal_boundary_unit_sign_and_domain_tests_passed,implementation_self_check_passed_no_standard_worked_example,standard_core/bending_members.py:bimetal_shear_reduction_factor_eq62,tests/test_bending_members.py,V11-SP16-EQ-062,"Formula, branch conditions, symbols, and sign convention visually verified against supplied PDF pages 27-32; linked applicability gates remain explicit."
SP16-EQ-063,equation,8.3.3,implemented,normal_boundary_unit_sign_tested,implementation_self_check_passed_no_standard_worked_example,standard_core/crane_runway_and_bending_stability.py:crane_runway_equivalent_stress_utilization_eq63,tests/test_crane_runway_and_bending_stability.py,V11-SP16-EQ-063,Visually verified against supplied PDF pages 32; implemented in v0.7.
SP16-EQ-064,equation,8.3.3,implemented,normal_boundary_unit_sign_tested,implementation_self_check_passed_no_standard_worked_example,standard_core/crane_runway_and_bending_stability.py:crane_runway_longitudinal_normal_utilization_eq64,tests/test_crane_runway_and_bending_stability.py,V11-SP16-EQ-064,Visually verified against supplied PDF pages 32; implemented in v0.7.
SP16-EQ-065,equation,8.3.3,implemented,normal_boundary_unit_sign_tested,implementation_self_check_passed_no_standard_worked_example,standard_core/crane_runway_and_bending_stability.py:crane_runway_transverse_normal_utilization_eq65,tests/test_crane_runway_and_bending_stability.py,V11-SP16-EQ-065,Visually verified against supplied PDF pages 32; implemented in v0.7.
SP16-EQ-066,equation,8.3.3,implemented,normal_boundary_unit_sign_tested,implementation_self_check_passed_no_standard_worked_example,standard_core/crane_runway_and_bending_stability.py:crane_runway_shear_utilization_eq66,tests/test_crane_runway_and_bending_stability.py,V11-SP16-EQ-066,Visually verified against supplied PDF pages 32; implemented in v0.7.
SP16-EQ-067,equation,8.3.3,implemented,normal_boundary_unit_sign_tested,implementation_self_check_passed_no_standard_worked_example,standard_core/crane_runway_and_bending_stability.py:crane_runway_stress_components_eq67,tests/test_crane_runway_and_bending_stability.py,V11-SP16-EQ-067,Visually verified against supplied PDF pages 33; implemented in v0.7.
SP16-EQ-068,equation,8.3.3,implemented,normal_boundary_unit_sign_tested,implementation_self_check_passed_no_standard_worked_example,standard_core/crane_runway_and_bending_stability.py:crane_runway_local_torsional_moment_eq68,tests/test_crane_runway_and_bending_stability.py,V11-SP16-EQ-068,Visually verified against supplied PDF pages 33; implemented in v0.7.
SP16-EQ-069,equation,8.4.1,implemented,normal_boundary_unit_sign_tested,implementation_self_check_passed_no_standard_worked_example,standard_core/crane_runway_and_bending_stability.py:lateral_torsional_stability_utilization_eq69,tests/test_crane_runway_and_bending_stability.py,V11-SP16-EQ-069,Visually verified against supplied PDF pages 34; implemented in v0.7.
SP16-EQ-070,equation,8.4.1,implemented,normal_boundary_unit_sign_tested,implementation_self_check_passed_no_standard_worked_example,standard_core/crane_runway_and_bending_stability.py:lateral_torsional_combined_utilization_eq70,tests/test_crane_runway_and_bending_stability.py,V11-SP16-EQ-070,Visually verified against supplied PDF pages 34; implemented in v0.7.
SP16-EQ-071,equation,8.4.4,implemented,normal_boundary_unit_sign_tested,implementation_self_check_passed_no_standard_worked_example,standard_core/crane_runway_and_bending_stability.py:table_11_limit_eq71,tests/test_crane_runway_and_bending_stability.py,V11-SP16-EQ-071,Visually verified against supplied PDF pages 35; implemented in v0.7.
SP16-EQ-072,equation,8.4.4,implemented,normal_boundary_unit_sign_tested,implementation_self_check_passed_no_standard_worked_example,standard_core/crane_runway_and_bending_stability.py:table_11_limit_eq72,tests/test_crane_runway_and_bending_stability.py,V11-SP16-EQ-072,Visually verified against supplied PDF pages 35; implemented in v0.7.
SP16-EQ-073,equation,8.4.4,implemented,normal_boundary_unit_sign_tested,implementation_self_check_passed_no_standard_worked_example,standard_core/crane_runway_and_bending_stability.py:table_11_limit_eq73,tests/test_crane_runway_and_bending_stability.py,V11-SP16-EQ-073,Visually verified against supplied PDF pages 35; implemented in v0.7.
SP16-EQ-074,equation,8.4.5,implemented,normal_boundary_unit_sign_tested,implementation_self_check_passed_no_standard_worked_example,standard_core/crane_runway_and_bending_stability.py:compressed_flange_equivalent_force_eq74,tests/test_crane_runway_and_bending_stability.py,V11-SP16-EQ-074,Visually verified against supplied PDF pages 35; implemented in v0.7.
SP16-EQ-075,equation,8.4.5,implemented,normal_boundary_unit_sign_tested,implementation_self_check_passed_no_standard_worked_example,standard_core/crane_runway_and_bending_stability.py:continuous_bracing_force_per_length_eq75,tests/test_crane_runway_and_bending_stability.py,V11-SP16-EQ-075,Visually verified against supplied PDF pages 36; implemented in v0.7.
SP16-EQ-076,equation,8.4.6,implemented,normal_boundary_unit_sign_tested,implementation_self_check_passed_no_standard_worked_example,standard_core/crane_runway_and_bending_stability.py:class_2_3_stability_reduction_eq76,tests/test_crane_runway_and_bending_stability.py,V11-SP16-EQ-076,Visually verified against supplied PDF pages 36; implemented in v0.7.
SP16-EQ-077,equation,8.4.6,implemented,normal_boundary_unit_sign_tested,implementation_self_check_passed_no_standard_worked_example,standard_core/crane_runway_and_bending_stability.py:class_2_3_coefficient_eq77,tests/test_crane_runway_and_bending_stability.py,V11-SP16-EQ-077,Visually verified against supplied PDF pages 36; implemented in v0.7.
SP16-EQ-078,equation,8.5.2,implemented,tests/test_bending_member_local_stability.py,implementation_self_check_BLS-EQ-078,standard_core/bending_member_local_stability.py:bending_normal_stress_eq78,tests/test_bending_member_local_stability.py,V11-SP16-EQ-078,Formula transcription was visually checked on PDF pages 37-47. No normative worked example was present; validation is arithmetic and table-consistency checking.
SP16-EQ-079,equation,8.5.2,implemented,tests/test_bending_member_local_stability.py,implementation_self_check_BLS-EQ-079,standard_core/bending_member_local_stability.py:average_web_shear_stress_eq79,tests/test_bending_member_local_stability.py,V11-SP16-EQ-079,Formula transcription was visually checked on PDF pages 37-47. No normative worked example was present; validation is arithmetic and table-consistency checking.
SP16-EQ-080,equation,8.5.3,implemented,tests/test_bending_member_local_stability.py,implementation_self_check_BLS-EQ-080,standard_core/bending_member_local_stability.py:symmetric_web_buckling_utilization_eq80,tests/test_bending_member_local_stability.py,V11-SP16-EQ-080,Formula transcription was visually checked on PDF pages 37-47. No normative worked example was present; validation is arithmetic and table-consistency checking.
SP16-EQ-081,equation,8.5.3,implemented,tests/test_bending_member_local_stability.py,implementation_self_check_BLS-EQ-081,standard_core/bending_member_local_stability.py:critical_normal_web_stress_eq81,tests/test_bending_member_local_stability.py,V11-SP16-EQ-081,Formula transcription was visually checked on PDF pages 37-47. No normative worked example was present; validation is arithmetic and table-consistency checking.
SP16-EQ-082,equation,8.5.3,implemented,tests/test_bending_member_local_stability.py,implementation_self_check_BLS-EQ-082,standard_core/bending_member_local_stability.py:critical_local_web_stress_eq82,tests/test_bending_member_local_stability.py,V11-SP16-EQ-082,Formula transcription was visually checked on PDF pages 37-47. No normative worked example was present; validation is arithmetic and table-consistency checking.
SP16-EQ-083,equation,8.5.3,implemented,tests/test_bending_member_local_stability.py,implementation_self_check_BLS-EQ-083,standard_core/bending_member_local_stability.py:critical_web_shear_stress_eq83,tests/test_bending_member_local_stability.py,V11-SP16-EQ-083,Formula transcription was visually checked on PDF pages 37-47. No normative worked example was present; validation is arithmetic and table-consistency checking.
SP16-EQ-084,equation,8.5.4,implemented,tests/test_bending_member_local_stability.py,implementation_self_check_BLS-EQ-084,standard_core/bending_member_local_stability.py:flange_restraint_parameter_eq84,tests/test_bending_member_local_stability.py,V11-SP16-EQ-084,Formula transcription was visually checked on PDF pages 37-47. No normative worked example was present; validation is arithmetic and table-consistency checking.
SP16-EQ-085,equation,8.5.7,implemented,tests/test_bending_member_local_stability.py,implementation_self_check_BLS-EQ-085,standard_core/bending_member_local_stability.py:asymmetric_tension_flange_web_utilization_eq85,tests/test_bending_member_local_stability.py,V11-SP16-EQ-085,Formula transcription was visually checked on PDF pages 37-47. No normative worked example was present; validation is arithmetic and table-consistency checking.
SP16-EQ-086,equation,8.5.8,implemented,tests/test_bending_member_local_stability.py,implementation_self_check_BLS-EQ-086,standard_core/bending_member_local_stability.py:class_2_3_symmetric_web_utilization_eq86,tests/test_bending_member_local_stability.py,V11-SP16-EQ-086,Formula transcription was visually checked on PDF pages 37-47. No normative worked example was present; validation is arithmetic and table-consistency checking.
SP16-EQ-087,equation,8.5.8,implemented,tests/test_bending_member_local_stability.py,implementation_self_check_BLS-EQ-087,standard_core/bending_member_local_stability.py:class_2_3_asymmetric_web_utilization_eq87,tests/test_bending_member_local_stability.py,V11-SP16-EQ-087,Formula transcription was visually checked on PDF pages 37-47. No normative worked example was present; validation is arithmetic and table-consistency checking.
SP16-EQ-088,equation,8.5.8,implemented,tests/test_bending_member_local_stability.py,implementation_self_check_BLS-EQ-088,standard_core/bending_member_local_stability.py:compressed_web_zone_height_eq88,tests/test_bending_member_local_stability.py,V11-SP16-EQ-088,Formula transcription was visually checked on PDF pages 37-47. No normative worked example was present; validation is arithmetic and table-consistency checking.
SP16-EQ-089,equation,8.5.12,implemented,tests/test_bending_member_local_stability.py,implementation_self_check_BLS-EQ-089,standard_core/bending_member_local_stability.py:upper_plate_utilization_eq89,tests/test_bending_member_local_stability.py,V11-SP16-EQ-089,Formula transcription was visually checked on PDF pages 37-47. No normative worked example was present; validation is arithmetic and table-consistency checking.
SP16-EQ-090,equation,8.5.12,implemented,tests/test_bending_member_local_stability.py,implementation_self_check_BLS-EQ-090,standard_core/bending_member_local_stability.py:upper_plate_critical_normal_no_local_eq90,tests/test_bending_member_local_stability.py,V11-SP16-EQ-090,Formula transcription was visually checked on PDF pages 37-47. No normative worked example was present; validation is arithmetic and table-consistency checking.
SP16-EQ-091,equation,8.5.12,implemented,tests/test_bending_member_local_stability.py,implementation_self_check_BLS-EQ-091,standard_core/bending_member_local_stability.py:upper_plate_critical_normal_with_local_eq91,tests/test_bending_member_local_stability.py,V11-SP16-EQ-091,Formula transcription was visually checked on PDF pages 37-47. No normative worked example was present; validation is arithmetic and table-consistency checking.
SP16-EQ-092,equation,8.5.12,implemented,tests/test_bending_member_local_stability.py,implementation_self_check_BLS-EQ-092,standard_core/bending_member_local_stability.py:upper_plate_critical_local_eq92,tests/test_bending_member_local_stability.py,V11-SP16-EQ-092,Formula transcription was visually checked on PDF pages 37-47. No normative worked example was present; validation is arithmetic and table-consistency checking.
SP16-EQ-093,equation,8.5.12,implemented,tests/test_bending_member_local_stability.py,implementation_self_check_BLS-EQ-093,standard_core/bending_member_local_stability.py:upper_plate_psi_and_slenderness_eq93,tests/test_bending_member_local_stability.py,V11-SP16-EQ-093,Formula transcription was visually checked on PDF pages 37-47. No normative worked example was present; validation is arithmetic and table-consistency checking.
SP16-EQ-094,equation,8.5.12,implemented,tests/test_bending_member_local_stability.py,implementation_self_check_BLS-EQ-094,standard_core/bending_member_local_stability.py:lower_plate_utilization_eq94,tests/test_bending_member_local_stability.py,V11-SP16-EQ-094,Formula transcription was visually checked on PDF pages 37-47. No normative worked example was present; validation is arithmetic and table-consistency checking.
SP16-EQ-095,equation,8.5.12,implemented,tests/test_bending_member_local_stability.py,implementation_self_check_BLS-EQ-095,standard_core/bending_member_local_stability.py:lower_plate_critical_normal_eq95,tests/test_bending_member_local_stability.py,V11-SP16-EQ-095,Formula transcription was visually checked on PDF pages 37-47. No normative worked example was present; validation is arithmetic and table-consistency checking.
SP16-EQ-096,equation,8.5.12,implemented,tests/test_bending_member_local_stability.py,implementation_self_check_BLS-EQ-096,standard_core/bending_member_local_stability.py:lower_plate_relative_slenderness_eq96,tests/test_bending_member_local_stability.py,V11-SP16-EQ-096,Formula transcription was visually checked on PDF pages 37-47. No normative worked example was present; validation is arithmetic and table-consistency checking.
SP16-EQ-097,equation,8.5.18,implemented,tests/test_bending_member_local_stability.py,implementation_self_check_BLS-EQ-097,standard_core/bending_member_local_stability.py:flange_outstand_limit_eq97,tests/test_bending_member_local_stability.py,V11-SP16-EQ-097,Formula transcription was visually checked on PDF pages 37-47. No normative worked example was present; validation is arithmetic and table-consistency checking.
SP16-EQ-098,equation,8.5.18,implemented,tests/test_bending_member_local_stability.py,implementation_self_check_BLS-EQ-098,standard_core/bending_member_local_stability.py:box_flange_plate_limit_eq98,tests/test_bending_member_local_stability.py,V11-SP16-EQ-098,Formula transcription was visually checked on PDF pages 37-47. No normative worked example was present; validation is arithmetic and table-consistency checking.
SP16-EQ-099,equation,8.5.19,implemented,tests/test_bending_member_local_stability.py,implementation_self_check_BLS-EQ-099,standard_core/bending_member_local_stability.py:class_2_3_flange_outstand_limit_eq99,tests/test_bending_member_local_stability.py,V11-SP16-EQ-099,Formula transcription was visually checked on PDF pages 37-47. No normative worked example was present; validation is arithmetic and table-consistency checking.
SP16-EQ-100,equation,8.5.19,implemented,tests/test_bending_member_local_stability.py,implementation_self_check_BLS-EQ-100,standard_core/bending_member_local_stability.py:class_2_3_box_flange_limit_eq100,tests/test_bending_member_local_stability.py,V11-SP16-EQ-100,Formula transcription was visually checked on PDF pages 37-47. No normative worked example was present; validation is arithmetic and table-consistency checking.
SP16-EQ-101,equation,8.6.2,implemented,passed: tests/test_base_plates_and_combined_force_strength.py,implementation_self_check_passed_no_standard_worked_example,standard_core/base_plates_and_combined_force_strength.py:base_plate_required_thickness_eq101,tests/test_base_plates_and_combined_force_strength.py,V11-SP16-EQ-101,"Formula transcribed by visual audit from supplied PDF pages 47-48; units, signs, applicability, and limitations are explicit in the public API."
SP16-EQ-102,equation,8.6.2,implemented,passed: tests/test_base_plates_and_combined_force_strength.py,implementation_self_check_passed_no_standard_worked_example,standard_core/base_plates_and_combined_force_strength.py:base_plate_cantilever_moment_eq102,tests/test_base_plates_and_combined_force_strength.py,V11-SP16-EQ-102,"Formula transcribed by visual audit from supplied PDF pages 47-48; units, signs, applicability, and limitations are explicit in the public API."
SP16-EQ-103,equation,8.6.2,implemented,passed: tests/test_base_plates_and_combined_force_strength.py,implementation_self_check_passed_no_standard_worked_example,standard_core/base_plates_and_combined_force_strength.py:base_plate_four_side_moments_eq103,tests/test_base_plates_and_combined_force_strength.py,V11-SP16-EQ-103,"Formula transcribed by visual audit from supplied PDF pages 47-48; units, signs, applicability, and limitations are explicit in the public API."
SP16-EQ-104,equation,8.6.2,implemented,passed: tests/test_base_plates_and_combined_force_strength.py,implementation_self_check_passed_no_standard_worked_example,standard_core/base_plates_and_combined_force_strength.py:base_plate_three_side_moment_eq104,tests/test_base_plates_and_combined_force_strength.py,V11-SP16-EQ-104,"Formula transcribed by visual audit from supplied PDF pages 47-48; units, signs, applicability, and limitations are explicit in the public API."
SP16-EQ-105,equation,9.1.1,implemented,passed: tests/test_base_plates_and_combined_force_strength.py,implementation_self_check_passed_no_standard_worked_example,standard_core/base_plates_and_combined_force_strength.py:combined_force_strength_utilization_eq105,tests/test_base_plates_and_combined_force_strength.py,V11-SP16-EQ-105,"Formula transcribed by visual audit from supplied PDF pages 47-48; units, signs, applicability, and limitations are explicit in the public API."
SP16-EQ-106,equation,9.1.1,implemented,passed: tests/test_base_plates_and_combined_force_strength.py,implementation_self_check_passed_no_standard_worked_example,standard_core/base_plates_and_combined_force_strength.py:combined_force_point_utilization_eq106,tests/test_base_plates_and_combined_force_strength.py,V11-SP16-EQ-106,"Formula transcribed by visual audit from supplied PDF pages 47-48; units, signs, applicability, and limitations are explicit in the public API."
SP16-EQ-107,equation,9.1.3,implemented,passed: tests/test_base_plates_and_combined_force_strength.py,implementation_self_check_passed_no_standard_worked_example,standard_core/base_plates_and_combined_force_strength.py:high_strength_asymmetric_tension_fiber_utilization_eq107,tests/test_base_plates_and_combined_force_strength.py,V11-SP16-EQ-107,"Formula transcribed by visual audit from supplied PDF pages 47-48; units, signs, applicability, and limitations are explicit in the public API."
SP16-EQ-108,equation,9.1.3,implemented,passed: tests/test_base_plates_and_combined_force_strength.py,implementation_self_check_passed_no_standard_worked_example,standard_core/base_plates_and_combined_force_strength.py:high_strength_asymmetric_delta_eq108,tests/test_base_plates_and_combined_force_strength.py,V11-SP16-EQ-108,"Formula transcribed by visual audit from supplied PDF pages 47-48; units, signs, applicability, and limitations are explicit in the public API."
SP16-EQ-109,equation,9.2.2,implemented,passed: tests/test_beam_column_stability.py,implementation_self_check_passed,standard_core/beam_column_stability.py:beam_column_in_plane_utilization_eq109,tests/test_beam_column_stability.py,V11-SP16-EQ-109,Formula visually transcribed from Section 9.2 and implemented without hidden interpolation or geometry classification.
SP16-EQ-110,equation,9.2.2,implemented,passed: tests/test_beam_column_stability.py,implementation_self_check_passed,standard_core/beam_column_stability.py:effective_relative_eccentricity_eq110,tests/test_beam_column_stability.py,V11-SP16-EQ-110,Formula visually transcribed from Section 9.2 and implemented without hidden interpolation or geometry classification.
SP16-EQ-111,equation,9.2.4,implemented,passed: tests/test_beam_column_stability.py,implementation_self_check_passed,standard_core/beam_column_stability.py:beam_column_out_of_plane_utilization_eq111,tests/test_beam_column_stability.py,V11-SP16-EQ-111,Formula visually transcribed from Section 9.2 and implemented without hidden interpolation or geometry classification.
SP16-EQ-112,equation,9.2.5,implemented,passed: tests/test_beam_column_stability.py,implementation_self_check_passed,standard_core/beam_column_stability.py:out_of_plane_coefficient_c_eq112,tests/test_beam_column_stability.py,V11-SP16-EQ-112,Formula visually transcribed from Section 9.2 and implemented without hidden interpolation or geometry classification.
SP16-EQ-113,equation,9.2.5,implemented,passed: tests/test_beam_column_stability.py,implementation_self_check_passed,standard_core/beam_column_stability.py:out_of_plane_coefficient_c_eq113,tests/test_beam_column_stability.py,V11-SP16-EQ-113,Formula visually transcribed from Section 9.2 and implemented without hidden interpolation or geometry classification.
SP16-EQ-114,equation,9.2.5,implemented,passed: tests/test_beam_column_stability.py,implementation_self_check_passed,standard_core/beam_column_stability.py:out_of_plane_coefficient_c_eq114,tests/test_beam_column_stability.py,V11-SP16-EQ-114,Formula visually transcribed from Section 9.2 and implemented without hidden interpolation or geometry classification.
SP16-EQ-115,equation,9.2.8,implemented,passed: tests/test_beam_column_stability.py,implementation_self_check_passed,standard_core/beam_column_stability.py:central_compression_out_of_plane_utilization_eq115,tests/test_beam_column_stability.py,V11-SP16-EQ-115,Formula visually transcribed from Section 9.2 and implemented without hidden interpolation or geometry classification.
SP16-EQ-116,equation,9.2.9,implemented,passed: tests/test_beam_column_stability.py,implementation_self_check_passed,standard_core/beam_column_stability.py:biaxial_beam_column_utilization_eq116,tests/test_beam_column_stability.py,V11-SP16-EQ-116,Formula visually transcribed from Section 9.2 and implemented without hidden interpolation or geometry classification.
SP16-EQ-117,equation,9.2.9,implemented,passed: tests/test_beam_column_stability.py,implementation_self_check_passed,standard_core/beam_column_stability.py:biaxial_stability_coefficient_eq117,tests/test_beam_column_stability.py,V11-SP16-EQ-117,Formula visually transcribed from Section 9.2 and implemented without hidden interpolation or geometry classification.
SP16-EQ-118,equation,9.2.9,implemented,passed: tests/test_beam_column_stability.py,implementation_self_check_passed,standard_core/beam_column_stability.py:relative_eccentricity_x_eq118,tests/test_beam_column_stability.py,V11-SP16-EQ-118,Formula visually transcribed from Section 9.2 and implemented without hidden interpolation or geometry classification.
SP16-EQ-119,equation,9.2.9,implemented,passed: tests/test_beam_column_stability.py,implementation_self_check_passed,standard_core/beam_column_stability.py:relative_eccentricity_y_eq119,tests/test_beam_column_stability.py,V11-SP16-EQ-119,Formula visually transcribed from Section 9.2 and implemented without hidden interpolation or geometry classification.
SP16-EQ-120,equation,9.2.10,implemented,passed: tests/test_beam_column_stability.py,implementation_self_check_passed,standard_core/beam_column_stability.py:box_major_axis_utilization_eq120,tests/test_beam_column_stability.py,V11-SP16-EQ-120,Formula visually transcribed from Section 9.2 and implemented without hidden interpolation or geometry classification.
SP16-EQ-121,equation,9.2.10,implemented,passed: tests/test_beam_column_stability.py,implementation_self_check_passed,standard_core/beam_column_stability.py:box_minor_axis_utilization_eq121,tests/test_beam_column_stability.py,V11-SP16-EQ-121,Formula visually transcribed from Section 9.2 and implemented without hidden interpolation or geometry classification.
SP16-EQ-122,equation,9.2.10,implemented,passed: tests/test_beam_column_stability.py,implementation_self_check_passed,standard_core/beam_column_stability.py:box_delta_eq122,tests/test_beam_column_stability.py,V11-SP16-EQ-122,Formula visually transcribed from Section 9.2 and implemented without hidden interpolation or geometry classification.
SP16-EQ-123,equation,9.3.2,implemented,passed: tests/test_built_up_beam_columns_and_combined_local_stability.py,implementation_self_check_passed,standard_core/built_up_beam_columns_and_combined_local_stability.py:built_up_relative_eccentricity_eq123,tests/test_built_up_beam_columns_and_combined_local_stability.py,V11-SP16-EQ-123,Formula visually transcribed from supplied PDF pages 53-57; no unstated interpolation or default is applied.
SP16-EQ-124,equation,9.3.3,implemented,passed: tests/test_built_up_beam_columns_and_combined_local_stability.py,implementation_self_check_passed,standard_core/built_up_beam_columns_and_combined_local_stability.py:biaxial_branch_additional_force_eq124,tests/test_built_up_beam_columns_and_combined_local_stability.py,V11-SP16-EQ-124,Formula visually transcribed from supplied PDF pages 53-57; no unstated interpolation or default is applied.
SP16-EQ-125,equation,9.4.2,implemented,passed: tests/test_built_up_beam_columns_and_combined_local_stability.py,implementation_self_check_passed,standard_core/built_up_beam_columns_and_combined_local_stability.py:web_limit_eq125,tests/test_built_up_beam_columns_and_combined_local_stability.py,V11-SP16-EQ-125,Formula visually transcribed from supplied PDF pages 53-57; no unstated interpolation or default is applied.
SP16-EQ-126,equation,9.4.2,implemented,passed: tests/test_built_up_beam_columns_and_combined_local_stability.py,implementation_self_check_passed,standard_core/built_up_beam_columns_and_combined_local_stability.py:web_limit_eq126,tests/test_built_up_beam_columns_and_combined_local_stability.py,V11-SP16-EQ-126,Formula visually transcribed from supplied PDF pages 53-57; no unstated interpolation or default is applied.
SP16-EQ-127,equation,9.4.2,implemented,passed: tests/test_built_up_beam_columns_and_combined_local_stability.py,implementation_self_check_passed,standard_core/built_up_beam_columns_and_combined_local_stability.py:web_limit_eq127,tests/test_built_up_beam_columns_and_combined_local_stability.py,V11-SP16-EQ-127,Formula visually transcribed from supplied PDF pages 53-57; no unstated interpolation or default is applied.
SP16-EQ-128,equation,9.4.2,implemented,passed: tests/test_built_up_beam_columns_and_combined_local_stability.py,implementation_self_check_passed,standard_core/built_up_beam_columns_and_combined_local_stability.py:web_limit_eq128,tests/test_built_up_beam_columns_and_combined_local_stability.py,V11-SP16-EQ-128,Formula visually transcribed from supplied PDF pages 53-57; no unstated interpolation or default is applied.
SP16-EQ-129,equation,9.4.2,implemented,passed: tests/test_built_up_beam_columns_and_combined_local_stability.py,implementation_self_check_passed,standard_core/built_up_beam_columns_and_combined_local_stability.py:web_limit_eq129,tests/test_built_up_beam_columns_and_combined_local_stability.py,V11-SP16-EQ-129,Formula visually transcribed from supplied PDF pages 53-57; no unstated interpolation or default is applied.
SP16-EQ-130,equation,9.4.2,implemented,passed: tests/test_built_up_beam_columns_and_combined_local_stability.py,implementation_self_check_passed,standard_core/built_up_beam_columns_and_combined_local_stability.py:web_limit_eq130,tests/test_built_up_beam_columns_and_combined_local_stability.py,V11-SP16-EQ-130,Formula visually transcribed from supplied PDF pages 53-57; no unstated interpolation or default is applied.
SP16-EQ-131,equation,9.4.3,implemented,passed: tests/test_built_up_beam_columns_and_combined_local_stability.py,implementation_self_check_passed,standard_core/built_up_beam_columns_and_combined_local_stability.py:web_limit_adjustment_eq131,tests/test_built_up_beam_columns_and_combined_local_stability.py,V11-SP16-EQ-131,Formula visually transcribed from supplied PDF pages 53-57; no unstated interpolation or default is applied.
SP16-EQ-132,equation,9.4.7,implemented,passed: tests/test_built_up_beam_columns_and_combined_local_stability.py,implementation_self_check_passed,standard_core/built_up_beam_columns_and_combined_local_stability.py:flange_limit_eq132,tests/test_built_up_beam_columns_and_combined_local_stability.py,V11-SP16-EQ-132,Formula visually transcribed from supplied PDF pages 53-57; no unstated interpolation or default is applied.
SP16-EQ-133,equation,9.4.7,implemented,passed: tests/test_built_up_beam_columns_and_combined_local_stability.py,implementation_self_check_passed,standard_core/built_up_beam_columns_and_combined_local_stability.py:flange_limit_eq133,tests/test_built_up_beam_columns_and_combined_local_stability.py,V11-SP16-EQ-133,Formula visually transcribed from supplied PDF pages 53-57; no unstated interpolation or default is applied.
SP16-EQ-134,equation,9.4.7,implemented,passed: tests/test_built_up_beam_columns_and_combined_local_stability.py,implementation_self_check_passed,standard_core/built_up_beam_columns_and_combined_local_stability.py:flange_limit_eq134,tests/test_built_up_beam_columns_and_combined_local_stability.py,V11-SP16-EQ-134,Formula visually transcribed from supplied PDF pages 53-57; no unstated interpolation or default is applied.
SP16-EQ-135,equation,9.4.7,implemented,passed: tests/test_built_up_beam_columns_and_combined_local_stability.py,implementation_self_check_passed,standard_core/built_up_beam_columns_and_combined_local_stability.py:flange_limit_eq135,tests/test_built_up_beam_columns_and_combined_local_stability.py,V11-SP16-EQ-135,Formula visually transcribed from supplied PDF pages 53-57; no unstated interpolation or default is applied.
SP16-EQ-136,equation,Section 10 equation (136),implemented,passed,passed,standard_core.effective_lengths_and_limiting_slenderness.truss_chord_effective_length_in_plane_eq136,tests/test_effective_lengths_and_limiting_slenderness.py,V12-EQ-136,Visually transcribed from Section 10 pages 58-70; scalar formula implemented with explicit domain checks and no unstated extrapolation.
SP16-EQ-137,equation,Section 10 equation (137),implemented,passed,passed,standard_core.effective_lengths_and_limiting_slenderness.truss_chord_effective_length_out_of_plane_eq137,tests/test_effective_lengths_and_limiting_slenderness.py,V12-EQ-137,Visually transcribed from Section 10 pages 58-70; scalar formula implemented with explicit domain checks and no unstated extrapolation.
SP16-EQ-138,equation,Section 10 equation (138),implemented,passed,passed,standard_core.effective_lengths_and_limiting_slenderness.built_up_column_branch_effective_length_in_plane_eq138,tests/test_effective_lengths_and_limiting_slenderness.py,V12-EQ-138,Visually transcribed from Section 10 pages 58-70; scalar formula implemented with explicit domain checks and no unstated extrapolation.
SP16-EQ-139,equation,Section 10 equation (139),implemented,passed,passed,standard_core.effective_lengths_and_limiting_slenderness.built_up_column_branch_effective_length_out_of_plane_eq139,tests/test_effective_lengths_and_limiting_slenderness.py,V12-EQ-139,Visually transcribed from Section 10 pages 58-70; scalar formula implemented with explicit domain checks and no unstated extrapolation.
SP16-EQ-140,equation,Section 10 equation (140),implemented,passed,passed,standard_core.effective_lengths_and_limiting_slenderness.column_effective_length_eq140,tests/test_effective_lengths_and_limiting_slenderness.py,V12-EQ-140,Visually transcribed from Section 10 pages 58-70; scalar formula implemented with explicit domain checks and no unstated extrapolation.
SP16-EQ-141,equation,Section 10 equation (141),implemented,passed,passed,standard_core.effective_lengths_and_limiting_slenderness.sway_frame_mu_eq141,tests/test_effective_lengths_and_limiting_slenderness.py,V12-EQ-141,Visually transcribed from Section 10 pages 58-70; scalar formula implemented with explicit domain checks and no unstated extrapolation.
SP16-EQ-142,equation,Section 10 equation (142),implemented,passed,passed,standard_core.effective_lengths_and_limiting_slenderness.sway_frame_mu_eq142,tests/test_effective_lengths_and_limiting_slenderness.py,V12-EQ-142,Visually transcribed from Section 10 pages 58-70; scalar formula implemented with explicit domain checks and no unstated extrapolation.
SP16-EQ-143,equation,Section 10 equation (143),implemented,passed,passed,standard_core.effective_lengths_and_limiting_slenderness.sway_frame_mu_eq143,tests/test_effective_lengths_and_limiting_slenderness.py,V12-EQ-143,Visually transcribed from Section 10 pages 58-70; scalar formula implemented with explicit domain checks and no unstated extrapolation.
SP16-EQ-144,equation,Section 10 equation (144),implemented,passed,passed,standard_core.effective_lengths_and_limiting_slenderness.sway_frame_mu_eq144,tests/test_effective_lengths_and_limiting_slenderness.py,V12-EQ-144,Visually transcribed from Section 10 pages 58-70; scalar formula implemented with explicit domain checks and no unstated extrapolation.
SP16-EQ-145,equation,Section 10 equation (145),implemented,passed,passed,standard_core.effective_lengths_and_limiting_slenderness.nonsway_frame_mu_eq145,tests/test_effective_lengths_and_limiting_slenderness.py,V12-EQ-145,Visually transcribed from Section 10 pages 58-70; scalar formula implemented with explicit domain checks and no unstated extrapolation.
SP16-EQ-146,equation,Section 10 equation (146),implemented,passed,passed,standard_core.effective_lengths_and_limiting_slenderness.nonuniform_sway_frame_effective_length_eq146,tests/test_effective_lengths_and_limiting_slenderness.py,V12-EQ-146,Visually transcribed from Section 10 pages 58-70; scalar formula implemented with explicit domain checks and no unstated extrapolation.
SP16-EQ-147,equation,Section 10 equation (147),implemented,passed,passed,standard_core.effective_lengths_and_limiting_slenderness.frame_deformation_reduction_factor_eq147,tests/test_effective_lengths_and_limiting_slenderness.py,V12-EQ-147,Visually transcribed from Section 10 pages 58-70; scalar formula implemented with explicit domain checks and no unstated extrapolation.
SP16-EQ-148,equation,11.1.1,implemented,passed: tests/test_sheet_structures_strength_and_stability.py,V13-SP16-EQ-148: pass,standard_core.sheet_structures_strength_and_stability.membrane_strength_utilization_eq148,tests/test_sheet_structures_strength_and_stability.py,V13-SP16-EQ-148,Formula visually transcribed from supplied PDF pages 72-77; domain checks and stated interpolation rules are explicit.
SP16-EQ-149,equation,11.1.2,implemented,passed: tests/test_sheet_structures_strength_and_stability.py,V13-SP16-EQ-149: pass,standard_core.sheet_structures_strength_and_stability.meridional_stress_eq149,tests/test_sheet_structures_strength_and_stability.py,V13-SP16-EQ-149,Formula visually transcribed from supplied PDF pages 72-77; domain checks and stated interpolation rules are explicit.
SP16-EQ-150,equation,11.1.2,implemented,passed: tests/test_sheet_structures_strength_and_stability.py,V13-SP16-EQ-150: pass,standard_core.sheet_structures_strength_and_stability.circumferential_stress_eq150,tests/test_sheet_structures_strength_and_stability.py,V13-SP16-EQ-150,Formula visually transcribed from supplied PDF pages 72-77; domain checks and stated interpolation rules are explicit.
SP16-EQ-151,equation,11.1.3,implemented,passed: tests/test_sheet_structures_strength_and_stability.py,V13-SP16-EQ-151: pass,standard_core.sheet_structures_strength_and_stability.cylindrical_internal_pressure_stresses_eq151,tests/test_sheet_structures_strength_and_stability.py,V13-SP16-EQ-151,Formula visually transcribed from supplied PDF pages 72-77; domain checks and stated interpolation rules are explicit.
SP16-EQ-152,equation,11.1.3,implemented,passed: tests/test_sheet_structures_strength_and_stability.py,V13-SP16-EQ-152: pass,standard_core.sheet_structures_strength_and_stability.spherical_internal_pressure_stresses_eq152,tests/test_sheet_structures_strength_and_stability.py,V13-SP16-EQ-152,Formula visually transcribed from supplied PDF pages 72-77; domain checks and stated interpolation rules are explicit.
SP16-EQ-153,equation,11.1.3,implemented,passed: tests/test_sheet_structures_strength_and_stability.py,V13-SP16-EQ-153: pass,standard_core.sheet_structures_strength_and_stability.conical_internal_pressure_stresses_eq153,tests/test_sheet_structures_strength_and_stability.py,V13-SP16-EQ-153,Formula visually transcribed from supplied PDF pages 72-77; domain checks and stated interpolation rules are explicit.
SP16-EQ-154,equation,11.2.1,implemented,passed: tests/test_sheet_structures_strength_and_stability.py,V13-SP16-EQ-154: pass,standard_core.sheet_structures_strength_and_stability.cylindrical_axial_stability_utilization_eq154,tests/test_sheet_structures_strength_and_stability.py,V13-SP16-EQ-154,Formula visually transcribed from supplied PDF pages 72-77; domain checks and stated interpolation rules are explicit.
SP16-EQ-155,equation,11.2.1,implemented,passed: tests/test_sheet_structures_strength_and_stability.py,V13-SP16-EQ-155: pass,standard_core.sheet_structures_strength_and_stability.cylindrical_psi_eq155,tests/test_sheet_structures_strength_and_stability.py,V13-SP16-EQ-155,Formula visually transcribed from supplied PDF pages 72-77; domain checks and stated interpolation rules are explicit.
SP16-EQ-156,equation,11.2.2,implemented,passed: tests/test_sheet_structures_strength_and_stability.py,V13-SP16-EQ-156: pass,standard_core.sheet_structures_strength_and_stability.tube_local_stability_utilization_eq156,tests/test_sheet_structures_strength_and_stability.py,V13-SP16-EQ-156,Formula visually transcribed from supplied PDF pages 72-77; domain checks and stated interpolation rules are explicit.
SP16-EQ-157,equation,11.2.3,implemented,passed: tests/test_sheet_structures_strength_and_stability.py,V13-SP16-EQ-157: pass,standard_core.sheet_structures_strength_and_stability.cylindrical_panel_limit_eq157,tests/test_sheet_structures_strength_and_stability.py,V13-SP16-EQ-157,Formula visually transcribed from supplied PDF pages 72-77; domain checks and stated interpolation rules are explicit.
SP16-EQ-158,equation,11.2.3,implemented,passed: tests/test_sheet_structures_strength_and_stability.py,V13-SP16-EQ-158: pass,standard_core.sheet_structures_strength_and_stability.cylindrical_panel_limit_eq158,tests/test_sheet_structures_strength_and_stability.py,V13-SP16-EQ-158,Formula visually transcribed from supplied PDF pages 72-77; domain checks and stated interpolation rules are explicit.
SP16-EQ-159,equation,11.2.4,implemented,passed: tests/test_sheet_structures_strength_and_stability.py,V13-SP16-EQ-159: pass,standard_core.sheet_structures_strength_and_stability.cylindrical_external_pressure_utilization_eq159,tests/test_sheet_structures_strength_and_stability.py,V13-SP16-EQ-159,Formula visually transcribed from supplied PDF pages 72-77; domain checks and stated interpolation rules are explicit.
SP16-EQ-160,equation,11.2.4,implemented,passed: tests/test_sheet_structures_strength_and_stability.py,V13-SP16-EQ-160: pass,standard_core.sheet_structures_strength_and_stability.cylindrical_external_pressure_critical_stress_eq160,tests/test_sheet_structures_strength_and_stability.py,V13-SP16-EQ-160,Formula visually transcribed from supplied PDF pages 72-77; domain checks and stated interpolation rules are explicit.
SP16-EQ-161,equation,11.2.4,implemented,passed: tests/test_sheet_structures_strength_and_stability.py,V13-SP16-EQ-161: pass,standard_core.sheet_structures_strength_and_stability.cylindrical_external_pressure_critical_stress_eq161,tests/test_sheet_structures_strength_and_stability.py,V13-SP16-EQ-161,Formula visually transcribed from supplied PDF pages 72-77; domain checks and stated interpolation rules are explicit.
SP16-EQ-162,equation,11.2.5,implemented,passed: tests/test_sheet_structures_strength_and_stability.py,V13-SP16-EQ-162: pass,standard_core.sheet_structures_strength_and_stability.cylindrical_combined_stability_utilization_eq162,tests/test_sheet_structures_strength_and_stability.py,V13-SP16-EQ-162,Formula visually transcribed from supplied PDF pages 72-77; domain checks and stated interpolation rules are explicit.
SP16-EQ-163,equation,11.2.6,implemented,passed: tests/test_sheet_structures_strength_and_stability.py,V13-SP16-EQ-163: pass,standard_core.sheet_structures_strength_and_stability.conical_axial_stability_utilization_eq163,tests/test_sheet_structures_strength_and_stability.py,V13-SP16-EQ-163,Formula visually transcribed from supplied PDF pages 72-77; domain checks and stated interpolation rules are explicit.
SP16-EQ-164,equation,11.2.6,implemented,passed: tests/test_sheet_structures_strength_and_stability.py,V13-SP16-EQ-164: pass,standard_core.sheet_structures_strength_and_stability.conical_critical_force_eq164,tests/test_sheet_structures_strength_and_stability.py,V13-SP16-EQ-164,Formula visually transcribed from supplied PDF pages 72-77; domain checks and stated interpolation rules are explicit.
SP16-EQ-165,equation,11.2.6,implemented,passed: tests/test_sheet_structures_strength_and_stability.py,V13-SP16-EQ-165: pass,standard_core.sheet_structures_strength_and_stability.conical_equivalent_radius_eq165,tests/test_sheet_structures_strength_and_stability.py,V13-SP16-EQ-165,Formula visually transcribed from supplied PDF pages 72-77; domain checks and stated interpolation rules are explicit.
SP16-EQ-166,equation,11.2.7,implemented,passed: tests/test_sheet_structures_strength_and_stability.py,V13-SP16-EQ-166: pass,standard_core.sheet_structures_strength_and_stability.conical_external_pressure_utilization_eq166,tests/test_sheet_structures_strength_and_stability.py,V13-SP16-EQ-166,Formula visually transcribed from supplied PDF pages 72-77; domain checks and stated interpolation rules are explicit.
SP16-EQ-167,equation,11.2.7,implemented,passed: tests/test_sheet_structures_strength_and_stability.py,V13-SP16-EQ-167: pass,standard_core.sheet_structures_strength_and_stability.conical_external_pressure_critical_stress_eq167,tests/test_sheet_structures_strength_and_stability.py,V13-SP16-EQ-167,Formula visually transcribed from supplied PDF pages 72-77; domain checks and stated interpolation rules are explicit.
SP16-EQ-168,equation,11.2.8,implemented,passed: tests/test_sheet_structures_strength_and_stability.py,V13-SP16-EQ-168: pass,standard_core.sheet_structures_strength_and_stability.conical_combined_stability_utilization_eq168,tests/test_sheet_structures_strength_and_stability.py,V13-SP16-EQ-168,Formula visually transcribed from supplied PDF pages 72-77; domain checks and stated interpolation rules are explicit.
SP16-EQ-169,equation,11.2.9,implemented,passed: tests/test_sheet_structures_strength_and_stability.py,V13-SP16-EQ-169: pass,standard_core.sheet_structures_strength_and_stability.spherical_external_pressure_utilization_eq169,tests/test_sheet_structures_strength_and_stability.py,V13-SP16-EQ-169,Formula visually transcribed from supplied PDF pages 72-77; domain checks and stated interpolation rules are explicit.
SP16-EQ-170,equation,12.1.2,implemented,passed: tests/test_fatigue_design.py,V14-SP16-EQ-170: pass,standard_core/fatigue_design.py:fatigue_utilization_eq170,tests/test_fatigue_design.py,V14-SP16-EQ-170,Visually transcribed from Section 12 pages 77-79; assumptions and boundaries are explicit.
SP16-EQ-171,equation,12.1.2,implemented,passed: tests/test_fatigue_design.py,V14-SP16-EQ-171: pass,standard_core/fatigue_design.py:cycle_factor_group_1_2_eq171,tests/test_fatigue_design.py,V14-SP16-EQ-171,Visually transcribed from Section 12 pages 77-79; assumptions and boundaries are explicit.
SP16-EQ-172,equation,12.1.2,implemented,passed: tests/test_fatigue_design.py,V14-SP16-EQ-172: pass,standard_core/fatigue_design.py:cycle_factor_group_3_8_eq172,tests/test_fatigue_design.py,V14-SP16-EQ-172,Visually transcribed from Section 12 pages 77-79; assumptions and boundaries are explicit.
SP16-EQ-173,equation,12.2,implemented,passed: tests/test_fatigue_design.py,V14-SP16-EQ-173: pass,standard_core/fatigue_design.py:crane_runway_web_fatigue_utilization_eq173,tests/test_fatigue_design.py,V14-SP16-EQ-173,Visually transcribed from Section 12 pages 77-79; assumptions and boundaries are explicit.
SP16-EQ-174,equation,13.5,implemented,passed: tests/test_brittle_fracture_and_welded_connections.py,V15-EQ174: pass,standard_core.brittle_fracture_and_welded_connections.lamellar_tearing_risk_sum_eq174,tests/test_brittle_fracture_and_welded_connections.py,V15-EQ174,"Formula visually transcribed from supplied PDF pages 81-90; sign, boundary, and unit conventions are explicit and no missing coefficient is invented."
SP16-EQ-175,equation,14.1.14,implemented,passed: tests/test_brittle_fracture_and_welded_connections.py,V15-EQ175: pass,standard_core.brittle_fracture_and_welded_connections.butt_weld_axial_utilization_eq175,tests/test_brittle_fracture_and_welded_connections.py,V15-EQ175,"Formula visually transcribed from supplied PDF pages 81-90; sign, boundary, and unit conventions are explicit and no missing coefficient is invented."
SP16-EQ-176,equation,14.1.16,implemented,passed: tests/test_brittle_fracture_and_welded_connections.py,V15-EQ176: pass,standard_core.brittle_fracture_and_welded_connections.fillet_weld_axial_metal_utilization_eq176,tests/test_brittle_fracture_and_welded_connections.py,V15-EQ176,"Formula visually transcribed from supplied PDF pages 81-90; sign, boundary, and unit conventions are explicit and no missing coefficient is invented."
SP16-EQ-177,equation,14.1.16,implemented,passed: tests/test_brittle_fracture_and_welded_connections.py,V15-EQ177: pass,standard_core.brittle_fracture_and_welded_connections.fillet_weld_axial_fusion_utilization_eq177,tests/test_brittle_fracture_and_welded_connections.py,V15-EQ177,"Formula visually transcribed from supplied PDF pages 81-90; sign, boundary, and unit conventions are explicit and no missing coefficient is invented."
SP16-EQ-178,equation,14.1.17,implemented,passed: tests/test_brittle_fracture_and_welded_connections.py,V15-EQ178: pass,standard_core.brittle_fracture_and_welded_connections.fillet_weld_out_of_plane_moment_metal_utilization_eq178,tests/test_brittle_fracture_and_welded_connections.py,V15-EQ178,"Formula visually transcribed from supplied PDF pages 81-90; sign, boundary, and unit conventions are explicit and no missing coefficient is invented."
SP16-EQ-179,equation,14.1.17,implemented,passed: tests/test_brittle_fracture_and_welded_connections.py,V15-EQ179: pass,standard_core.brittle_fracture_and_welded_connections.fillet_weld_out_of_plane_moment_fusion_utilization_eq179,tests/test_brittle_fracture_and_welded_connections.py,V15-EQ179,"Formula visually transcribed from supplied PDF pages 81-90; sign, boundary, and unit conventions are explicit and no missing coefficient is invented."
SP16-EQ-180,equation,14.1.18,implemented,passed: tests/test_brittle_fracture_and_welded_connections.py,V15-EQ180: pass,standard_core.brittle_fracture_and_welded_connections.fillet_weld_in_plane_moment_metal_utilization_eq180,tests/test_brittle_fracture_and_welded_connections.py,V15-EQ180,"Formula visually transcribed from supplied PDF pages 81-90; sign, boundary, and unit conventions are explicit and no missing coefficient is invented."
SP16-EQ-181,equation,14.1.18,implemented,passed: tests/test_brittle_fracture_and_welded_connections.py,V15-EQ181: pass,standard_core.brittle_fracture_and_welded_connections.fillet_weld_in_plane_moment_fusion_utilization_eq181,tests/test_brittle_fracture_and_welded_connections.py,V15-EQ181,"Formula visually transcribed from supplied PDF pages 81-90; sign, boundary, and unit conventions are explicit and no missing coefficient is invented."
SP16-EQ-182,equation,14.1.19,implemented,passed: tests/test_brittle_fracture_and_welded_connections.py,V15-EQ182: pass,standard_core.brittle_fracture_and_welded_connections.combined_fillet_weld_utilizations_eq182,tests/test_brittle_fracture_and_welded_connections.py,V15-EQ182,"Formula visually transcribed from supplied PDF pages 81-90; sign, boundary, and unit conventions are explicit and no missing coefficient is invented."
SP16-EQ-183,equation,14.1.19,implemented,passed: tests/test_brittle_fracture_and_welded_connections.py,V15-EQ183: pass,standard_core.brittle_fracture_and_welded_connections.resultant_shear_stress_eq183,tests/test_brittle_fracture_and_welded_connections.py,V15-EQ183,"Formula visually transcribed from supplied PDF pages 81-90; sign, boundary, and unit conventions are explicit and no missing coefficient is invented."
SP16-EQ-184,equation,14.1.20,implemented,passed: tests/test_brittle_fracture_and_welded_connections.py,V15-EQ184: pass,standard_core.brittle_fracture_and_welded_connections.spot_weld_shear_capacity_eq184,tests/test_brittle_fracture_and_welded_connections.py,V15-EQ184,"Formula visually transcribed from supplied PDF pages 81-90; sign, boundary, and unit conventions are explicit and no missing coefficient is invented."
SP16-EQ-185,equation,14.1.20,implemented,passed: tests/test_brittle_fracture_and_welded_connections.py,V15-EQ185: pass,standard_core.brittle_fracture_and_welded_connections.spot_weld_tearout_capacity_eq185,tests/test_brittle_fracture_and_welded_connections.py,V15-EQ185,"Formula visually transcribed from supplied PDF pages 81-90; sign, boundary, and unit conventions are explicit and no missing coefficient is invented."
SP16-EQ-186,equation,14.2.9,implemented,tests/test_bolted_and_friction_connections.py,implementation_self_check_passed,standard_core.bolted_and_friction_connections.bolt_shear_capacity_eq186,tests/test_bolted_and_friction_connections.py,V16-EQ186,Formula visually verified against PDF pages 92-95; no complete worked example identified.
SP16-EQ-187,equation,14.2.9,implemented,tests/test_bolted_and_friction_connections.py,implementation_self_check_passed,standard_core.bolted_and_friction_connections.bolt_bearing_capacity_eq187,tests/test_bolted_and_friction_connections.py,V16-EQ187,Formula visually verified against PDF pages 92-95; no complete worked example identified.
SP16-EQ-188,equation,14.2.9,implemented,tests/test_bolted_and_friction_connections.py,implementation_self_check_passed,standard_core.bolted_and_friction_connections.bolt_tension_capacity_eq188,tests/test_bolted_and_friction_connections.py,V16-EQ188,Formula visually verified against PDF pages 92-95; no complete worked example identified.
SP16-EQ-189,equation,14.2.10,implemented,tests/test_bolted_and_friction_connections.py,implementation_self_check_passed,standard_core.bolted_and_friction_connections.required_bolt_count_eq189,tests/test_bolted_and_friction_connections.py,V16-EQ189,Formula visually verified against PDF pages 92-95; no complete worked example identified.
SP16-EQ-190,equation,14.2.13,implemented,tests/test_bolted_and_friction_connections.py,implementation_self_check_passed,standard_core.bolted_and_friction_connections.bolt_shear_tension_interaction_eq190,tests/test_bolted_and_friction_connections.py,V16-EQ190,Formula visually verified against PDF pages 92-95; no complete worked example identified.
SP16-EQ-191,equation,14.3.3,implemented,tests/test_bolted_and_friction_connections.py,implementation_self_check_passed,standard_core.bolted_and_friction_connections.friction_plane_capacity_eq191,tests/test_bolted_and_friction_connections.py,V16-EQ191,Formula visually verified against PDF pages 92-95; no complete worked example identified.
SP16-EQ-192,equation,14.3.4,implemented,tests/test_bolted_and_friction_connections.py,implementation_self_check_passed,standard_core.bolted_and_friction_connections.required_friction_bolt_count_eq192,tests/test_bolted_and_friction_connections.py,V16-EQ192,Formula visually verified against PDF pages 92-95; no complete worked example identified.
SP16-EQ-193,equation,14.4.1 equation (193),implemented,passed: tests/test_built_up_beam_flange_connections.py,implementation_self_check_passed,standard_core/built_up_beam_flange_connections.py:stationary_weld_metal_utilization_eq193,tests/test_built_up_beam_flange_connections.py,V17-SP16-EQ-193,Formula visually transcribed from supplied PDF page 96; symbols and routing definitions checked against page 97.
SP16-EQ-194,equation,14.4.1 equation (194),implemented,passed: tests/test_built_up_beam_flange_connections.py,implementation_self_check_passed,standard_core/built_up_beam_flange_connections.py:stationary_fusion_boundary_utilization_eq194,tests/test_built_up_beam_flange_connections.py,V17-SP16-EQ-194,Formula visually transcribed from supplied PDF page 96; symbols and routing definitions checked against page 97.
SP16-EQ-195,equation,14.4.1 equation (195),implemented,passed: tests/test_built_up_beam_flange_connections.py,implementation_self_check_passed,standard_core/built_up_beam_flange_connections.py:stationary_friction_utilization_eq195,tests/test_built_up_beam_flange_connections.py,V17-SP16-EQ-195,Formula visually transcribed from supplied PDF page 96; symbols and routing definitions checked against page 97.
SP16-EQ-196,equation,14.4.1 equation (196),implemented,passed: tests/test_built_up_beam_flange_connections.py,implementation_self_check_passed,standard_core/built_up_beam_flange_connections.py:moving_weld_metal_utilization_eq196,tests/test_built_up_beam_flange_connections.py,V17-SP16-EQ-196,Formula visually transcribed from supplied PDF page 96; symbols and routing definitions checked against page 97.
SP16-EQ-197,equation,14.4.1 equation (197),implemented,passed: tests/test_built_up_beam_flange_connections.py,implementation_self_check_passed,standard_core/built_up_beam_flange_connections.py:moving_fusion_boundary_utilization_eq197,tests/test_built_up_beam_flange_connections.py,V17-SP16-EQ-197,Formula visually transcribed from supplied PDF page 96; symbols and routing definitions checked against page 97.
SP16-EQ-198,equation,14.4.1 equation (198),implemented,passed: tests/test_built_up_beam_flange_connections.py,implementation_self_check_passed,standard_core/built_up_beam_flange_connections.py:moving_friction_utilization_eq198,tests/test_built_up_beam_flange_connections.py,V17-SP16-EQ-198,Formula visually transcribed from supplied PDF page 96; symbols and routing definitions checked against page 97.
SP16-EQ-199,equation,15.12.2,implemented,passed: tests/test_structural_detailing_and_support_bearings.py,V18-SP16-EQ-199: pass,standard_core/structural_detailing_and_support_bearings.py:cylindrical_hinge_local_bearing_utilization_eq199,tests/test_structural_detailing_and_support_bearings.py,V18-SP16-EQ-199,Visually verified on supplied PDF page 108. Printed factor 1.25 and contact-angle applicability >=90 degrees are preserved.
SP16-EQ-200,equation,15.12.3,implemented,passed: tests/test_structural_detailing_and_support_bearings.py,V18-SP16-EQ-200: pass,standard_core/structural_detailing_and_support_bearings.py:roller_diametral_compression_utilization_eq200,tests/test_structural_detailing_and_support_bearings.py,V18-SP16-EQ-200,Visually verified on supplied PDF page 108. No unstated load-distribution coefficient is introduced.
SP16-EQ-201,equation,16.5,implemented,passed: tests/test_overhead_line_and_switchyard_supports.py,V19-SP16-EQ-201: pass,standard_core.overhead_line_and_switchyard_supports.maximum_slenderness_eq201,tests/test_overhead_line_and_switchyard_supports.py,V19-SP16-EQ-201,Formula visually transcribed from Section 16 and implemented with explicit domain checks; no complete normative worked example was identified.
SP16-EQ-202,equation,16.5,implemented,passed: tests/test_overhead_line_and_switchyard_supports.py,V19-SP16-EQ-202: pass,standard_core.overhead_line_and_switchyard_supports.maximum_slenderness_eq202,tests/test_overhead_line_and_switchyard_supports.py,V19-SP16-EQ-202,Formula visually transcribed from Section 16 and implemented with explicit domain checks; no complete normative worked example was identified.
SP16-EQ-203,equation,16.5,implemented,passed: tests/test_overhead_line_and_switchyard_supports.py,V19-SP16-EQ-203: pass,standard_core.overhead_line_and_switchyard_supports.maximum_slenderness_eq203,tests/test_overhead_line_and_switchyard_supports.py,V19-SP16-EQ-203,Formula visually transcribed from Section 16 and implemented with explicit domain checks; no complete normative worked example was identified.
SP16-EQ-204,equation,16.6,implemented,passed: tests/test_overhead_line_and_switchyard_supports.py,V19-SP16-EQ-204: pass,standard_core.overhead_line_and_switchyard_supports.relative_eccentricity_eq204,tests/test_overhead_line_and_switchyard_supports.py,V19-SP16-EQ-204,Formula visually transcribed from Section 16 and implemented with explicit domain checks; no complete normative worked example was identified.
SP16-EQ-205,equation,16.6,implemented,passed: tests/test_overhead_line_and_switchyard_supports.py,V19-SP16-EQ-205: pass,standard_core.overhead_line_and_switchyard_supports.relative_eccentricity_eq205,tests/test_overhead_line_and_switchyard_supports.py,V19-SP16-EQ-205,Formula visually transcribed from Section 16 and implemented with explicit domain checks; no complete normative worked example was identified.
SP16-EQ-206,equation,16.8,implemented,passed: tests/test_overhead_line_and_switchyard_supports.py,V19-SP16-EQ-206: pass,standard_core.overhead_line_and_switchyard_supports.guyed_rectangular_moment_eq206,tests/test_overhead_line_and_switchyard_supports.py,V19-SP16-EQ-206,Formula visually transcribed from Section 16 and implemented with explicit domain checks; no complete normative worked example was identified.
SP16-EQ-207,equation,16.9,implemented,passed: tests/test_overhead_line_and_switchyard_supports.py,V19-SP16-EQ-207: pass,standard_core.overhead_line_and_switchyard_supports.guyed_rectangular_shear_eq207,tests/test_overhead_line_and_switchyard_supports.py,V19-SP16-EQ-207,Formula visually transcribed from Section 16 and implemented with explicit domain checks; no complete normative worked example was identified.
SP16-EQ-208,equation,16.10,implemented,passed: tests/test_overhead_line_and_switchyard_supports.py,V19-SP16-EQ-208: pass,standard_core.overhead_line_and_switchyard_supports.triangular_additional_chord_force_eq208,tests/test_overhead_line_and_switchyard_supports.py,V19-SP16-EQ-208,Formula visually transcribed from Section 16 and implemented with explicit domain checks; no complete normative worked example was identified.
SP16-EQ-209,equation,16.12,implemented,passed: tests/test_overhead_line_and_switchyard_supports.py,V19-SP16-EQ-209: pass,standard_core.overhead_line_and_switchyard_supports.bolted_angle_chord_factor_eq209,tests/test_overhead_line_and_switchyard_supports.py,V19-SP16-EQ-209,Formula visually transcribed from Section 16 and implemented with explicit domain checks; no complete normative worked example was identified.
SP16-EQ-210,equation,16.12,implemented,passed: tests/test_overhead_line_and_switchyard_supports.py,V19-SP16-EQ-210: pass,standard_core.overhead_line_and_switchyard_supports.bolted_angle_chord_factor_eq210,tests/test_overhead_line_and_switchyard_supports.py,V19-SP16-EQ-210,Formula visually transcribed from Section 16 and implemented with explicit domain checks; no complete normative worked example was identified.
SP16-EQ-211,equation,16.12,implemented,passed: tests/test_overhead_line_and_switchyard_supports.py,V19-SP16-EQ-211: pass,standard_core.overhead_line_and_switchyard_supports.bolted_angle_brace_factor_eq211,tests/test_overhead_line_and_switchyard_supports.py,V19-SP16-EQ-211,Formula visually transcribed from Section 16 and implemented with explicit domain checks; no complete normative worked example was identified.
SP16-EQ-212,equation,16.12,implemented,passed: tests/test_overhead_line_and_switchyard_supports.py,V19-SP16-EQ-212: pass,standard_core.overhead_line_and_switchyard_supports.bolted_angle_brace_factor_eq212,tests/test_overhead_line_and_switchyard_supports.py,V19-SP16-EQ-212,Formula visually transcribed from Section 16 and implemented with explicit domain checks; no complete normative worked example was identified.
SP16-EQ-213,equation,16.20,implemented,passed: tests/test_overhead_line_and_switchyard_supports.py,V19-SP16-EQ-213: pass,standard_core.overhead_line_and_switchyard_supports.polygonal_tube_wall_stability_utilization_eq213,tests/test_overhead_line_and_switchyard_supports.py,V19-SP16-EQ-213,Formula visually transcribed from Section 16 and implemented with explicit domain checks; no complete normative worked example was identified.
SP16-EQ-214,equation,16.20,implemented,passed: tests/test_overhead_line_and_switchyard_supports.py,V19-SP16-EQ-214: pass,standard_core.overhead_line_and_switchyard_supports.polygonal_tube_critical_stress_eq214,tests/test_overhead_line_and_switchyard_supports.py,V19-SP16-EQ-214,Formula visually transcribed from Section 16 and implemented with explicit domain checks; no complete normative worked example was identified.
SP16-EQ-215,equation,17.16,implemented,normal_boundary_unit_sign_tested,implementation_self_check_passed_no_standard_worked_example,standard_core.antenna_structures.vibration_damper_distance_eq215,tests/test_antenna_structures.py,V20-SP16-EQ-215,Formula visually verified on supplied PDF page 117; printed coefficient 0.41e-3 and square-root structure retained exactly.
SP16-EQ-216,equation,18.3.13,implemented,passed: tests/test_reconstruction_assessment.py,V21-SP16-EQ-216: pass,standard_core/reconstruction_assessment.py:symmetric_compression_strength_utilization_eq216,tests/test_reconstruction_assessment.py,V21-SP16-EQ-216,"Formula visually verified against supplied PDF pages 122-125; symbol mapping, sign convention, applicability and external inputs are documented."
SP16-EQ-217,equation,18.3.13,implemented,passed: tests/test_reconstruction_assessment.py,V21-SP16-EQ-217: pass,standard_core/reconstruction_assessment.py:asymmetric_strength_utilization_eq217,tests/test_reconstruction_assessment.py,V21-SP16-EQ-217,"Formula visually verified against supplied PDF pages 122-125; symbol mapping, sign convention, applicability and external inputs are documented."
SP16-EQ-218,equation,18.3.14,implemented,passed: tests/test_reconstruction_assessment.py,V21-SP16-EQ-218: pass,standard_core/reconstruction_assessment.py:strengthened_member_stability_utilization_eq218,tests/test_reconstruction_assessment.py,V21-SP16-EQ-218,"Formula visually verified against supplied PDF pages 122-125; symbol mapping, sign convention, applicability and external inputs are documented."
SP16-EQ-219,equation,18.3.14,implemented,passed: tests/test_reconstruction_assessment.py,V21-SP16-EQ-219: pass,standard_core/reconstruction_assessment.py:reduced_relative_eccentricity_eq219,tests/test_reconstruction_assessment.py,V21-SP16-EQ-219,"Formula visually verified against supplied PDF pages 122-125; symbol mapping, sign convention, applicability and external inputs are documented."
SP16-EQ-220,equation,18.3.14,implemented,passed: tests/test_reconstruction_assessment.py,V21-SP16-EQ-220: pass,standard_core/reconstruction_assessment.py:equivalent_eccentricity_eq220,tests/test_reconstruction_assessment.py,V21-SP16-EQ-220,"Formula visually verified against supplied PDF pages 122-125; symbol mapping, sign convention, applicability and external inputs are documented."
SP16-EQ-221,equation,18.3.14,implemented,passed: tests/test_reconstruction_assessment.py,V21-SP16-EQ-221: pass,standard_core/reconstruction_assessment.py:post_strengthening_initial_deflection_eq221,tests/test_reconstruction_assessment.py,V21-SP16-EQ-221,"Formula visually verified against supplied PDF pages 122-125; symbol mapping, sign convention, applicability and external inputs are documented."
SP16-EQ-222,equation,18.3.14,implemented,passed: tests/test_reconstruction_assessment.py,V21-SP16-EQ-222: pass,standard_core/reconstruction_assessment.py:welding_residual_deflection_eq222,tests/test_reconstruction_assessment.py,V21-SP16-EQ-222,"Formula visually verified against supplied PDF pages 122-125; symbol mapping, sign convention, applicability and external inputs are documented."
SP16-EQ-223,equation,18.3.15,implemented,passed: tests/test_reconstruction_assessment.py,V21-SP16-EQ-223: pass,standard_core/reconstruction_assessment.py:effective_design_resistance_eq223,tests/test_reconstruction_assessment.py,V21-SP16-EQ-223,"Formula visually verified against supplied PDF pages 122-125; symbol mapping, sign convention, applicability and external inputs are documented."
SP16-EQ-224,equation,18.3.15,implemented,passed: tests/test_reconstruction_assessment.py,V21-SP16-EQ-224: pass,standard_core/reconstruction_assessment.py:composite_resistance_factor_eq224,tests/test_reconstruction_assessment.py,V21-SP16-EQ-224,"Formula visually verified against supplied PDF pages 122-125; symbol mapping, sign convention, applicability and external inputs are documented."
SP16-EQ-Ж-001,equation,Ж.2,implemented,normal_boundary_unit_sign_tested,implementation_self_check_passed_no_standard_worked_example,standard_core/crane_runway_and_bending_stability.py:annex_zh_phi_b_eq_zh1,tests/test_crane_runway_and_bending_stability.py,V11-SP16-EQ-Ж-001,Visually verified against supplied PDF page 164; added to the equation inventory in v0.7 because the initial inventory counted only main-text equations.
SP16-EQ-Ж-002,equation,Ж.2,implemented,normal_boundary_unit_sign_tested,implementation_self_check_passed_no_standard_worked_example,standard_core/crane_runway_and_bending_stability.py:annex_zh_phi_b_eq_zh2,tests/test_crane_runway_and_bending_stability.py,V11-SP16-EQ-Ж-002,Visually verified against supplied PDF page 164; added to the equation inventory in v0.7 because the initial inventory counted only main-text equations.
SP16-EQ-Ж-003,equation,Ж.2,implemented,normal_boundary_unit_sign_tested,implementation_self_check_passed_no_standard_worked_example,standard_core/crane_runway_and_bending_stability.py:annex_zh_phi1_eq_zh3,tests/test_crane_runway_and_bending_stability.py,V11-SP16-EQ-Ж-003,Visually verified against supplied PDF page 164; added to the equation inventory in v0.7 because the initial inventory counted only main-text equations.
SP16-EQ-Ж-004,equation,Ж.3,implemented,normal_boundary_unit_sign_tested,implementation_self_check_passed_no_standard_worked_example,standard_core/crane_runway_and_bending_stability.py:annex_zh_alpha_rolled_eq_zh4,tests/test_crane_runway_and_bending_stability.py,V11-SP16-EQ-Ж-004,Visually verified against supplied PDF page 164; added to the equation inventory in v0.7 because the initial inventory counted only main-text equations.
SP16-EQ-Ж-005,equation,Ж.3,implemented,normal_boundary_unit_sign_tested,implementation_self_check_passed_no_standard_worked_example,standard_core/crane_runway_and_bending_stability.py:annex_zh_alpha_built_up_eq_zh5,tests/test_crane_runway_and_bending_stability.py,V11-SP16-EQ-Ж-005,Visually verified against supplied PDF page 164; added to the equation inventory in v0.7 because the initial inventory counted only main-text equations.
SP16-EQ-Ж-006,equation,Ж.4,implemented,normal_boundary_unit_sign_tested,implementation_self_check_passed_no_standard_worked_example,standard_core/crane_runway_and_bending_stability.py:annex_zh_monosymmetric_phi1_eq_zh6,tests/test_crane_runway_and_bending_stability.py,V11-SP16-EQ-Ж-006,Visually verified against supplied PDF page 165; added to the equation inventory in v0.7 because the initial inventory counted only main-text equations.
SP16-EQ-Ж-007,equation,Ж.4,implemented,normal_boundary_unit_sign_tested,implementation_self_check_passed_no_standard_worked_example,standard_core/crane_runway_and_bending_stability.py:annex_zh_monosymmetric_phi2_eq_zh7,tests/test_crane_runway_and_bending_stability.py,V11-SP16-EQ-Ж-007,Visually verified against supplied PDF page 165; added to the equation inventory in v0.7 because the initial inventory counted only main-text equations.
SP16-EQ-Ж-008,equation,Ж.4,implemented,normal_boundary_unit_sign_tested,implementation_self_check_passed_no_standard_worked_example,standard_core/crane_runway_and_bending_stability.py:annex_zh_flange_inertia_ratio_n_eq_zh8,tests/test_crane_runway_and_bending_stability.py,V11-SP16-EQ-Ж-008,Visually verified against supplied PDF page 165; added to the equation inventory in v0.7 because the initial inventory counted only main-text equations.
SP16-EQ-Ж-009,equation,Ж.4,implemented,normal_boundary_unit_sign_tested,implementation_self_check_passed_no_standard_worked_example,standard_core/crane_runway_and_bending_stability.py:annex_zh_psi_a_eq_zh9,tests/test_crane_runway_and_bending_stability.py,V11-SP16-EQ-Ж-009,Visually verified against supplied PDF page 165; added to the equation inventory in v0.7 because the initial inventory counted only main-text equations.
SP16-EQ-Ж-010,equation,Ж.5,implemented,normal_boundary_unit_sign_tested,implementation_self_check_passed_no_standard_worked_example,standard_core/crane_runway_and_bending_stability.py:annex_zh_delta_eq_zh10,tests/test_crane_runway_and_bending_stability.py,V11-SP16-EQ-Ж-010,Visually verified against supplied PDF page 168; added to the equation inventory in v0.7 because the initial inventory counted only main-text equations.
SP16-EQ-Ж-011,equation,Ж.5,implemented,normal_boundary_unit_sign_tested,implementation_self_check_passed_no_standard_worked_example,standard_core/crane_runway_and_bending_stability.py:annex_zh_mu_eq_zh11,tests/test_crane_runway_and_bending_stability.py,V11-SP16-EQ-Ж-011,Visually verified against supplied PDF page 168; added to the equation inventory in v0.7 because the initial inventory counted only main-text equations.
SP16-EQ-Ж-012,equation,Ж.5,implemented,normal_boundary_unit_sign_tested,implementation_self_check_passed_no_standard_worked_example,standard_core/crane_runway_and_bending_stability.py:annex_zh_beta_eq_zh12,tests/test_crane_runway_and_bending_stability.py,V11-SP16-EQ-Ж-012,Visually verified against supplied PDF page 168; added to the equation inventory in v0.7 because the initial inventory counted only main-text equations.
SP16-EQ-Ж-013,equation,Ж.5,implemented,normal_boundary_unit_sign_tested,implementation_self_check_passed_no_standard_worked_example,standard_core/crane_runway_and_bending_stability.py:annex_zh_eta_eq_zh13,tests/test_crane_runway_and_bending_stability.py,V11-SP16-EQ-Ж-013,Visually verified against supplied PDF page 168; added to the equation inventory in v0.7 because the initial inventory counted only main-text equations.
SP16-EQ-Д-001,equation,Приложение Д,implemented,passed: tests/test_beam_column_stability.py,implementation_self_check_passed,standard_core/beam_column_stability.py:annex_d_open_section_cmax_eq_d1,tests/test_beam_column_stability.py,V11-SP16-EQ-Д-001,Annex D formula visually transcribed; no unstated default or interpolation is applied.
SP16-EQ-Д-002,equation,Приложение Д,implemented,passed: tests/test_beam_column_stability.py,implementation_self_check_passed,standard_core/beam_column_stability.py:annex_d_open_section_parameters_eq_d2,tests/test_beam_column_stability.py,V11-SP16-EQ-Д-002,Annex D formula visually transcribed; no unstated default or interpolation is applied.
SP16-EQ-Д-004,equation,Приложение Д,implemented,passed: tests/test_beam_column_stability.py,implementation_self_check_passed,standard_core/beam_column_stability.py:annex_d_continuous_bracing_cmax_eq_d4,tests/test_beam_column_stability.py,V11-SP16-EQ-Д-004,Annex D formula visually transcribed; no unstated default or interpolation is applied.
SP16-TBL-1,table,4.3.2,implemented_as_data,tested,,data/table_1_working_condition_factors.json; standard_core.general_requirements.table_1_working_condition_factor,tests/test_final_annex_and_release_consolidation.py,,"Fully transcribed as exact categorical data, including Note 5 default gamma_c=1. No automatic case classification or factor combination is inferred."
SP16-TBL-2,table,6.1,implemented_as_data,existence_lookup_value_consistency_tested,,data/table_2_resistance_formulas.json; standard_core/material_resistance.py,tests/test_material_resistance.py,CORE-TBL-2,Formula coefficients visually transcribed from PDF page 11 into data/table_2_resistance_formulas.json and exposed through audited functions.
SP16-TBL-3,table,6.1,implemented_as_data,existence_lookup_value_consistency_tested,,data/table_3_material_safety_factors.json; standard_core/material_resistance.py,tests/test_material_resistance.py,CORE-TBL-3,Four gamma_m categories visually transcribed from PDF page 11. Category selection remains explicit and is never inferred.
SP16-TBL-4,table,6.4,implemented_as_data,existence_lookup_value_consistency_tested,,data/table_4_weld_resistance_formulas.json; standard_core/material_resistance.py,tests/test_material_resistance.py,CORE-TBL-4,Weld resistance formulas visually transcribed from PDF page 12. The interval 490 < Rwun < 590 for gamma_wm is not specified and is not interpolated.
SP16-TBL-5,table,6.5,implemented_as_data,existence_lookup_value_consistency_tested,,data/table_5_bolt_resistance_factors.json; standard_core/material_resistance.py,tests/test_material_resistance.py,CORE-TBL-5,Bolt-class factors and bearing factors visually transcribed from PDF page 13; bearing applicability is enforced at yield strength <= 450 N/mm2.
SP16-TBL-6,table,7.1.2,implemented_as_data,existence_lookup_value_consistency_and_no_interpolation_tests_passed,,data/table_6_single_angle_coefficients.json; standard_core.axial_members.table_6_angle_coefficients,tests/test_axial_members.py,AXIAL-TBL-006,Discrete coefficients and footnote applicability visually extracted from PDF page 14; no interpolation or extrapolation.
SP16-TBL-7,table,7.1.3,implemented_as_data,existence_lookup_value_consistency_and_type_rejection_tests_passed,,data/table_7_section_type_coefficients.json; standard_core.axial_members.table_7_section_coefficients,tests/test_axial_members.py,AXIAL-TBL-007,Alpha/beta values and classification notes visually extracted from PDF pages 15-16. Arbitrary geometry is not auto-classified.
SP16-TBL-8,table,7.2.2-7.2.5,implemented_as_data,existence_formula_catalog_and_six_equation_consistency_tests_passed,,data/table_8_built_up_effective_slenderness.json; standard_core/built_up_axial_members.py,tests/test_built_up_axial_members.py,BUILTUP-TBL-008,"All six formula cells, coefficient definitions, symbol notes, and the type-1 note were visually verified on PDF pages 18-19."
SP16-TBL-9,table,7.3.2,implemented_as_data,existence_lookup_branch_cap_and_value_consistency_tests_passed,,data/table_9_wall_slenderness_limits.json; standard_core/local_stability.py,tests/test_local_stability.py,LOCAL-TBL-009,"Four diagram groups, seven numbered formulas, branch conditions, caps, ratio limits, and notes transcribed from PDF pages 22-23."
SP16-TBL-10,table,7.3.8-7.3.9,implemented_as_data,existence_lookup_boundary_multiplier_and_value_consistency_tests_passed,,data/table_10_flange_slenderness_limits.json; standard_core/local_stability.py,tests/test_local_stability.py,LOCAL-TBL-010,"Four diagram groups, formulas (37)-(40), member-slenderness boundary substitution, and edge-stiffener multipliers transcribed from PDF pages 25-26."
SP16-TBL-10а,table,8.2.3,implemented_as_data,existence_exact_lookup_interpolation_boundary_and_value_consistency_tests_passed,,data/table_10a_constrained_torsion_coefficients.json; standard_core/bending_members.py,tests/test_bending_members.py,BEND-TBL-10A,All 11 printed nodes and the stated linear-interpolation procedure transcribed from PDF page 30; extrapolation is rejected.
SP16-TBL-11,table,8.4.4,implemented_as_data,existence_lookup_value_consistency_tested,,data/table_11_lateral_torsional_slenderness_limits.json,tests/test_crane_runway_and_bending_stability.py,V07-SP16-TBL-11,Visually transcribed into data/table_11_lateral_torsional_slenderness_limits.json and exposed through audited lookup/calculation functions in v0.7.
SP16-TBL-12,table,8.5.4,implemented_as_data,existence_lookup_value_consistency_tested,,data/table_12_web_buckling_c_cr.json,tests/test_crane_runway_and_bending_stability.py,V07-SP16-TBL-12,Visually transcribed into data/table_12_web_buckling_c_cr.json and exposed through audited lookup/calculation functions in v0.7.
SP16-TBL-13,table,8.5.4,implemented_as_data,existence_lookup_value_consistency_tested,,data/table_13_compressed_flange_beta.json,tests/test_crane_runway_and_bending_stability.py,V07-SP16-TBL-13,Visually transcribed into data/table_13_compressed_flange_beta.json and exposed through audited lookup/calculation functions in v0.7.
SP16-TBL-14,table,8.5.5,implemented_as_data,tests/test_bending_member_local_stability.py,,data/tables_14_to_19_bending_local_stability.json,tests/test_bending_member_local_stability.py,BLS-TBL-14,All printed nodes and terminal rules were visually transcribed. No unstated interpolation is used; Table 19 required longitudinal inertia uses the explicitly stated linear interpolation.
SP16-TBL-15,table,8.5.5,implemented_as_data,tests/test_bending_member_local_stability.py,,data/tables_14_to_19_bending_local_stability.json,tests/test_bending_member_local_stability.py,BLS-TBL-15,All printed nodes and terminal rules were visually transcribed. No unstated interpolation is used; Table 19 required longitudinal inertia uses the explicitly stated linear interpolation.
SP16-TBL-16,table,8.5.5,implemented_as_data,tests/test_bending_member_local_stability.py,,data/tables_14_to_19_bending_local_stability.json,tests/test_bending_member_local_stability.py,BLS-TBL-16,All printed nodes and terminal rules were visually transcribed. No unstated interpolation is used; Table 19 required longitudinal inertia uses the explicitly stated linear interpolation.
SP16-TBL-17,table,8.5.7,implemented_as_data,tests/test_bending_member_local_stability.py,,data/tables_14_to_19_bending_local_stability.json,tests/test_bending_member_local_stability.py,BLS-TBL-17,All printed nodes and terminal rules were visually transcribed. No unstated interpolation is used; Table 19 required longitudinal inertia uses the explicitly stated linear interpolation.
SP16-TBL-18,table,8.5.8,implemented_as_data,tests/test_bending_member_local_stability.py,,data/tables_14_to_19_bending_local_stability.json,tests/test_bending_member_local_stability.py,BLS-TBL-18,All printed nodes and terminal rules were visually transcribed. No unstated interpolation is used; Table 19 required longitudinal inertia uses the explicitly stated linear interpolation.
SP16-TBL-19,table,8.5.15,implemented_as_data,tests/test_bending_member_local_stability.py,,data/tables_14_to_19_bending_local_stability.json,tests/test_bending_member_local_stability.py,BLS-TBL-19,All printed nodes and terminal rules were visually transcribed. No unstated interpolation is used; Table 19 required longitudinal inertia uses the explicitly stated linear interpolation.
SP16-TBL-20,table,9.2.3,implemented_as_data,passed: tests/test_beam_column_stability.py,,data/table_20_effective_moment_rules.json,tests/test_beam_column_stability.py,BC-SP16-TBL-20,Visually transcribed as audited JSON/formula metadata. Exact printed-node lookup is used where the standard states no interpolation rule; diagram classification remains explicit.
SP16-TBL-21,table,9.2.5,implemented_as_data,passed: tests/test_beam_column_stability.py,,data/table_21_out_of_plane_coefficients.json,tests/test_beam_column_stability.py,BC-SP16-TBL-21,Visually transcribed as audited JSON/formula metadata. Exact printed-node lookup is used where the standard states no interpolation rule; diagram classification remains explicit.
SP16-TBL-22,table,9.4.2,implemented_as_data,passed: tests/test_built_up_beam_columns_and_combined_local_stability.py,,data/table_22_combined_web_slenderness_limits.json,tests/test_built_up_beam_columns_and_combined_local_stability.py,V11-SP16-TBL-22,Formula catalogue and notes stored in data/table_22_combined_web_slenderness_limits.json; formula execution is in the v0.11 module.
SP16-TBL-23,table,9.4.7,implemented_as_data,passed: tests/test_built_up_beam_columns_and_combined_local_stability.py,,data/table_23_combined_flange_slenderness_limits.json,tests/test_built_up_beam_columns_and_combined_local_stability.py,V11-SP16-TBL-23,Formula catalogue and notes stored in data/table_23_combined_flange_slenderness_limits.json; formula execution is in the v0.11 module.
SP16-TBL-24,table,Table 24,implemented_as_data,passed,,data/tables_24_to_33_effective_lengths.json,tests/test_effective_lengths_and_limiting_slenderness.py,V12-TBL-24,Visually transcribed from Section 10 pages 59-72 into data/tables_24_to_33_effective_lengths.json; lookup and stated interpolation rules tested.
SP16-TBL-25,table,Table 25,implemented_as_data,passed,,data/tables_24_to_33_effective_lengths.json,tests/test_effective_lengths_and_limiting_slenderness.py,V12-TBL-25,Visually transcribed from Section 10 pages 59-72 into data/tables_24_to_33_effective_lengths.json; lookup and stated interpolation rules tested.
SP16-TBL-26,table,Table 26,implemented_as_data,passed,,data/tables_24_to_33_effective_lengths.json,tests/test_effective_lengths_and_limiting_slenderness.py,V12-TBL-26,Visually transcribed from Section 10 pages 59-72 into data/tables_24_to_33_effective_lengths.json; lookup and stated interpolation rules tested.
SP16-TBL-27,table,Table 27,implemented_as_data,passed,,data/tables_24_to_33_effective_lengths.json,tests/test_effective_lengths_and_limiting_slenderness.py,V12-TBL-27,Visually transcribed from Section 10 pages 59-72 into data/tables_24_to_33_effective_lengths.json; lookup and stated interpolation rules tested.
SP16-TBL-28,table,Table 28,implemented_as_data,passed,,data/tables_24_to_33_effective_lengths.json,tests/test_effective_lengths_and_limiting_slenderness.py,V12-TBL-28,Visually transcribed from Section 10 pages 59-72 into data/tables_24_to_33_effective_lengths.json; lookup and stated interpolation rules tested.
SP16-TBL-29,table,Table 29,implemented_as_data,passed,,data/tables_24_to_33_effective_lengths.json,tests/test_effective_lengths_and_limiting_slenderness.py,V12-TBL-29,Visually transcribed from Section 10 pages 59-72 into data/tables_24_to_33_effective_lengths.json; lookup and stated interpolation rules tested.
SP16-TBL-30,table,Table 30,implemented_as_data,passed,,data/tables_24_to_33_effective_lengths.json,tests/test_effective_lengths_and_limiting_slenderness.py,V12-TBL-30,Visually transcribed from Section 10 pages 59-72 into data/tables_24_to_33_effective_lengths.json; lookup and stated interpolation rules tested.
SP16-TBL-31,table,Table 31,implemented_as_data,passed,,data/tables_24_to_33_effective_lengths.json,tests/test_effective_lengths_and_limiting_slenderness.py,V12-TBL-31,Visually transcribed from Section 10 pages 59-72 into data/tables_24_to_33_effective_lengths.json; lookup and stated interpolation rules tested.
SP16-TBL-32,table,Table 32,implemented_as_data,passed,,data/tables_24_to_33_effective_lengths.json,tests/test_effective_lengths_and_limiting_slenderness.py,V12-TBL-32,Visually transcribed from Section 10 pages 59-72 into data/tables_24_to_33_effective_lengths.json; lookup and stated interpolation rules tested.
SP16-TBL-33,table,Table 33,implemented_as_data,passed,,data/tables_24_to_33_effective_lengths.json,tests/test_effective_lengths_and_limiting_slenderness.py,V12-TBL-33,Visually transcribed from Section 10 pages 59-72 into data/tables_24_to_33_effective_lengths.json; lookup and stated interpolation rules tested.
SP16-TBL-34,table,11.2.1,implemented_as_data,passed: tests/test_sheet_structures_strength_and_stability.py,,data/table_34_cylindrical_shell_coefficient.json,tests/test_sheet_structures_strength_and_stability.py,V13-SP16-TBL-34,All nine printed r/t nodes were visually transcribed. Exact-node lookup only because no interpolation rule is stated.
SP16-TBL-35,table,12.1.2,implemented_as_data,passed: tests/test_fatigue_design.py,,data/table_35_fatigue_resistance.json,tests/test_fatigue_design.py,V14-SP16-TBL-35,Visually transcribed and stored in data/table_35_fatigue_resistance.json; no unstated interpolation or geometry recognition.
SP16-TBL-36,table,12.1.2,implemented_as_data,passed: tests/test_fatigue_design.py,,data/table_36_fatigue_asymmetry_factor.json,tests/test_fatigue_design.py,V14-SP16-TBL-36,Visually transcribed and stored in data/table_36_fatigue_asymmetry_factor.json; no unstated interpolation or geometry recognition.
SP16-TBL-37,table,37,implemented_as_data,passed: tests/test_brittle_fracture_and_welded_connections.py,,data/table_37_lamellar_tearing_risk_factors.json,tests/test_brittle_fracture_and_welded_connections.py,V15-SP16-TBL-37,Visually transcribed and stored in data/table_37_lamellar_tearing_risk_factors.json; only printed branches and explicitly stated interpolation rules are used.
SP16-TBL-38,table,38,implemented_as_data,passed: tests/test_brittle_fracture_and_welded_connections.py,,data/table_38_minimum_fillet_weld_legs.json,tests/test_brittle_fracture_and_welded_connections.py,V15-SP16-TBL-38,Visually transcribed and stored in data/table_38_minimum_fillet_weld_legs.json; only printed branches and explicitly stated interpolation rules are used.
SP16-TBL-39,table,39,implemented_as_data,passed: tests/test_brittle_fracture_and_welded_connections.py,,data/table_39_fillet_weld_coefficients.json,tests/test_brittle_fracture_and_welded_connections.py,V15-SP16-TBL-39,Visually transcribed and stored in data/table_39_fillet_weld_coefficients.json; only printed branches and explicitly stated interpolation rules are used.
SP16-TBL-40,table,14.2.8,implemented_as_data,tests/test_bolted_and_friction_connections.py,,data/table_40_bolt_spacing.json,tests/test_bolted_and_friction_connections.py,V16-T40,All printed values and stated boundary rules visually transcribed; interpolation is limited to explicitly documented routes.
SP16-TBL-41,table,14.2.9,implemented_as_data,tests/test_bolted_and_friction_connections.py,,data/table_41_bolted_connection_working_factors.json,tests/test_bolted_and_friction_connections.py,V16-T41,All printed values and stated boundary rules visually transcribed; interpolation is limited to explicitly documented routes.
SP16-TBL-42,table,14.3.3,implemented_as_data,tests/test_bolted_and_friction_connections.py,,data/table_42_friction_connection_coefficients.json,tests/test_bolted_and_friction_connections.py,V16-T42,All printed values and stated boundary rules visually transcribed; interpolation is limited to explicitly documented routes.
SP16-TBL-43,table,14.4.1 Table 43,implemented_as_data,passed: tests/test_built_up_beam_flange_connections.py,,data/table_43_built_up_beam_flange_connections.json,tests/test_built_up_beam_flange_connections.py,V17-SP16-TBL-43,Visually transcribed from supplied PDF pages 96-97 and stored in data/table_43_built_up_beam_flange_connections.json.
SP16-TBL-44,table,15.1,implemented_as_data,passed: tests/test_structural_detailing_and_support_bearings.py,,data/table_44_temperature_joint_distances.json,tests/test_structural_detailing_and_support_bearings.py,V18-SP16-TBL-44,All eight printed rows and the two-bracing note were visually transcribed from PDF pages 97-98. Temperature branch changes at -45 °C; no interpolation is stated.
SP16-TBL-45,table,16.4,implemented_as_data,passed: tests/test_overhead_line_and_switchyard_supports.py,,data/table_45_overhead_line_working_conditions.json,tests/test_overhead_line_and_switchyard_supports.py,V19-SP16-TBL-45,All eight printed rows transcribed; exact categorical lookup; coefficients do not apply to node connections.
SP16-TBL-46,table,16.15,implemented_as_data,passed: tests/test_overhead_line_and_switchyard_supports.py,,data/table_46_support_deformation_limits.json,tests/test_overhead_line_and_switchyard_supports.py,V19-SP16-TBL-46,All eight printed rows and notes transcribed; numerical values are denominators of relative limits 1/n.
SP16-TBL-47,table,17.6,implemented_as_data,all_rows_exact_lookup_tested,,data/table_47_antenna_structure_working_conditions.json,tests/test_antenna_structures.py,V20-SP16-TBL-47-*,All 13 printed categorical rows visually transcribed from PDF page 116 to data/table_47_antenna_structure_working_conditions.json; no interpolation.
SP16-TBL-48,table,18.2.7,implemented_as_data,all_rows_and_head_reduction_rules_tested,,data/table_48_riveted_connection_resistances.json,tests/test_reconstruction_assessment.py,V21-SP16-TBL-48-*,"All seven printed resistance entries/expressions, group definitions and the 0.8 countersunk-head rule were visually transcribed from PDF page 120 to data/table_48_riveted_connection_resistances.json."
SP16-TBL-Б-1,table,Приложение Б,external_reference_required,not_applicable_external_reference,,data/annex_reconstruction_catalog_v0_22.json,,,"Reconstructed v0.22 boundary: historical audited numeric transcription is unavailable. Use the supplied normative source directly; no interpolation, extrapolation, or incomplete raw-text table is presented as implemented data. See data/annex_reconstruction_catalog_v0_22.json."
SP16-TBL-Б-2,table,Приложение Б,external_reference_required,not_applicable_external_reference,,data/annex_reconstruction_catalog_v0_22.json,,,"Reconstructed v0.22 boundary: historical audited numeric transcription is unavailable. Use the supplied normative source directly; no interpolation, extrapolation, or incomplete raw-text table is presented as implemented data. See data/annex_reconstruction_catalog_v0_22.json."
SP16-TBL-В-1,table,Приложение В,external_reference_required,not_applicable_external_reference,,data/annex_reconstruction_catalog_v0_22.json,,,"Reconstructed v0.22 boundary: historical audited numeric transcription is unavailable. Use the supplied normative source directly; no interpolation, extrapolation, or incomplete raw-text table is presented as implemented data. See data/annex_reconstruction_catalog_v0_22.json."
SP16-TBL-В-2,table,Приложение В,external_reference_required,not_applicable_external_reference,,data/annex_reconstruction_catalog_v0_22.json,,,"Reconstructed v0.22 boundary: historical audited numeric transcription is unavailable. Use the supplied normative source directly; no interpolation, extrapolation, or incomplete raw-text table is presented as implemented data. See data/annex_reconstruction_catalog_v0_22.json."
SP16-TBL-В-3,table,Приложение В,external_reference_required,not_applicable_external_reference,,data/annex_reconstruction_catalog_v0_22.json,,,"Reconstructed v0.22 boundary: historical audited numeric transcription is unavailable. Use the supplied normative source directly; no interpolation, extrapolation, or incomplete raw-text table is presented as implemented data. See data/annex_reconstruction_catalog_v0_22.json."
SP16-TBL-В-4,table,Приложение В,external_reference_required,not_applicable_external_reference,,data/annex_reconstruction_catalog_v0_22.json,,,"Reconstructed v0.22 boundary: historical audited numeric transcription is unavailable. Use the supplied normative source directly; no interpolation, extrapolation, or incomplete raw-text table is presented as implemented data. See data/annex_reconstruction_catalog_v0_22.json."
SP16-TBL-В-5,table,Приложение В,external_reference_required,not_applicable_external_reference,,data/annex_reconstruction_catalog_v0_22.json,,,"Reconstructed v0.22 boundary: historical audited numeric transcription is unavailable. Use the supplied normative source directly; no interpolation, extrapolation, or incomplete raw-text table is presented as implemented data. See data/annex_reconstruction_catalog_v0_22.json."
SP16-TBL-В-6,table,Приложение В,external_reference_required,not_applicable_external_reference,,data/annex_reconstruction_catalog_v0_22.json,,,"Reconstructed v0.22 boundary: historical audited numeric transcription is unavailable. Use the supplied normative source directly; no interpolation, extrapolation, or incomplete raw-text table is presented as implemented data. See data/annex_reconstruction_catalog_v0_22.json."
SP16-TBL-В-7,table,Приложение В,external_reference_required,not_applicable_external_reference,,data/annex_reconstruction_catalog_v0_22.json,,,"Reconstructed v0.22 boundary: historical audited numeric transcription is unavailable. Use the supplied normative source directly; no interpolation, extrapolation, or incomplete raw-text table is presented as implemented data. See data/annex_reconstruction_catalog_v0_22.json."
SP16-TBL-В-8,table,Приложение В,external_reference_required,not_applicable_external_reference,,data/annex_reconstruction_catalog_v0_22.json,,,"Reconstructed v0.22 boundary: historical audited numeric transcription is unavailable. Use the supplied normative source directly; no interpolation, extrapolation, or incomplete raw-text table is presented as implemented data. See data/annex_reconstruction_catalog_v0_22.json."
SP16-TBL-В-9,table,Приложение В,external_reference_required,not_applicable_external_reference,,data/annex_reconstruction_catalog_v0_22.json,,,"Reconstructed v0.22 boundary: historical audited numeric transcription is unavailable. Use the supplied normative source directly; no interpolation, extrapolation, or incomplete raw-text table is presented as implemented data. See data/annex_reconstruction_catalog_v0_22.json."
SP16-TBL-Г-1,table,Приложение Г,external_reference_required,not_applicable_external_reference,,data/annex_reconstruction_catalog_v0_22.json,,,"Reconstructed v0.22 boundary: historical audited numeric transcription is unavailable. Use the supplied normative source directly; no interpolation, extrapolation, or incomplete raw-text table is presented as implemented data. See data/annex_reconstruction_catalog_v0_22.json."
SP16-TBL-Г-2,table,Приложение Г,external_reference_required,not_applicable_external_reference,,data/annex_reconstruction_catalog_v0_22.json,,,"Reconstructed v0.22 boundary: historical audited numeric transcription is unavailable. Use the supplied normative source directly; no interpolation, extrapolation, or incomplete raw-text table is presented as implemented data. See data/annex_reconstruction_catalog_v0_22.json."
SP16-TBL-Г-3,table,Приложение Г,external_reference_required,not_applicable_external_reference,,data/annex_reconstruction_catalog_v0_22.json,,,"Reconstructed v0.22 boundary: historical audited numeric transcription is unavailable. Use the supplied normative source directly; no interpolation, extrapolation, or incomplete raw-text table is presented as implemented data. See data/annex_reconstruction_catalog_v0_22.json."
SP16-TBL-Г-4,table,Приложение Г,external_reference_required,not_applicable_external_reference,,data/annex_reconstruction_catalog_v0_22.json,,,"Reconstructed v0.22 boundary: historical audited numeric transcription is unavailable. Use the supplied normative source directly; no interpolation, extrapolation, or incomplete raw-text table is presented as implemented data. See data/annex_reconstruction_catalog_v0_22.json."
SP16-TBL-Г-5,table,Приложение Г,external_reference_required,not_applicable_external_reference,,data/annex_reconstruction_catalog_v0_22.json,,,"Reconstructed v0.22 boundary: historical audited numeric transcription is unavailable. Use the supplied normative source directly; no interpolation, extrapolation, or incomplete raw-text table is presented as implemented data. See data/annex_reconstruction_catalog_v0_22.json."
SP16-TBL-Г-6,table,Приложение Г,external_reference_required,not_applicable_external_reference,,data/annex_reconstruction_catalog_v0_22.json,,,"Reconstructed v0.22 boundary: historical audited numeric transcription is unavailable. Use the supplied normative source directly; no interpolation, extrapolation, or incomplete raw-text table is presented as implemented data. See data/annex_reconstruction_catalog_v0_22.json."
SP16-TBL-Г-7,table,Приложение Г,external_reference_required,not_applicable_external_reference,,data/annex_reconstruction_catalog_v0_22.json,,,"Reconstructed v0.22 boundary: historical audited numeric transcription is unavailable. Use the supplied normative source directly; no interpolation, extrapolation, or incomplete raw-text table is presented as implemented data. See data/annex_reconstruction_catalog_v0_22.json."
SP16-TBL-Г-8,table,Приложение Г,no_code_explanatory,inventory_tested,,standard_core/annex_data.py,tests/test_tables.py,,"Excluded in the supplied edition (Исключена, Изм. N 2); retained to preserve table-number continuity."
SP16-TBL-Г-9,table,Приложение Г,external_reference_required,not_applicable_external_reference,,data/annex_reconstruction_catalog_v0_22.json,,,"Reconstructed v0.22 boundary: historical audited numeric transcription is unavailable. Use the supplied normative source directly; no interpolation, extrapolation, or incomplete raw-text table is presented as implemented data. See data/annex_reconstruction_catalog_v0_22.json."
SP16-TBL-Д-1,table,Приложение Д,implemented_as_data,all_cells_formula_consistency_exact_lookup_and_no_interpolation_tests_passed,,data/annex_d_table_d1_stability_coefficients.json; standard_core.axial_members.annex_d1_stability_coefficient,tests/test_axial_members.py,AXIAL-D1-*,All printed values visually extracted from PDF pages 150-151 as integers scaled by 1000. Exact-node lookup only.
SP16-TBL-Д-2,table,Приложение Д,implemented_as_data,passed: tests/test_beam_column_stability.py,,data/annex_d_tables_d2_to_d6.json,tests/test_beam_column_stability.py,BC-SP16-TBL-Д-2,Visually transcribed as audited JSON/formula metadata. Exact printed-node lookup is used where the standard states no interpolation rule; diagram classification remains explicit.
SP16-TBL-Д-3,table,Приложение Д,implemented_as_data,passed: tests/test_beam_column_stability.py,,data/annex_d_tables_d2_to_d6.json,tests/test_beam_column_stability.py,BC-SP16-TBL-Д-3,Visually transcribed as audited JSON/formula metadata. Exact printed-node lookup is used where the standard states no interpolation rule; diagram classification remains explicit.
SP16-TBL-Д-4,table,Приложение Д,implemented_as_data,passed: tests/test_beam_column_stability.py,,data/annex_d_tables_d2_to_d6.json,tests/test_beam_column_stability.py,BC-SP16-TBL-Д-4,Visually transcribed as audited JSON/formula metadata. Exact printed-node lookup is used where the standard states no interpolation rule; diagram classification remains explicit.
SP16-TBL-Д-5,table,Приложение Д,implemented_as_data,passed: tests/test_beam_column_stability.py,,data/annex_d_tables_d2_to_d6.json,tests/test_beam_column_stability.py,BC-SP16-TBL-Д-5,Visually transcribed as audited JSON/formula metadata. Exact printed-node lookup is used where the standard states no interpolation rule; diagram classification remains explicit.
SP16-TBL-Д-6,table,Приложение Д,implemented_as_data,passed: tests/test_beam_column_stability.py,,data/annex_d_tables_d2_to_d6.json,tests/test_beam_column_stability.py,BC-SP16-TBL-Д-6,Visually transcribed as audited JSON/formula metadata. Exact printed-node lookup is used where the standard states no interpolation rule; diagram classification remains explicit.
SP16-TBL-Е-1,table,8.2.3; Приложение Е,implemented_as_data,existence_exact_lookup_interpolation_cap_footnote_and_value_consistency_tests_passed,,data/annex_e_table_e1_plastic_coefficients.json; standard_core/bending_members.py,tests/test_bending_members.py,BEND-TBL-E1,"All section types, printed coefficient nodes, interpolation rule, coefficient cap, and n footnote transcribed from PDF pages 161-163; section-diagram classification remains explicit."
SP16-TBL-Е-2,table,Приложение Е,implemented_as_data,passed: tests/test_base_plates_and_combined_force_strength.py,,data/annex_e_table_e2_base_plate_coefficients.json,tests/test_base_plates_and_combined_force_strength.py,BPCS-SP16-TBL-Е-2,All printed nodes and terminal >2 columns were visually transcribed from page 163. No interpolation is applied because the standard gives no interpolation rule for Table E.2.
SP16-TBL-Ж-1,table,Приложение Ж,implemented_as_data,existence_lookup_value_consistency_tested,,data/annex_zh_tables.json,tests/test_crane_runway_and_bending_stability.py,V07-SP16-TBL-Ж-1,Visually transcribed into data/annex_zh_tables.json and exposed through audited lookup/calculation functions in v0.7.
SP16-TBL-Ж-2,table,Приложение Ж,implemented_as_data,existence_lookup_value_consistency_tested,,data/annex_zh_tables.json,tests/test_crane_runway_and_bending_stability.py,V07-SP16-TBL-Ж-2,Visually transcribed into data/annex_zh_tables.json and exposed through audited lookup/calculation functions in v0.7.
SP16-TBL-Ж-3,table,Приложение Ж,implemented_as_data,existence_lookup_value_consistency_tested,,data/annex_zh_tables.json,tests/test_crane_runway_and_bending_stability.py,V07-SP16-TBL-Ж-3,Visually transcribed into data/annex_zh_tables.json and exposed through audited lookup/calculation functions in v0.7.
SP16-TBL-Ж-4,table,Приложение Ж,implemented_as_data,existence_lookup_value_consistency_tested,,data/annex_zh_tables.json,tests/test_crane_runway_and_bending_stability.py,V07-SP16-TBL-Ж-4,Visually transcribed into data/annex_zh_tables.json and exposed through audited lookup/calculation functions in v0.7.
SP16-TBL-Ж-5,table,Приложение Ж,implemented_as_data,existence_lookup_value_consistency_tested,,data/annex_zh_tables.json,tests/test_crane_runway_and_bending_stability.py,V07-SP16-TBL-Ж-5,Visually transcribed into data/annex_zh_tables.json and exposed through audited lookup/calculation functions in v0.7.
SP16-TBL-И-1,table,Приложение И,external_reference_required,not_applicable_external_reference,,data/annex_reconstruction_catalog_v0_22.json,,,"Reconstructed v0.22 boundary: historical audited numeric transcription is unavailable. Use the supplied normative source directly; no interpolation, extrapolation, or incomplete raw-text table is presented as implemented data. See data/annex_reconstruction_catalog_v0_22.json."
SP16-TBL-И-2,table,Приложение И,external_reference_required,not_applicable_external_reference,,data/annex_reconstruction_catalog_v0_22.json,,,"Reconstructed v0.22 boundary: historical audited numeric transcription is unavailable. Use the supplied normative source directly; no interpolation, extrapolation, or incomplete raw-text table is presented as implemented data. See data/annex_reconstruction_catalog_v0_22.json."
SP16-TBL-И-3,table,Приложение И,external_reference_required,not_applicable_external_reference,,data/annex_reconstruction_catalog_v0_22.json,,,"Reconstructed v0.22 boundary: historical audited numeric transcription is unavailable. Use the supplied normative source directly; no interpolation, extrapolation, or incomplete raw-text table is presented as implemented data. See data/annex_reconstruction_catalog_v0_22.json."
SP16-TBL-И-4,table,Приложение И,external_reference_required,not_applicable_external_reference,,data/annex_reconstruction_catalog_v0_22.json,,,"Reconstructed v0.22 boundary: historical audited numeric transcription is unavailable. Use the supplied normative source directly; no interpolation, extrapolation, or incomplete raw-text table is presented as implemented data. See data/annex_reconstruction_catalog_v0_22.json."
SP16-TBL-И-5,table,Приложение И,external_reference_required,not_applicable_external_reference,,data/annex_reconstruction_catalog_v0_22.json,,,"Reconstructed v0.22 boundary: historical audited numeric transcription is unavailable. Use the supplied normative source directly; no interpolation, extrapolation, or incomplete raw-text table is presented as implemented data. See data/annex_reconstruction_catalog_v0_22.json."
SP16-TBL-К-1,table,Приложение К,implemented_as_data,passed: tests/test_fatigue_design.py,,data/annex_k_table_k1_fatigue_groups.json,tests/test_fatigue_design.py,V14-SP16-TBL-К-1,Visually transcribed and stored in data/annex_k_table_k1_fatigue_groups.json; no unstated interpolation or geometry recognition.
SP16-PROC-6.2,procedure,6.2,implemented,normal_boundary_unit_sign_tested,implementation_self_check_passed_no_standard_worked_example,standard_core.material_resistance.cold_formed_section_design_resistance_n_mm2,tests/test_material_resistance.py,CORE-PROC-6-2,Identity procedure visually verified on PDF page 11.
SP16-PROC-6.4-DISSIMILAR,procedure,6.4,implemented,normal_boundary_unit_sign_tested,implementation_self_check_passed_no_standard_worked_example,standard_core.material_resistance.dissimilar_steel_butt_weld_governing_resistance_n_mm2,tests/test_material_resistance.py,CORE-PROC-6-4,Post-table rule visually verified on PDF page 12.
SP16-PROC-6.4-GAMMA-WM,procedure,6.4,implemented,boundary_and_unspecified_interval_tested,implementation_self_check_passed_no_standard_worked_example,standard_core.material_resistance.weld_metal_safety_factor,tests/test_material_resistance.py,CORE-PROC-6-4,No interpolation is applied in the unspecified 490-590 N/mm2 interval.
SP16-PROC-6.9,procedure,6.9,implemented,normal_boundary_unit_sign_tested,implementation_self_check_passed_no_standard_worked_example,standard_core.material_resistance.steel_rope_design_tension_force_n,tests/test_material_resistance.py,CORE-PROC-6-9,Breaking force is an external product-standard/certificate input.
SP16-PROC-7.1.1-RESISTANCE-BASIS,procedure,7.1.1,implemented,explicit_branch_and_no_hidden_default_tests_passed,implementation_self_checks_passed_no_standard_worked_example,standard_core.axial_members.axial_strength_utilization_yield,tests/test_axial_members.py,AXIAL-PROCEDURE-SELF-CHECK,Branch selection is explicit; the package does not infer service-after-yield permission.
SP16-PROC-7.1.2-GAMMA-C1,procedure,7.1.2,implemented,normal_area_ratio_boundary_and_domain_tests_passed,implementation_self_check_passed_no_standard_worked_example,standard_core.axial_members.single_angle_working_condition_factor,tests/test_axial_members.py,AXIAL-PROCEDURE-SELF-CHECK,Unnumbered expression visually verified directly below equation (6).
SP16-PROC-7.1.2-SPECIAL-REDUCTION,procedure,7.1.2,implemented,explicit_boolean_reduction_test_passed,implementation_self_check_passed_no_standard_worked_example,standard_core.axial_members.single_angle_working_condition_factor,tests/test_axial_members.py,AXIAL-PROCEDURE-SELF-CHECK,Applicability is a mandatory explicit boolean and is not inferred from labels.
SP16-PROC-7.1.3-RELATIVE-SLENDERNESS,procedure,7.1.3,implemented,normal_zero_unit_consistency_and_domain_tests_passed,implementation_self_check_passed_no_standard_worked_example,standard_core.axial_members.relative_slenderness,tests/test_axial_members.py,AXIAL-PROCEDURE-SELF-CHECK,Definition visually verified below equation (9).
SP16-PROC-7.1.3-PHI-RULES,procedure,7.1.3,implemented,low_slenderness_boundary_node_and_cap_tests_passed,validated_against_Table_D1_printed_values,standard_core.axial_members.central_compression_stability_coefficient,tests/test_axial_members.py,AXIAL-PROCEDURE-SELF-CHECK,The clause text says “above”; Table D.1 uses capped values at boundary nodes. The implementation follows Table D.1 at equality and records the ambiguity.
SP16-PROC-7.2.1-STRENGTH,procedure,7.2.1,implemented,normal_boundary_domain_and_explicit_route_tests_passed,implementation_self_check_passed_no_standard_worked_example,standard_core/built_up_axial_members.py::built_up_axial_strength_utilization,tests/test_built_up_axial_members.py,BUILTUP-PROC-7.2.1-STRENGTH,Visually verified against supplied PDF pages 17-21. Ambiguous or externally solved routes are surfaced explicitly.
SP16-PROC-7.2.2-METHOD-SELECTION,procedure,7.2.2,implemented,normal_boundary_domain_and_explicit_route_tests_passed,implementation_self_check_passed_no_standard_worked_example,standard_core/built_up_axial_members.py::built_up_stability_method,tests/test_built_up_axial_members.py,BUILTUP-PROC-7.2.2-METHOD-SELECTION,Visually verified against supplied PDF pages 17-21. Ambiguous or externally solved routes are surfaced explicitly.
SP16-PROC-7.2.2-OVERALL-STABILITY,procedure,7.2.2,implemented,normal_boundary_domain_and_explicit_route_tests_passed,implementation_self_check_passed_no_standard_worked_example,standard_core/built_up_axial_members.py::lattice_built_up_stability_utilization,tests/test_built_up_axial_members.py,BUILTUP-PROC-7.2.2-OVERALL-STABILITY,Visually verified against supplied PDF pages 17-21. Ambiguous or externally solved routes are surfaced explicitly.
SP16-PROC-7.2.3-BATTEN-BRANCH-LIMIT,procedure,7.2.3,implemented,normal_boundary_domain_and_explicit_route_tests_passed,implementation_self_check_passed_no_standard_worked_example,standard_core/built_up_axial_members.py::batten_branch_slenderness_check,tests/test_built_up_axial_members.py,BUILTUP-PROC-7.2.3-BATTEN-BRANCH-LIMIT,Visually verified against supplied PDF pages 17-21. Ambiguous or externally solved routes are surfaced explicitly.
SP16-PROC-7.2.4-LATTICE-BRANCH-LIMIT,procedure,7.2.4,implemented,normal_boundary_domain_and_explicit_route_tests_passed,implementation_self_check_passed_no_standard_worked_example,standard_core/built_up_axial_members.py::lattice_branch_slenderness_assessment,tests/test_built_up_axial_members.py,BUILTUP-PROC-7.2.4-LATTICE-BRANCH-LIMIT,Visually verified against supplied PDF pages 17-21. Ambiguous or externally solved routes are surfaced explicitly.
SP16-PROC-7.2.5-BRANCH-PHI,procedure,7.2.5,implemented,normal_boundary_domain_and_explicit_route_tests_passed,implementation_self_check_passed_no_standard_worked_example,standard_core/built_up_axial_members.py::lattice_branch_stability_coefficient,tests/test_built_up_axial_members.py,BUILTUP-PROC-7.2.5-BRANCH-PHI,Visually verified against supplied PDF pages 17-21. Ambiguous or externally solved routes are surfaced explicitly.
SP16-PROC-7.2.5-REDUCED-RESISTANCE,procedure,7.2.5,implemented,normal_boundary_domain_and_explicit_route_tests_passed,implementation_self_check_passed_no_standard_worked_example,standard_core/built_up_axial_members.py::lattice_built_up_stability_utilization,tests/test_built_up_axial_members.py,BUILTUP-PROC-7.2.5-REDUCED-RESISTANCE,Visually verified against supplied PDF pages 17-21. Ambiguous or externally solved routes are surfaced explicitly.
SP16-PROC-7.2.6-CONNECTION-SPACING,procedure,7.2.6,implemented,normal_boundary_domain_and_explicit_route_tests_passed,implementation_self_check_passed_no_standard_worked_example,standard_core/built_up_axial_members.py::close_contact_connection_spacing_check,tests/test_built_up_axial_members.py,BUILTUP-PROC-7.2.6-CONNECTION-SPACING,Visually verified against supplied PDF pages 17-21. Ambiguous or externally solved routes are surfaced explicitly.
SP16-PROC-7.2.7-SHEAR-DISTRIBUTION,procedure,7.2.7,implemented,normal_boundary_domain_and_explicit_route_tests_passed,implementation_self_check_passed_no_standard_worked_example,standard_core/built_up_axial_members.py::distribute_fictitious_shear,tests/test_built_up_axial_members.py,BUILTUP-PROC-7.2.7-SHEAR-DISTRIBUTION,Visually verified against supplied PDF pages 17-21. Ambiguous or externally solved routes are surfaced explicitly.
SP16-PROC-7.2.10-RESTRAINT-FORCE,procedure,7.2.10,implemented,normal_boundary_domain_and_explicit_route_tests_passed,implementation_self_check_passed_no_standard_worked_example,standard_core/built_up_axial_members.py::reduced_length_brace_design_force_n,tests/test_built_up_axial_members.py,BUILTUP-PROC-7.2.10-RESTRAINT-FORCE,Visually verified against supplied PDF pages 17-21. Ambiguous or externally solved routes are surfaced explicitly.
SP16-PROC-7.2.10-COLUMN-SPACER,procedure,7.2.10,implemented,normal_boundary_domain_and_explicit_route_tests_passed,implementation_self_check_passed_no_standard_worked_example,standard_core/built_up_axial_members.py::column_branch_spacer_fictitious_shear_n,tests/test_built_up_axial_members.py,BUILTUP-PROC-7.2.10-COLUMN-SPACER,Visually verified against supplied PDF pages 17-21. Ambiguous or externally solved routes are surfaced explicitly.
SP16-PROC-7.3.1-WEB-GEOMETRY,procedure,7.3.1,implemented,normal_boundary_unit_sign_and_domain_tests_passed,implementation_self_check_passed_no_standard_worked_example,standard_core/local_stability.py::local_stability_geometry_rule_catalog,tests/test_local_stability.py,LOCAL-PROC-7.3.1-WEB-GEOMETRY,Procedure and applicability rules visually verified against supplied PDF pages 22-26; geometry classification remains explicit.
SP16-PROC-7.3.2-WEB-SLENDERNESS,procedure,7.3.2,implemented,normal_boundary_unit_sign_and_domain_tests_passed,implementation_self_check_passed_no_standard_worked_example,standard_core/local_stability.py::wall_relative_slenderness,tests/test_local_stability.py,LOCAL-PROC-7.3.2-WEB-SLENDERNESS,Procedure and applicability rules visually verified against supplied PDF pages 22-26; geometry classification remains explicit.
SP16-PROC-7.3.2-TABLE-9-ROUTING,procedure,7.3.2,implemented,normal_boundary_unit_sign_and_domain_tests_passed,implementation_self_check_passed_no_standard_worked_example,standard_core/local_stability.py::wall_slenderness_limit,tests/test_local_stability.py,LOCAL-PROC-7.3.2-TABLE-9-ROUTING,Procedure and applicability rules visually verified against supplied PDF pages 22-26; geometry classification remains explicit.
SP16-PROC-7.3.3-TRANSVERSE-STIFFENERS,procedure,7.3.3,implemented,normal_boundary_unit_sign_and_domain_tests_passed,implementation_self_check_passed_no_standard_worked_example,standard_core/local_stability.py::transverse_stiffener_requirements,tests/test_local_stability.py,LOCAL-PROC-7.3.3-TRANSVERSE-STIFFENERS,Procedure and applicability rules visually verified against supplied PDF pages 22-26; geometry classification remains explicit.
SP16-PROC-7.3.4-LONGITUDINAL-STIFFENER,procedure,7.3.4,implemented,normal_boundary_unit_sign_and_domain_tests_passed,implementation_self_check_passed_no_standard_worked_example,standard_core/local_stability.py::longitudinal_stiffener_wall_limit_multiplier_eq30,tests/test_local_stability.py,LOCAL-PROC-7.3.4-LONGITUDINAL-STIFFENER,Procedure and applicability rules visually verified against supplied PDF pages 22-26; geometry classification remains explicit.
SP16-PROC-7.3.5-REDUCED-AREA-TRIGGER,procedure,7.3.5,implemented,normal_boundary_unit_sign_and_domain_tests_passed,implementation_self_check_passed_no_standard_worked_example,standard_core/local_stability.py::reduced_area_required,tests/test_local_stability.py,LOCAL-PROC-7.3.5-REDUCED-AREA-TRIGGER,Procedure and applicability rules visually verified against supplied PDF pages 22-26; geometry classification remains explicit.
SP16-PROC-7.3.6-REDUCED-DIMENSIONS,procedure,7.3.6,implemented,normal_boundary_unit_sign_and_domain_tests_passed,implementation_self_check_passed_no_standard_worked_example,standard_core/local_stability.py::reduced_web_height_i_section_eq34; reduced_plate_dimension_box_eq35; reduced_web_height_channel_eq36,tests/test_local_stability.py,LOCAL-PROC-7.3.6-REDUCED-DIMENSIONS,Procedure and applicability rules visually verified against supplied PDF pages 22-26; geometry classification remains explicit.
SP16-PROC-7.3.7-FLANGE-GEOMETRY,procedure,7.3.7,implemented,normal_boundary_unit_sign_and_domain_tests_passed,implementation_self_check_passed_no_standard_worked_example,standard_core/local_stability.py::local_stability_geometry_rule_catalog,tests/test_local_stability.py,LOCAL-PROC-7.3.7-FLANGE-GEOMETRY,Procedure and applicability rules visually verified against supplied PDF pages 22-26; geometry classification remains explicit.
SP16-PROC-7.3.8-FLANGE-SLENDERNESS,procedure,7.3.8,implemented,normal_boundary_unit_sign_and_domain_tests_passed,implementation_self_check_passed_no_standard_worked_example,standard_core/local_stability.py::flange_relative_slenderness,tests/test_local_stability.py,LOCAL-PROC-7.3.8-FLANGE-SLENDERNESS,Procedure and applicability rules visually verified against supplied PDF pages 22-26; geometry classification remains explicit.
SP16-PROC-7.3.8-TABLE-10-ROUTING,procedure,7.3.8,implemented,normal_boundary_unit_sign_and_domain_tests_passed,implementation_self_check_passed_no_standard_worked_example,standard_core/local_stability.py::flange_slenderness_limit,tests/test_local_stability.py,LOCAL-PROC-7.3.8-TABLE-10-ROUTING,Procedure and applicability rules visually verified against supplied PDF pages 22-26; geometry classification remains explicit.
SP16-PROC-7.3.9-BOX-FLANGE,procedure,7.3.9,implemented,normal_boundary_unit_sign_and_domain_tests_passed,implementation_self_check_passed_no_standard_worked_example,standard_core/local_stability.py::flange_relative_slenderness; flange_slenderness_limit,tests/test_local_stability.py,LOCAL-PROC-7.3.9-BOX-FLANGE,Procedure and applicability rules visually verified against supplied PDF pages 22-26; geometry classification remains explicit.
SP16-PROC-7.3.10-EDGE-STIFFENER,procedure,7.3.10,implemented,normal_boundary_unit_sign_and_domain_tests_passed,implementation_self_check_passed_no_standard_worked_example,standard_core/local_stability.py::edge_stiffener_requirements,tests/test_local_stability.py,LOCAL-PROC-7.3.10-EDGE-STIFFENER,Procedure and applicability rules visually verified against supplied PDF pages 22-26; geometry classification remains explicit.
SP16-PROC-7.3.11-TWO-PLANE-INCREASE,procedure,7.3.11,implemented,normal_boundary_unit_sign_and_domain_tests_passed,implementation_self_check_passed_no_standard_worked_example,standard_core/local_stability.py::two_plane_slenderness_increase_factor; apply_two_plane_slenderness_increase,tests/test_local_stability.py,LOCAL-PROC-7.3.11-TWO-PLANE-INCREASE,Procedure and applicability rules visually verified against supplied PDF pages 22-26; geometry classification remains explicit.
SP16-PROC-8.1-CLASS-ROUTING,procedure,8.1,implemented,normal_boundary_unit_sign_and_domain_tests_passed,implementation_self_check_passed_no_standard_worked_example,standard_core/bending_members.py::bending_member_class_requirements,tests/test_bending_members.py,BEND-PROC-8.1,Procedure visually verified against supplied PDF pages 27-32 and Annex E pages 161-163; all engineering applicability decisions are explicit inputs.
SP16-PROC-8.2.1-ELASTIC-STRESS-POINT,procedure,8.2.1,implemented,normal_boundary_unit_sign_and_domain_tests_passed,implementation_self_check_passed_no_standard_worked_example,standard_core/bending_members.py::elastic_combined_normal_utilization_eq43,tests/test_bending_members.py,BEND-PROC-8.2.1-STRESS,Procedure visually verified against supplied PDF pages 27-32 and Annex E pages 161-163; all engineering applicability decisions are explicit inputs.
SP16-PROC-8.2.1-BOLT-HOLE-ADJUSTMENT,procedure,8.2.1,implemented,normal_boundary_unit_sign_and_domain_tests_passed,implementation_self_check_passed_no_standard_worked_example,standard_core/bending_members.py::apply_bolt_hole_factor,tests/test_bending_members.py,BEND-PROC-8.2.1-HOLES,Procedure visually verified against supplied PDF pages 27-32 and Annex E pages 161-163; all engineering applicability decisions are explicit inputs.
SP16-PROC-8.2.2-LOCAL-LOAD-LENGTH,procedure,8.2.2,implemented,normal_boundary_unit_sign_and_domain_tests_passed,implementation_self_check_passed_no_standard_worked_example,standard_core/bending_members.py::effective_load_length_by_case,tests/test_bending_members.py,BEND-PROC-8.2.2-LENGTH,Procedure visually verified against supplied PDF pages 27-32 and Annex E pages 161-163; all engineering applicability decisions are explicit inputs.
SP16-PROC-8.2.3-PLASTIC-APPLICABILITY,procedure,8.2.3,implemented,normal_boundary_unit_sign_and_domain_tests_passed,implementation_self_check_passed_no_standard_worked_example,standard_core/bending_members.py::plastic_bending_applicability,tests/test_bending_members.py,BEND-PROC-8.2.3-APPLICABILITY,Procedure visually verified against supplied PDF pages 27-32 and Annex E pages 161-163; all engineering applicability decisions are explicit inputs.
SP16-PROC-8.2.3-ANNEX-E1-INTERPOLATION,procedure,8.2.3; Annex E,implemented,normal_boundary_unit_sign_and_domain_tests_passed,implementation_self_check_passed_no_standard_worked_example,standard_core/bending_members.py::annex_e1_base_coefficients,tests/test_bending_members.py,BEND-PROC-E1-INTERPOLATION,Procedure visually verified against supplied PDF pages 27-32 and Annex E pages 161-163; all engineering applicability decisions are explicit inputs.
SP16-PROC-8.2.3-ANNEX-E1-CAP,procedure,8.2.3; Annex E,implemented,normal_boundary_unit_sign_and_domain_tests_passed,implementation_self_check_passed_no_standard_worked_example,standard_core/bending_members.py::apply_annex_e1_load_factor_cap,tests/test_bending_members.py,BEND-PROC-E1-CAP,Procedure visually verified against supplied PDF pages 27-32 and Annex E pages 161-163; all engineering applicability decisions are explicit inputs.
SP16-PROC-8.2.3-TABLE-10A-INTERPOLATION,procedure,8.2.3,implemented,normal_boundary_unit_sign_and_domain_tests_passed,implementation_self_check_passed_no_standard_worked_example,standard_core/bending_members.py::constrained_torsion_coefficient_table_10a,tests/test_bending_members.py,BEND-PROC-10A-INTERPOLATION,Procedure visually verified against supplied PDF pages 27-32 and Annex E pages 161-163; all engineering applicability decisions are explicit inputs.
SP16-PROC-8.2.3-PURE-BENDING-COEFFICIENTS,procedure,8.2.3,implemented,normal_boundary_unit_sign_and_domain_tests_passed,implementation_self_check_passed_no_standard_worked_example,standard_core/bending_members.py::pure_bending_modified_coefficients,tests/test_bending_members.py,BEND-PROC-PURE-BENDING,Procedure visually verified against supplied PDF pages 27-32 and Annex E pages 161-163; all engineering applicability decisions are explicit inputs.
SP16-PROC-8.2.4-VARIABLE-SECTION-ROUTING,procedure,8.2.4,implemented,normal_boundary_unit_sign_and_domain_tests_passed,implementation_self_check_passed_no_standard_worked_example,standard_core/bending_members.py::variable_section_plastic_routing,tests/test_bending_members.py,BEND-PROC-8.2.4,Procedure visually verified against supplied PDF pages 27-32 and Annex E pages 161-163; all engineering applicability decisions are explicit inputs.
SP16-PROC-8.2.5-CONTINUOUS-BEAM-APPLICABILITY,procedure,8.2.5,implemented,normal_boundary_unit_sign_and_domain_tests_passed,implementation_self_check_passed_no_standard_worked_example,standard_core/bending_members.py::continuous_beam_partial_redistribution_applicability,tests/test_bending_members.py,BEND-PROC-8.2.5-APPLICABILITY,Procedure visually verified against supplied PDF pages 27-32 and Annex E pages 161-163; all engineering applicability decisions are explicit inputs.
SP16-PROC-8.2.5-EFFECTIVE-MOMENT-ROUTING,procedure,8.2.5,implemented,normal_boundary_unit_sign_and_domain_tests_passed,implementation_self_check_passed_no_standard_worked_example,standard_core/bending_members.py::effective_moment_by_end_condition,tests/test_bending_members.py,BEND-PROC-8.2.5-MOMENT,Procedure visually verified against supplied PDF pages 27-32 and Annex E pages 161-163; all engineering applicability decisions are explicit inputs.
SP16-PROC-8.2.6-BIAXIAL-REDISTRIBUTION,procedure,8.2.6,implemented,normal_boundary_unit_sign_and_domain_tests_passed,implementation_self_check_passed_no_standard_worked_example,standard_core/bending_members.py::biaxial_redistribution_route,tests/test_bending_members.py,BEND-PROC-8.2.6,Procedure visually verified against supplied PDF pages 27-32 and Annex E pages 161-163; all engineering applicability decisions are explicit inputs.
SP16-PROC-8.2.7-CLASS-3-ROUTING,procedure,8.2.7,implemented,normal_boundary_unit_sign_and_domain_tests_passed,implementation_self_check_passed_no_standard_worked_example,standard_core/bending_members.py::class_3_plastic_hinge_route,tests/test_bending_members.py,BEND-PROC-8.2.7,Procedure visually verified against supplied PDF pages 27-32 and Annex E pages 161-163; all engineering applicability decisions are explicit inputs.
SP16-PROC-8.2.8-BIMETAL-APPLICABILITY,procedure,8.2.8,implemented,normal_boundary_unit_sign_and_domain_tests_passed,implementation_self_check_passed_no_standard_worked_example,standard_core/bending_members.py::bimetal_bending_applicability,tests/test_bending_members.py,BEND-PROC-8.2.8-APPLICABILITY,Procedure visually verified against supplied PDF pages 27-32 and Annex E pages 161-163; all engineering applicability decisions are explicit inputs.
SP16-PROC-8.2.8-BIMETAL-MINOR-COEFFICIENT,procedure,8.2.8,implemented,normal_boundary_unit_sign_and_domain_tests_passed,implementation_self_check_passed_no_standard_worked_example,standard_core/bending_members.py::bimetal_minor_axis_coefficient,tests/test_bending_members.py,BEND-PROC-8.2.8-CYR,Procedure visually verified against supplied PDF pages 27-32 and Annex E pages 161-163; all engineering applicability decisions are explicit inputs.
SP16-PROC-8.3.1-CRANE-ROUTING,procedure,8.3.1,implemented,normal_boundary_unit_sign_tested,implementation_self_check_passed_no_standard_worked_example,standard_core.runner._run_crane_runway_and_bending_stability_case,tests/test_crane_runway_and_bending_stability.py,V07-SP16-PROC-8.3.1-CRANE-ROUTING,Implemented and traced in v0.7; diagram/category choices remain explicit engineering inputs where applicable.
SP16-PROC-8.3.2-SUPPORT-BETA,procedure,8.3.2,implemented,normal_boundary_unit_sign_tested,implementation_self_check_passed_no_standard_worked_example,standard_core.runner._run_crane_runway_and_bending_stability_case,tests/test_crane_runway_and_bending_stability.py,V07-SP16-PROC-8.3.2-SUPPORT-BETA,Implemented and traced in v0.7; diagram/category choices remain explicit engineering inputs where applicable.
SP16-PROC-8.3.3-STRESS-BUNDLE,procedure,8.3.3,implemented,normal_boundary_unit_sign_tested,implementation_self_check_passed_no_standard_worked_example,standard_core.crane_runway_and_bending_stability.crane_runway_stress_components_eq67,tests/test_crane_runway_and_bending_stability.py,V07-SP16-PROC-8.3.3-STRESS-BUNDLE,Implemented and traced in v0.7; diagram/category choices remain explicit engineering inputs where applicable.
SP16-PROC-8.3.4-MONORAIL-LOCAL-STRESS,procedure,8.3.4,no_code_explanatory,not_applicable_documented_requirement,not_reproducible_from_standard_alone,docs/limitations.md,,,Clause 8.3.4 requires longitudinal and transverse local wheel-pressure stresses but supplies no calculation method; no formula is invented.
SP16-PROC-8.3.5-BIMETAL-CRANE-ROUTING,procedure,8.3.5,implemented,normal_boundary_unit_sign_tested,implementation_self_check_passed_no_standard_worked_example,standard_core.runner._run_crane_runway_and_bending_stability_case,tests/test_crane_runway_and_bending_stability.py,V07-SP16-PROC-8.3.5-BIMETAL-CRANE-ROUTING,Implemented and traced in v0.7; diagram/category choices remain explicit engineering inputs where applicable.
SP16-PROC-8.4.2-EFFECTIVE-LENGTH,procedure,8.4.2,implemented,normal_boundary_unit_sign_tested,implementation_self_check_passed_no_standard_worked_example,standard_core.crane_runway_and_bending_stability.effective_length_by_restraint,tests/test_crane_runway_and_bending_stability.py,V07-SP16-PROC-8.4.2-EFFECTIVE-LENGTH,Implemented and traced in v0.7; diagram/category choices remain explicit engineering inputs where applicable.
SP16-PROC-8.4.4-STABILITY-EXEMPTION,procedure,8.4.4,implemented,normal_boundary_unit_sign_tested,implementation_self_check_passed_no_standard_worked_example,standard_core.crane_runway_and_bending_stability.lateral_stability_check_exemption,tests/test_crane_runway_and_bending_stability.py,V07-SP16-PROC-8.4.4-STABILITY-EXEMPTION,Implemented and traced in v0.7; diagram/category choices remain explicit engineering inputs where applicable.
SP16-PROC-8.4.4-TABLE-11-ROUTING,procedure,8.4.4,implemented,normal_boundary_unit_sign_tested,implementation_self_check_passed_no_standard_worked_example,standard_core.crane_runway_and_bending_stability.table_11_limit,tests/test_crane_runway_and_bending_stability.py,V07-SP16-PROC-8.4.4-TABLE-11-ROUTING,Implemented and traced in v0.7; diagram/category choices remain explicit engineering inputs where applicable.
SP16-PROC-8.4.5-DISCRETE-BRACING-FORCE,procedure,8.4.5,implemented,normal_boundary_unit_sign_tested,implementation_self_check_passed_no_standard_worked_example,standard_core.crane_runway_and_bending_stability.discrete_bracing_fictitious_force,tests/test_crane_runway_and_bending_stability.py,V07-SP16-PROC-8.4.5-DISCRETE-BRACING-FORCE,Implemented and traced in v0.7; diagram/category choices remain explicit engineering inputs where applicable.
SP16-PROC-8.4.6-CLASS-2-3-LIMIT,procedure,8.4.6,implemented,normal_boundary_unit_sign_tested,implementation_self_check_passed_no_standard_worked_example,standard_core.crane_runway_and_bending_stability.class_2_3_stability_reduction_eq76,tests/test_crane_runway_and_bending_stability.py,V07-SP16-PROC-8.4.6-CLASS-2-3-LIMIT,Implemented and traced in v0.7; diagram/category choices remain explicit engineering inputs where applicable.
SP16-PROC-ANNEX-ZH-TABLE-1,procedure,Ж.3,implemented,normal_boundary_unit_sign_tested,implementation_self_check_passed_no_standard_worked_example,standard_core.crane_runway_and_bending_stability.annex_zh_table_1_psi,tests/test_crane_runway_and_bending_stability.py,V07-SP16-PROC-ANNEX-ZH-TABLE-1,Implemented and traced in v0.7; diagram/category choices remain explicit engineering inputs where applicable.
SP16-PROC-ANNEX-ZH-TABLE-2,procedure,Ж.3,implemented,normal_boundary_unit_sign_tested,implementation_self_check_passed_no_standard_worked_example,standard_core.crane_runway_and_bending_stability.annex_zh_table_2_psi,tests/test_crane_runway_and_bending_stability.py,V07-SP16-PROC-ANNEX-ZH-TABLE-2,Implemented and traced in v0.7; diagram/category choices remain explicit engineering inputs where applicable.
SP16-PROC-ANNEX-ZH-TABLE-3,procedure,Ж.4,implemented,normal_boundary_unit_sign_tested,implementation_self_check_passed_no_standard_worked_example,standard_core.crane_runway_and_bending_stability.annex_zh_table_3_phi_b,tests/test_crane_runway_and_bending_stability.py,V07-SP16-PROC-ANNEX-ZH-TABLE-3,Implemented and traced in v0.7; diagram/category choices remain explicit engineering inputs where applicable.
SP16-PROC-ANNEX-ZH-TABLE-4,procedure,Ж.5,implemented,normal_boundary_unit_sign_tested,implementation_self_check_passed_no_standard_worked_example,standard_core.crane_runway_and_bending_stability.annex_zh_table_4_b,tests/test_crane_runway_and_bending_stability.py,V07-SP16-PROC-ANNEX-ZH-TABLE-4,Implemented and traced in v0.7; diagram/category choices remain explicit engineering inputs where applicable.
SP16-PROC-ANNEX-ZH-TABLE-5,procedure,Ж.5,implemented,normal_boundary_unit_sign_tested,implementation_self_check_passed_no_standard_worked_example,standard_core.crane_runway_and_bending_stability.annex_zh_table_5_c_d,tests/test_crane_runway_and_bending_stability.py,V07-SP16-PROC-ANNEX-ZH-TABLE-5,Implemented and traced in v0.7; diagram/category choices remain explicit engineering inputs where applicable.
SP16-PROC-ANNEX-ZH-SYMMETRIC-I,procedure,Ж.1-Ж.3,implemented,normal_boundary_unit_sign_tested,implementation_self_check_passed_no_standard_worked_example,standard_core.crane_runway_and_bending_stability.annex_zh_symmetric_i_phi_b,tests/test_crane_runway_and_bending_stability.py,V07-SP16-PROC-ANNEX-ZH-SYMMETRIC-I,Implemented and traced in v0.7; diagram/category choices remain explicit engineering inputs where applicable.
SP16-PROC-ANNEX-ZH-MONOSYMMETRIC-I,procedure,Ж.4-Ж.6,implemented,normal_boundary_unit_sign_tested,implementation_self_check_passed_no_standard_worked_example,standard_core.crane_runway_and_bending_stability.apply_less_developed_compressed_flange_modifier,tests/test_crane_runway_and_bending_stability.py,V07-SP16-PROC-ANNEX-ZH-MONOSYMMETRIC-I,Implemented and traced in v0.7; diagram/category choices remain explicit engineering inputs where applicable.
SP16-PROC-ANNEX-ZH-CHANNEL,procedure,Ж.7,implemented,normal_boundary_unit_sign_tested,implementation_self_check_passed_no_standard_worked_example,standard_core.crane_runway_and_bending_stability.annex_zh_channel_phi_b,tests/test_crane_runway_and_bending_stability.py,V07-SP16-PROC-ANNEX-ZH-CHANNEL,Implemented and traced in v0.7; diagram/category choices remain explicit engineering inputs where applicable.
SP16-PROC-TABLE-12-LOOKUP,procedure,8.5.4,implemented,normal_boundary_unit_sign_tested,implementation_self_check_passed_no_standard_worked_example,standard_core.crane_runway_and_bending_stability.table_12_c_cr_coefficient,tests/test_crane_runway_and_bending_stability.py,V07-SP16-PROC-TABLE-12-LOOKUP,Implemented and traced in v0.7; diagram/category choices remain explicit engineering inputs where applicable.
SP16-PROC-TABLE-13-LOOKUP,procedure,8.5.4,implemented,normal_boundary_unit_sign_tested,implementation_self_check_passed_no_standard_worked_example,standard_core.crane_runway_and_bending_stability.table_13_beta,tests/test_crane_runway_and_bending_stability.py,V07-SP16-PROC-TABLE-13-LOOKUP,Implemented and traced in v0.7; diagram/category choices remain explicit engineering inputs where applicable.
SP16-PROC-ANNEX-ZH-INTERPOLATION,procedure,Ж.6,implemented,normal_boundary_unit_sign_tested,implementation_self_check_passed_no_standard_worked_example,standard_core.crane_runway_and_bending_stability.annex_zh_interpolate_psi_a_for_n,tests/test_crane_runway_and_bending_stability.py,ZH-PROC-INTERPOLATION,Implemented exactly over 0.9<=n<=1.0; endpoint values remain explicit audited inputs.
SP16-PROC-ANNEX-ZH-T-SECTION-MODIFIER,procedure,Ж.6,implemented,normal_boundary_unit_sign_tested,implementation_self_check_passed_no_standard_worked_example,standard_core.crane_runway_and_bending_stability.apply_t_section_low_alpha_modifier,tests/test_crane_runway_and_bending_stability.py,ZH-PROC-T-MODIFIER,Strict alpha<40 condition and listed load cases are enforced.
SP16-PROC-8.4.3-CRANE-STABILITY-ROUTING,procedure,8.4.3,implemented,normal_boundary_unit_sign_tested,implementation_self_check_passed_no_standard_worked_example,standard_core.crane_runway_and_bending_stability.crane_runway_lateral_torsional_stability_utilization,tests/test_crane_runway_and_bending_stability.py,STAB-PROC-8.4.3,Upper-flange substitutions are explicit in the wrapper API.
SP16-PROC-8.5.1-PRELIMINARY-WEB-ROUTING,procedure,8.5.1,implemented,tests/test_bending_member_local_stability.py,implementation_self_check,standard_core.bending_member_local_stability.preliminary_web_check_exemption_8_5_1,tests/test_bending_member_local_stability.py,BLS-SP16-PROC-8.5.1-PRELIMINARY-WEB-ROUTING,"Implemented and traced in v0.8; geometry, stress extraction, and diagram classification remain explicit engineering inputs where applicable."
SP16-PROC-8.5.5-DOUBLE-CHECK-ROUTING,procedure,8.5.5,implemented,tests/test_bending_member_local_stability.py,implementation_self_check,standard_core/bending_member_local_stability.py::panel_check_routing_8_5_5,tests/test_bending_member_local_stability.py,BLS-SP16-PROC-8.5.5-DOUBLE-CHECK-ROUTING,"Implemented and traced in v0.8; geometry, stress extraction, and diagram classification remain explicit engineering inputs where applicable."
SP16-PROC-8.5.6-ASYMMETRIC-COMPRESSED-FLANGE-ROUTING,procedure,8.5.6,implemented,tests/test_bending_member_local_stability.py,implementation_self_check,standard_core/bending_member_local_stability.py::asymmetric_compressed_flange_substitution_8_5_6,tests/test_bending_member_local_stability.py,BLS-SP16-PROC-8.5.6-ASYMMETRIC-COMPRESSED-FLANGE-ROUTING,"Implemented and traced in v0.8; geometry, stress extraction, and diagram classification remain explicit engineering inputs where applicable."
SP16-PROC-8.5.9-TRANSVERSE-STIFFENER-ROUTING,procedure,8.5.9,implemented,tests/test_bending_member_local_stability.py,implementation_self_check,standard_core.bending_member_local_stability.transverse_stiffener_requirements_8_5_9,tests/test_bending_member_local_stability.py,BLS-SP16-PROC-8.5.9-TRANSVERSE-STIFFENER-ROUTING,"Implemented and traced in v0.8; geometry, stress extraction, and diagram classification remain explicit engineering inputs where applicable."
SP16-PROC-8.5.9-TRANSVERSE-STIFFENER-DIMENSIONS,procedure,8.5.9,implemented,tests/test_bending_member_local_stability.py,implementation_self_check,standard_core.bending_member_local_stability.transverse_stiffener_dimensions_8_5_9,tests/test_bending_member_local_stability.py,BLS-SP16-PROC-8.5.9-TRANSVERSE-STIFFENER-DIMENSIONS,"Implemented and traced in v0.8; geometry, stress extraction, and diagram classification remain explicit engineering inputs where applicable."
SP16-PROC-8.5.10-LOAD-STIFFENER-SECTION,procedure,8.5.10,implemented,tests/test_bending_member_local_stability.py,implementation_self_check,standard_core.bending_member_local_stability.concentrated_load_stiffener_effective_section_8_5_10,tests/test_bending_member_local_stability.py,BLS-SP16-PROC-8.5.10-LOAD-STIFFENER-SECTION,"Implemented and traced in v0.8; geometry, stress extraction, and diagram classification remain explicit engineering inputs where applicable."
SP16-PROC-8.5.11-LONGITUDINAL-STIFFENER-ROUTING,procedure,8.5.11,implemented,tests/test_bending_member_local_stability.py,implementation_self_check,standard_core.bending_member_local_stability.longitudinal_stiffener_required_8_5_11,tests/test_bending_member_local_stability.py,BLS-SP16-PROC-8.5.11-LONGITUDINAL-STIFFENER-ROUTING,"Implemented and traced in v0.8; geometry, stress extraction, and diagram classification remain explicit engineering inputs where applicable."
SP16-PROC-8.5.12-SPLIT-WEB-PLATES,procedure,8.5.12,implemented,tests/test_bending_member_local_stability.py,implementation_self_check,standard_core.bending_member_local_stability.upper_plate_utilization_eq89,tests/test_bending_member_local_stability.py,BLS-SP16-PROC-8.5.12-SPLIT-WEB-PLATES,"Implemented and traced in v0.8; geometry, stress extraction, and diagram classification remain explicit engineering inputs where applicable."
SP16-PROC-8.5.13-INTERMEDIATE-STIFFENERS,procedure,8.5.13,implemented,tests/test_bending_member_local_stability.py,implementation_self_check,standard_core/bending_member_local_stability.py::intermediate_stiffener_panel_length_8_5_13,tests/test_bending_member_local_stability.py,BLS-SP16-PROC-8.5.13-INTERMEDIATE-STIFFENERS,"Implemented and traced in v0.8; geometry, stress extraction, and diagram classification remain explicit engineering inputs where applicable."
SP16-PROC-8.5.14-ASYMMETRIC-SPLIT-WEB,procedure,8.5.14,implemented,tests/test_bending_member_local_stability.py,implementation_self_check,standard_core.bending_member_local_stability.lower_plate_utilization_eq94,tests/test_bending_member_local_stability.py,BLS-SP16-PROC-8.5.14-ASYMMETRIC-SPLIT-WEB,"Implemented and traced in v0.8; geometry, stress extraction, and diagram classification remain explicit engineering inputs where applicable."
SP16-PROC-8.5.15-STIFFENER-INERTIA,procedure,8.5.15,implemented,tests/test_bending_member_local_stability.py,implementation_self_check,standard_core.bending_member_local_stability.table_19_stiffener_inertias,tests/test_bending_member_local_stability.py,BLS-SP16-PROC-8.5.15-STIFFENER-INERTIA,"Implemented and traced in v0.8; geometry, stress extraction, and diagram classification remain explicit engineering inputs where applicable."
SP16-PROC-8.5.16-FLEXIBLE-WEB-ROUTING,procedure,8.5.16,implemented,tests/test_bending_member_local_stability.py,implementation_self_check,standard_core.bending_member_local_stability.flexible_web_route_8_5_16,tests/test_bending_member_local_stability.py,BLS-SP16-PROC-8.5.16-FLEXIBLE-WEB-ROUTING,"Implemented and traced in v0.8; geometry, stress extraction, and diagram classification remain explicit engineering inputs where applicable."
SP16-PROC-8.5.17-SUPPORT-STIFFENER,procedure,8.5.17,implemented,tests/test_bending_member_local_stability.py,implementation_self_check,standard_core/bending_member_local_stability.py::support_stiffener_effective_section_8_5_17; support_stiffener_end_resistance_8_5_17,tests/test_bending_member_local_stability.py,BLS-SP16-PROC-8.5.17-SUPPORT-STIFFENER,"Implemented and traced in v0.8; geometry, stress extraction, and diagram classification remain explicit engineering inputs where applicable."
SP16-PROC-8.5.20-EDGE-STIFFENING-MODIFIER,procedure,8.5.20,implemented,tests/test_bending_member_local_stability.py,implementation_self_check,standard_core.bending_member_local_stability.edge_stiffened_flange_limit_8_5_20,tests/test_bending_member_local_stability.py,BLS-SP16-PROC-8.5.20-EDGE-STIFFENING-MODIFIER,"Implemented and traced in v0.8; geometry, stress extraction, and diagram classification remain explicit engineering inputs where applicable."
SP16-PROC-TABLE-14-LOOKUP,procedure,8.5.5,implemented,tests/test_bending_member_local_stability.py,implementation_self_check,standard_core.bending_member_local_stability.table_14_c1,tests/test_bending_member_local_stability.py,BLS-SP16-PROC-TABLE-14-LOOKUP,"Implemented and traced in v0.8; geometry, stress extraction, and diagram classification remain explicit engineering inputs where applicable."
SP16-PROC-TABLE-15-LOOKUP,procedure,8.5.5,implemented,tests/test_bending_member_local_stability.py,implementation_self_check,standard_core.bending_member_local_stability.table_15_c2,tests/test_bending_member_local_stability.py,BLS-SP16-PROC-TABLE-15-LOOKUP,"Implemented and traced in v0.8; geometry, stress extraction, and diagram classification remain explicit engineering inputs where applicable."
SP16-PROC-TABLE-16-LOOKUP,procedure,8.5.5,implemented,tests/test_bending_member_local_stability.py,implementation_self_check,standard_core.bending_member_local_stability.table_16_c_cr,tests/test_bending_member_local_stability.py,BLS-SP16-PROC-TABLE-16-LOOKUP,"Implemented and traced in v0.8; geometry, stress extraction, and diagram classification remain explicit engineering inputs where applicable."
SP16-PROC-TABLE-17-LOOKUP,procedure,8.5.7,implemented,tests/test_bending_member_local_stability.py,implementation_self_check,standard_core.bending_member_local_stability.table_17_c_cr,tests/test_bending_member_local_stability.py,BLS-SP16-PROC-TABLE-17-LOOKUP,"Implemented and traced in v0.8; geometry, stress extraction, and diagram classification remain explicit engineering inputs where applicable."
SP16-PROC-TABLE-18-LOOKUP,procedure,8.5.8,implemented,tests/test_bending_member_local_stability.py,implementation_self_check,standard_core.bending_member_local_stability.table_18_alpha,tests/test_bending_member_local_stability.py,BLS-SP16-PROC-TABLE-18-LOOKUP,"Implemented and traced in v0.8; geometry, stress extraction, and diagram classification remain explicit engineering inputs where applicable."
SP16-PROC-TABLE-19-INTERPOLATION,procedure,8.5.15,implemented,tests/test_bending_member_local_stability.py,implementation_self_check,standard_core.bending_member_local_stability.table_19_stiffener_inertias,tests/test_bending_member_local_stability.py,BLS-SP16-PROC-TABLE-19-INTERPOLATION,"Implemented and traced in v0.8; geometry, stress extraction, and diagram classification remain explicit engineering inputs where applicable."
SP16-PROC-8.6.1-FOUNDATION-AREA-BOUNDARY,procedure,8.6.1,implemented,passed: tests/test_base_plates_and_combined_force_strength.py,implementation_self_check_passed,standard_core.base_plates_and_combined_force_strength.base_plate_foundation_area_boundary,tests/test_base_plates_and_combined_force_strength.py,BPCS-SP16-PROC-8.6.1-FOUNDATION-AREA-BOUNDARY,External foundation resistance remains an explicit confirmed boundary; no concrete/foundation model is invented.
SP16-PROC-8.6.2-TABLE-E2-LOOKUP,procedure,8.6.2,implemented,passed: tests/test_base_plates_and_combined_force_strength.py,implementation_self_check_passed,standard_core.base_plates_and_combined_force_strength.annex_e2_base_plate_coefficients,tests/test_base_plates_and_combined_force_strength.py,BPCS-SP16-PROC-8.6.2-TABLE-E2-LOOKUP,Exact printed nodes and terminal >2 column only; no interpolation rule is invented.
SP16-PROC-8.6.2-MAXIMUM-PLATE-MOMENT,procedure,8.6.2,implemented,passed: tests/test_base_plates_and_combined_force_strength.py,implementation_self_check_passed,standard_core.base_plates_and_combined_force_strength.base_plate_maximum_unit_width_moment,tests/test_base_plates_and_combined_force_strength.py,BPCS-SP16-PROC-8.6.2-MAXIMUM-PLATE-MOMENT,All relevant plate regions must be supplied explicitly.
SP16-PROC-8.6.2-TWO-SIDE-GEOMETRY,procedure,8.6.2,implemented,passed: tests/test_base_plates_and_combined_force_strength.py,implementation_self_check_passed,standard_core.base_plates_and_combined_force_strength.base_plate_two_adjacent_sides_geometry,tests/test_base_plates_and_combined_force_strength.py,BPCS-SP16-PROC-8.6.2-TWO-SIDE-GEOMETRY,Derives diagonal d1 and perpendicular distance a1 for a rectangular region.
SP16-PROC-9.1.1-EQ105-APPLICABILITY,procedure,9.1.1,implemented,passed: tests/test_base_plates_and_combined_force_strength.py,implementation_self_check_passed,standard_core.base_plates_and_combined_force_strength.equation_105_applicability,tests/test_base_plates_and_combined_force_strength.py,BPCS-SP16-PROC-9.1.1-EQ105-APPLICABILITY,"Preserves Ryn, dynamic-load, shear-stress, axial-stress, and linked local-stability conditions."
SP16-PROC-9.1.1-ANNEX-E1-COEFFICIENTS,procedure,9.1.1,implemented,passed: tests/test_base_plates_and_combined_force_strength.py,implementation_self_check_passed,standard_core.base_plates_and_combined_force_strength.combined_force_coefficients_from_annex_e1,tests/test_base_plates_and_combined_force_strength.py,BPCS-SP16-PROC-9.1.1-ANNEX-E1-COEFFICIENTS,Delegates to the previously audited Table E.1 implementation.
SP16-PROC-9.1.2-EQ105-OMISSION,procedure,9.1.2,implemented,passed: tests/test_base_plates_and_combined_force_strength.py,implementation_self_check_passed,standard_core.base_plates_and_combined_force_strength.equation_105_omission_rule_clause_9_1_2,tests/test_base_plates_and_combined_force_strength.py,BPCS-SP16-PROC-9.1.2-EQ105-OMISSION,"Implements the printed m_eff <= 20, unweakened-section, equal-moment conditions."
SP16-PROC-9.1.3-EQ107-APPLICABILITY,procedure,9.1.3,implemented,passed: tests/test_base_plates_and_combined_force_strength.py,implementation_self_check_passed,standard_core.base_plates_and_combined_force_strength.equation_107_applicability,tests/test_base_plates_and_combined_force_strength.py,BPCS-SP16-PROC-9.1.3-EQ107-APPLICABILITY,Section asymmetry remains an explicit engineering classification.
SP16-PROC-9.2.1-TWO-PLANE-STABILITY,procedure,9.2,implemented,passed: tests/test_beam_column_stability.py,implementation_self_check_passed,standard_core/beam_column_stability.py:stability_check_route_clause_9_2_1,tests/test_beam_column_stability.py,BC-SP16-PROC-9.2.1-TWO-PLANE-STABILITY,Explicit procedure; global analysis and diagram/section classification remain external.
SP16-PROC-9.2.2-D3-LOOKUP-AND-CAP,procedure,9.2,implemented,passed: tests/test_beam_column_stability.py,implementation_self_check_passed,standard_core/beam_column_stability.py:annex_d3_stability_coefficient,tests/test_beam_column_stability.py,BC-SP16-PROC-9.2.2-D3-LOOKUP-AND-CAP,Explicit procedure; global analysis and diagram/section classification remain external.
SP16-PROC-9.2.2-BENDING-ROUTE-MEFF-GT20,procedure,9.2,implemented,passed: tests/test_beam_column_stability.py,implementation_self_check_passed,standard_core/beam_column_stability.py:beam_column_section_9_2_route,tests/test_beam_column_stability.py,BC-SP16-PROC-9.2.2-BENDING-ROUTE-MEFF-GT20,Explicit procedure; global analysis and diagram/section classification remain external.
SP16-PROC-9.2.3-SAME-LOAD-COMBINATION,procedure,9.2,implemented,passed: tests/test_beam_column_stability.py,implementation_self_check_passed,standard_core/beam_column_stability.py:beam_column_section_9_2_route,tests/test_beam_column_stability.py,BC-SP16-PROC-9.2.3-SAME-LOAD-COMBINATION,Explicit procedure; global analysis and diagram/section classification remain external.
SP16-PROC-9.2.3-DESIGN-MOMENT-SELECTION,procedure,9.2,implemented,passed: tests/test_beam_column_stability.py,implementation_self_check_passed,standard_core/beam_column_stability.py:table_20_design_moment,tests/test_beam_column_stability.py,BC-SP16-PROC-9.2.3-DESIGN-MOMENT-SELECTION,Explicit procedure; global analysis and diagram/section classification remain external.
SP16-PROC-9.2.3-TABLE-20-ROUTING,procedure,9.2,implemented,passed: tests/test_beam_column_stability.py,implementation_self_check_passed,standard_core/beam_column_stability.py:table_20_design_moment,tests/test_beam_column_stability.py,BC-SP16-PROC-9.2.3-TABLE-20-ROUTING,Explicit procedure; global analysis and diagram/section classification remain external.
SP16-PROC-9.2.3-TABLE-D5-ROUTING,procedure,9.2,implemented,passed: tests/test_beam_column_stability.py,implementation_self_check_passed,standard_core/beam_column_stability.py:annex_d5_effective_relative_eccentricity,tests/test_beam_column_stability.py,BC-SP16-PROC-9.2.3-TABLE-D5-ROUTING,Explicit procedure; global analysis and diagram/section classification remain external.
SP16-PROC-9.2.5-TABLE-21-ROUTING,procedure,9.2,implemented,passed: tests/test_beam_column_stability.py,implementation_self_check_passed,standard_core/beam_column_stability.py:table_21_alpha,tests/test_beam_column_stability.py,BC-SP16-PROC-9.2.5-TABLE-21-ROUTING,Explicit procedure; global analysis and diagram/section classification remain external.
SP16-PROC-9.2.5-CMAX-CAP-AND-MINIMUM,procedure,9.2,implemented,passed: tests/test_beam_column_stability.py,implementation_self_check_passed,standard_core/beam_column_stability.py:out_of_plane_coefficient_c,tests/test_beam_column_stability.py,BC-SP16-PROC-9.2.5-CMAX-CAP-AND-MINIMUM,Explicit procedure; global analysis and diagram/section classification remain external.
SP16-PROC-9.2.6-DESIGN-MOMENT-SELECTION,procedure,9.2,implemented,passed: tests/test_beam_column_stability.py,implementation_self_check_passed,standard_core/beam_column_stability.py:design_moment_clause_9_2_6,tests/test_beam_column_stability.py,BC-SP16-PROC-9.2.6-DESIGN-MOMENT-SELECTION,Explicit procedure; global analysis and diagram/section classification remain external.
SP16-PROC-9.2.7-CONTINUOUS-FLANGE-BRACING,procedure,9.2,implemented,passed: tests/test_beam_column_stability.py,implementation_self_check_passed,standard_core/beam_column_stability.py:annex_d_continuous_bracing_cmax_eq_d4,tests/test_beam_column_stability.py,BC-SP16-PROC-9.2.7-CONTINUOUS-FLANGE-BRACING,Explicit procedure; global analysis and diagram/section classification remain external.
SP16-PROC-9.2.8-MINOR-AXIS-ROUTING,procedure,9.2,implemented,passed: tests/test_beam_column_stability.py,implementation_self_check_passed,standard_core/beam_column_stability.py:minor_axis_bending_route_clause_9_2_8,tests/test_beam_column_stability.py,BC-SP16-PROC-9.2.8-MINOR-AXIS-ROUTING,Explicit procedure; global analysis and diagram/section classification remain external.
SP16-PROC-9.2.9-BIAXIAL-ADDITIONAL-CHECKS,procedure,9.2,implemented,passed: tests/test_beam_column_stability.py,implementation_self_check_passed,standard_core/beam_column_stability.py:biaxial_additional_checks_clause_9_2_9,tests/test_beam_column_stability.py,BC-SP16-PROC-9.2.9-BIAXIAL-ADDITIONAL-CHECKS,Explicit procedure; global analysis and diagram/section classification remain external.
SP16-PROC-9.2.9-NONSYMMETRIC-MX-INCREASE,procedure,9.2,implemented,passed: tests/test_beam_column_stability.py,implementation_self_check_passed,standard_core/beam_column_stability.py:adjusted_relative_eccentricity_x_clause_9_2_9,tests/test_beam_column_stability.py,BC-SP16-PROC-9.2.9-NONSYMMETRIC-MX-INCREASE,Explicit procedure; global analysis and diagram/section classification remain external.
SP16-PROC-9.2.10-BOX-MAJOR-AXIS-SUBSTITUTION,procedure,9.2,implemented,passed: tests/test_beam_column_stability.py,implementation_self_check_passed,standard_core/beam_column_stability.py:box_major_axis_phi_clause_9_2_10,tests/test_beam_column_stability.py,BC-SP16-PROC-9.2.10-BOX-MAJOR-AXIS-SUBSTITUTION,Explicit procedure; global analysis and diagram/section classification remain external.
SP16-PROC-ANNEX-D2-SHAPE-COEFFICIENT,procedure,Приложение Д,implemented,passed: tests/test_beam_column_stability.py,implementation_self_check_passed,standard_core/beam_column_stability.py:annex_d2_shape_influence_coefficient,tests/test_beam_column_stability.py,BC-SP16-PROC-ANNEX-D2-SHAPE-COEFFICIENT,Explicit procedure; global analysis and diagram/section classification remain external.
SP16-PROC-ANNEX-D3-EXACT-LOOKUP,procedure,Приложение Д,implemented,passed: tests/test_beam_column_stability.py,implementation_self_check_passed,standard_core/beam_column_stability.py:annex_d3_table_coefficient,tests/test_beam_column_stability.py,BC-SP16-PROC-ANNEX-D3-EXACT-LOOKUP,Explicit procedure; global analysis and diagram/section classification remain external.
SP16-PROC-ANNEX-D4-EXACT-LOOKUP,procedure,Приложение Д,implemented,passed: tests/test_beam_column_stability.py,implementation_self_check_passed,standard_core/beam_column_stability.py:annex_d4_table_coefficient,tests/test_beam_column_stability.py,BC-SP16-PROC-ANNEX-D4-EXACT-LOOKUP,Explicit procedure; global analysis and diagram/section classification remain external.
SP16-PROC-ANNEX-D5-EXACT-LOOKUP,procedure,Приложение Д,implemented,passed: tests/test_beam_column_stability.py,implementation_self_check_passed,standard_core/beam_column_stability.py:annex_d5_effective_relative_eccentricity,tests/test_beam_column_stability.py,BC-SP16-PROC-ANNEX-D5-EXACT-LOOKUP,Explicit procedure; global analysis and diagram/section classification remain external.
SP16-PROC-ANNEX-D6-SECTION-PARAMETERS,procedure,Приложение Д,implemented,passed: tests/test_beam_column_stability.py,implementation_self_check_passed,standard_core/beam_column_stability.py:annex_d6_section_parameters,tests/test_beam_column_stability.py,BC-SP16-PROC-ANNEX-D6-SECTION-PARAMETERS,Explicit procedure; global analysis and diagram/section classification remain external.
SP16-PROC-9.3.1-WHOLE-AND-BRANCH-CHECKS,procedure,9.3,implemented,passed: tests/test_built_up_beam_columns_and_combined_local_stability.py,implementation_self_check_passed,standard_core/built_up_beam_columns_and_combined_local_stability.py,tests/test_built_up_beam_columns_and_combined_local_stability.py,V11-SP16-PROC-9.3.1-WHOLE-AND-BRANCH-CHECKS,"Explicit procedure; global analysis, automatic geometry classification, and Section 16 remain external."
SP16-PROC-9.3.2-D4-LOOKUP-AND-BENDING-ROUTE,procedure,9.3,implemented,passed: tests/test_built_up_beam_columns_and_combined_local_stability.py,implementation_self_check_passed,standard_core/built_up_beam_columns_and_combined_local_stability.py,tests/test_built_up_beam_columns_and_combined_local_stability.py,V11-SP16-PROC-9.3.2-D4-LOOKUP-AND-BENDING-ROUTE,"Explicit procedure; global analysis, automatic geometry classification, and Section 16 remain external."
SP16-PROC-9.3.3-BRANCH-ADDITIONAL-FORCES,procedure,9.3,implemented,passed: tests/test_built_up_beam_columns_and_combined_local_stability.py,implementation_self_check_passed,standard_core/built_up_beam_columns_and_combined_local_stability.py,tests/test_built_up_beam_columns_and_combined_local_stability.py,V11-SP16-PROC-9.3.3-BRANCH-ADDITIONAL-FORCES,"Explicit procedure; global analysis, automatic geometry classification, and Section 16 remain external."
SP16-PROC-9.3.4-BATTEN-BRANCH-LOCAL-BENDING,procedure,9.3,implemented,passed: tests/test_built_up_beam_columns_and_combined_local_stability.py,implementation_self_check_passed,standard_core/built_up_beam_columns_and_combined_local_stability.py,tests/test_built_up_beam_columns_and_combined_local_stability.py,V11-SP16-PROC-9.3.4-BATTEN-BRANCH-LOCAL-BENDING,"Explicit procedure; global analysis, automatic geometry classification, and Section 16 remain external."
SP16-PROC-9.3.5-THREE-SIDED-SECTION-16-ROUTE,procedure,9.3,implemented,passed: tests/test_built_up_beam_columns_and_combined_local_stability.py,implementation_self_check_passed,standard_core/built_up_beam_columns_and_combined_local_stability.py,tests/test_built_up_beam_columns_and_combined_local_stability.py,V11-SP16-PROC-9.3.5-THREE-SIDED-SECTION-16-ROUTE,"Explicit procedure; global analysis, automatic geometry classification, and Section 16 remain external."
SP16-PROC-9.3.6-TWO-SOLID-BRANCH-ROUTING,procedure,9.3,implemented,passed: tests/test_built_up_beam_columns_and_combined_local_stability.py,implementation_self_check_passed,standard_core/built_up_beam_columns_and_combined_local_stability.py,tests/test_built_up_beam_columns_and_combined_local_stability.py,V11-SP16-PROC-9.3.6-TWO-SOLID-BRANCH-ROUTING,"Explicit procedure; global analysis, automatic geometry classification, and Section 16 remain external."
SP16-PROC-9.3.7-CONNECTOR-SHEAR-GOVERNING,procedure,9.3,implemented,passed: tests/test_built_up_beam_columns_and_combined_local_stability.py,implementation_self_check_passed,standard_core/built_up_beam_columns_and_combined_local_stability.py,tests/test_built_up_beam_columns_and_combined_local_stability.py,V11-SP16-PROC-9.3.7-CONNECTOR-SHEAR-GOVERNING,"Explicit procedure; global analysis, automatic geometry classification, and Section 16 remain external."
SP16-PROC-9.4.1-GEOMETRY-REFERENCE,procedure,9.4,implemented,passed: tests/test_built_up_beam_columns_and_combined_local_stability.py,implementation_self_check_passed,standard_core/built_up_beam_columns_and_combined_local_stability.py,tests/test_built_up_beam_columns_and_combined_local_stability.py,V11-SP16-PROC-9.4.1-GEOMETRY-REFERENCE,"Explicit procedure; global analysis, automatic geometry classification, and Section 16 remain external."
SP16-PROC-9.4.2-TABLE-22-ROUTING,procedure,9.4,implemented,passed: tests/test_built_up_beam_columns_and_combined_local_stability.py,implementation_self_check_passed,standard_core/built_up_beam_columns_and_combined_local_stability.py,tests/test_built_up_beam_columns_and_combined_local_stability.py,V11-SP16-PROC-9.4.2-TABLE-22-ROUTING,"Explicit procedure; global analysis, automatic geometry classification, and Section 16 remain external."
SP16-PROC-9.4.2-TYPE-1-M-INTERPOLATION,procedure,9.4,implemented,passed: tests/test_built_up_beam_columns_and_combined_local_stability.py,implementation_self_check_passed,standard_core/built_up_beam_columns_and_combined_local_stability.py,tests/test_built_up_beam_columns_and_combined_local_stability.py,V11-SP16-PROC-9.4.2-TYPE-1-M-INTERPOLATION,"Explicit procedure; global analysis, automatic geometry classification, and Section 16 remain external."
SP16-PROC-9.4.2-TYPE-2-ALPHA-ROUTING,procedure,9.4,implemented,passed: tests/test_built_up_beam_columns_and_combined_local_stability.py,implementation_self_check_passed,standard_core/built_up_beam_columns_and_combined_local_stability.py,tests/test_built_up_beam_columns_and_combined_local_stability.py,V11-SP16-PROC-9.4.2-TYPE-2-ALPHA-ROUTING,"Explicit procedure; global analysis, automatic geometry classification, and Section 16 remain external."
SP16-PROC-9.4.3-AXIAL-RATIO-ADJUSTMENT,procedure,9.4,implemented,passed: tests/test_built_up_beam_columns_and_combined_local_stability.py,implementation_self_check_passed,standard_core/built_up_beam_columns_and_combined_local_stability.py,tests/test_built_up_beam_columns_and_combined_local_stability.py,V11-SP16-PROC-9.4.3-AXIAL-RATIO-ADJUSTMENT,"Explicit procedure; global analysis, automatic geometry classification, and Section 16 remain external."
SP16-PROC-9.4.4-TRANSVERSE-STIFFENER-ROUTE,procedure,9.4,implemented,passed: tests/test_built_up_beam_columns_and_combined_local_stability.py,implementation_self_check_passed,standard_core/built_up_beam_columns_and_combined_local_stability.py,tests/test_built_up_beam_columns_and_combined_local_stability.py,V11-SP16-PROC-9.4.4-TRANSVERSE-STIFFENER-ROUTE,"Explicit procedure; global analysis, automatic geometry classification, and Section 16 remain external."
SP16-PROC-9.4.5-LONGITUDINAL-STIFFENER-ROUTE,procedure,9.4,implemented,passed: tests/test_built_up_beam_columns_and_combined_local_stability.py,implementation_self_check_passed,standard_core/built_up_beam_columns_and_combined_local_stability.py,tests/test_built_up_beam_columns_and_combined_local_stability.py,V11-SP16-PROC-9.4.5-LONGITUDINAL-STIFFENER-ROUTE,"Explicit procedure; global analysis, automatic geometry classification, and Section 16 remain external."
SP16-PROC-9.4.6-REDUCED-AREA-ROUTE,procedure,9.4,implemented,passed: tests/test_built_up_beam_columns_and_combined_local_stability.py,implementation_self_check_passed,standard_core/built_up_beam_columns_and_combined_local_stability.py,tests/test_built_up_beam_columns_and_combined_local_stability.py,V11-SP16-PROC-9.4.6-REDUCED-AREA-ROUTE,"Explicit procedure; global analysis, automatic geometry classification, and Section 16 remain external."
SP16-PROC-9.4.7-TABLE-23-ROUTING,procedure,9.4,implemented,passed: tests/test_built_up_beam_columns_and_combined_local_stability.py,implementation_self_check_passed,standard_core/built_up_beam_columns_and_combined_local_stability.py,tests/test_built_up_beam_columns_and_combined_local_stability.py,V11-SP16-PROC-9.4.7-TABLE-23-ROUTING,"Explicit procedure; global analysis, automatic geometry classification, and Section 16 remain external."
SP16-PROC-9.4.7-M-INTERPOLATION,procedure,9.4,implemented,passed: tests/test_built_up_beam_columns_and_combined_local_stability.py,implementation_self_check_passed,standard_core/built_up_beam_columns_and_combined_local_stability.py,tests/test_built_up_beam_columns_and_combined_local_stability.py,V11-SP16-PROC-9.4.7-M-INTERPOLATION,"Explicit procedure; global analysis, automatic geometry classification, and Section 16 remain external."
SP16-PROC-9.4.8-EDGE-RETURN-MULTIPLIER,procedure,9.4,implemented,passed: tests/test_built_up_beam_columns_and_combined_local_stability.py,implementation_self_check_passed,standard_core/built_up_beam_columns_and_combined_local_stability.py,tests/test_built_up_beam_columns_and_combined_local_stability.py,V11-SP16-PROC-9.4.8-EDGE-RETURN-MULTIPLIER,"Explicit procedure; global analysis, automatic geometry classification, and Section 16 remain external."
SP16-PROC-9.4.9-TWO-PLANE-INCREASE,procedure,9.4,implemented,passed: tests/test_built_up_beam_columns_and_combined_local_stability.py,implementation_self_check_passed,standard_core/built_up_beam_columns_and_combined_local_stability.py,tests/test_built_up_beam_columns_and_combined_local_stability.py,V11-SP16-PROC-9.4.9-TWO-PLANE-INCREASE,"Explicit procedure; global analysis, automatic geometry classification, and Section 16 remain external."
SP16-PROC-9.4.10-TENSION-MEMBER-BENDING-ROUTE,procedure,9.4,implemented,passed: tests/test_built_up_beam_columns_and_combined_local_stability.py,implementation_self_check_passed,standard_core/built_up_beam_columns_and_combined_local_stability.py,tests/test_built_up_beam_columns_and_combined_local_stability.py,V11-SP16-PROC-9.4.10-TENSION-MEMBER-BENDING-ROUTE,"Explicit procedure; global analysis, automatic geometry classification, and Section 16 remain external."
SP16-PROC-10.1.1-TABLE-24-ROUTING,procedure,Clause 10.1.1,implemented,passed,passed,standard_core.effective_lengths_and_limiting_slenderness.table_24_effective_length,tests/test_effective_lengths_and_limiting_slenderness.py,V12-SP16-PROC-10.1.1-TABLE-24-ROUTING,Implemented in v0.12 with explicit selectors and documented external boundaries.
SP16-PROC-10.1.3-TABLE-25-ROUTING,procedure,Clause 10.1.3,implemented,passed,passed,standard_core.effective_lengths_and_limiting_slenderness.table_25_cross_lattice_effective_length,tests/test_effective_lengths_and_limiting_slenderness.py,V12-SP16-PROC-10.1.3-TABLE-25-ROUTING,Implemented in v0.12 with explicit selectors and documented external boundaries.
SP16-PROC-10.1.4-SINGLE-ANGLE-RADIUS-SELECTION,procedure,Clause 10.1.4,implemented,passed,passed,standard_core.effective_lengths_and_limiting_slenderness.single_angle_radius_selection_clause_10_1_4,tests/test_effective_lengths_and_limiting_slenderness.py,V12-SP16-PROC-10.1.4-SINGLE-ANGLE-RADIUS-SELECTION,Implemented in v0.12 with explicit selectors and documented external boundaries.
SP16-PROC-10.2.1-TABLE-26-ROUTING,procedure,Clause 10.2.1,implemented,passed,passed,standard_core.effective_lengths_and_limiting_slenderness.table_26_structural_member_effective_length,tests/test_effective_lengths_and_limiting_slenderness.py,V12-SP16-PROC-10.2.1-TABLE-26-ROUTING,Implemented in v0.12 with explicit selectors and documented external boundaries.
SP16-PROC-10.2.2-RADIUS-SELECTION,procedure,Clause 10.2.2,implemented,passed,passed,standard_core.effective_lengths_and_limiting_slenderness.structural_member_radius_selection_clause_10_2_2,tests/test_effective_lengths_and_limiting_slenderness.py,V12-SP16-PROC-10.2.2-RADIUS-SELECTION,Implemented in v0.12 with explicit selectors and documented external boundaries.
SP16-PROC-10.2.3-TABLE-27-ROUTING,procedure,Clause 10.2.3,implemented,passed,passed,standard_core.effective_lengths_and_limiting_slenderness.table_27_spatial_member_properties,tests/test_effective_lengths_and_limiting_slenderness.py,V12-SP16-PROC-10.2.3-TABLE-27-ROUTING,Implemented in v0.12 with explicit selectors and documented external boundaries.
SP16-PROC-10.2.3-TABLE-28-ROUTING,procedure,Clause 10.2.3,implemented,passed,passed,standard_core.effective_lengths_and_limiting_slenderness.table_28_intersection_conditional_length,tests/test_effective_lengths_and_limiting_slenderness.py,V12-SP16-PROC-10.2.3-TABLE-28-ROUTING,Implemented in v0.12 with explicit selectors and documented external boundaries.
SP16-PROC-10.2.3-TABLE-29-ROUTING,procedure,Clause 10.2.3,implemented,passed,passed,standard_core.effective_lengths_and_limiting_slenderness.table_29_diagonal_length_factor,tests/test_effective_lengths_and_limiting_slenderness.py,V12-SP16-PROC-10.2.3-TABLE-29-ROUTING,Implemented in v0.12 with explicit selectors and documented external boundaries.
SP16-PROC-10.2.4-FIG15C-SPECIAL-ROUTING,procedure,Clause 10.2.4,implemented,passed,passed,standard_core.effective_lengths_and_limiting_slenderness.table_29_end_connection_adjustment,tests/test_effective_lengths_and_limiting_slenderness.py,V12-SP16-PROC-10.2.4-FIG15C-SPECIAL-ROUTING,Implemented in v0.12 with explicit selectors and documented external boundaries.
SP16-PROC-10.2.5-TUBE-AND-DOUBLE-ANGLE-ROUTING,procedure,Clause 10.2.5,implemented,passed,passed,standard_core.effective_lengths_and_limiting_slenderness.table_24_effective_length,tests/test_effective_lengths_and_limiting_slenderness.py,V12-SP16-PROC-10.2.5-TUBE-AND-DOUBLE-ANGLE-ROUTING,Implemented in v0.12 with explicit selectors and documented external boundaries.
SP16-PROC-10.3.2-LOAD-COMBINATION-CONSISTENCY,procedure,Clause 10.3.2,implemented,passed,passed,standard_core.effective_lengths_and_limiting_slenderness.column_effective_length_eq140,tests/test_effective_lengths_and_limiting_slenderness.py,V12-SP16-PROC-10.3.2-LOAD-COMBINATION-CONSISTENCY,Implemented in v0.12 with explicit selectors and documented external boundaries.
SP16-PROC-10.3.3-TABLE-30-ROUTING,procedure,Clause 10.3.3,implemented,passed,passed,standard_core.effective_lengths_and_limiting_slenderness.table_30_effective_length_factor,tests/test_effective_lengths_and_limiting_slenderness.py,V12-SP16-PROC-10.3.3-TABLE-30-ROUTING,Implemented in v0.12 with explicit selectors and documented external boundaries.
SP16-PROC-10.3.4-TABLE-31-PARAMETERS,procedure,Clause 10.3.4,implemented,passed,passed,standard_core.effective_lengths_and_limiting_slenderness.table_31_multistory_parameters,tests/test_effective_lengths_and_limiting_slenderness.py,V12-SP16-PROC-10.3.4-TABLE-31-PARAMETERS,Implemented in v0.12 with explicit selectors and documented external boundaries.
SP16-PROC-10.3.4-TABLE-31-SPECIAL-CASES,procedure,Clause 10.3.4,implemented,passed,passed,standard_core.effective_lengths_and_limiting_slenderness.table_31_special_case_mu,tests/test_effective_lengths_and_limiting_slenderness.py,V12-SP16-PROC-10.3.4-TABLE-31-SPECIAL-CASES,Implemented in v0.12 with explicit selectors and documented external boundaries.
SP16-PROC-10.3.5-GLOBAL-FRAME-STABILITY-ROUTE,procedure,Clause 10.3.5,implemented,passed,passed,standard_core.effective_lengths_and_limiting_slenderness.slenderness_check,tests/test_effective_lengths_and_limiting_slenderness.py,V12-SP16-PROC-10.3.5-GLOBAL-FRAME-STABILITY-ROUTE,Implemented in v0.12 with explicit selectors and documented external boundaries.
SP16-PROC-10.3.7-STEPPED-COLUMN-EXTERNAL-ROUTE,procedure,Clause 10.3.7,implemented,passed,passed,standard_core.effective_lengths_and_limiting_slenderness.column_effective_length_eq140,tests/test_effective_lengths_and_limiting_slenderness.py,V12-SP16-PROC-10.3.7-STEPPED-COLUMN-EXTERNAL-ROUTE,Implemented in v0.12 with explicit selectors and documented external boundaries.
SP16-PROC-10.3.9-OUT-OF-PLANE-COLUMN-LENGTH,procedure,Clause 10.3.9,implemented,passed,passed,standard_core.effective_lengths_and_limiting_slenderness.out_of_plane_column_effective_length_clause_10_3_9,tests/test_effective_lengths_and_limiting_slenderness.py,V12-SP16-PROC-10.3.9-OUT-OF-PLANE-COLUMN-LENGTH,Implemented in v0.12 with explicit selectors and documented external boundaries.
SP16-PROC-10.3.10-GALLERY-SUPPORT-LENGTH,procedure,Clause 10.3.10,implemented,passed,passed,standard_core.effective_lengths_and_limiting_slenderness.gallery_support_branch_effective_length_clause_10_3_10,tests/test_effective_lengths_and_limiting_slenderness.py,V12-SP16-PROC-10.3.10-GALLERY-SUPPORT-LENGTH,Implemented in v0.12 with explicit selectors and documented external boundaries.
SP16-PROC-10.3.11-CERTIFIED-SOFTWARE-ASSUMPTION,procedure,Clause 10.3.11,implemented,passed,passed,standard_core.effective_lengths_and_limiting_slenderness.column_effective_length_eq140,tests/test_effective_lengths_and_limiting_slenderness.py,V12-SP16-PROC-10.3.11-CERTIFIED-SOFTWARE-ASSUMPTION,Implemented in v0.12 with explicit selectors and documented external boundaries.
SP16-PROC-10.4.1-SLENDERNESS-CHECK,procedure,Clause 10.4.1,implemented,passed,passed,standard_core.effective_lengths_and_limiting_slenderness.slenderness_check,tests/test_effective_lengths_and_limiting_slenderness.py,V12-SP16-PROC-10.4.1-SLENDERNESS-CHECK,Implemented in v0.12 with explicit selectors and documented external boundaries.
SP16-PROC-10.4.2-GROUP-4-INCREASE,procedure,Clause 10.4.2,implemented,passed,passed,standard_core.effective_lengths_and_limiting_slenderness.group_4_limiting_slenderness_increase,tests/test_effective_lengths_and_limiting_slenderness.py,V12-SP16-PROC-10.4.2-GROUP-4-INCREASE,Implemented in v0.12 with explicit selectors and documented external boundaries.
SP16-PROC-TABLE-33-NOTES,procedure,Clause 10.4.1,implemented,passed,passed,standard_core.effective_lengths_and_limiting_slenderness.table_33_tension_limiting_slenderness,tests/test_effective_lengths_and_limiting_slenderness.py,V12-SP16-PROC-TABLE-33-NOTES,Implemented in v0.12 with explicit selectors and documented external boundaries.
SP16-PROC-11.1.1-PRINCIPAL-STRESS-LIMITS,procedure,11.1.1,implemented,passed: tests/test_sheet_structures_strength_and_stability.py,V13 procedure self-check: pass,standard_core.sheet_structures_strength_and_stability.principal_stress_resistance_check_clause_11_1_1,tests/test_sheet_structures_strength_and_stability.py,V13-SP16-PROC-11.1.1-PRINCIPAL-STRESS-LIMITS,Procedure visually extracted from Section 11; external analysis boundaries are not replaced by invented formulas.
SP16-PROC-11.1.4-LOCAL-EDGE-EFFECT,procedure,11.1.4,implemented,passed: tests/test_sheet_structures_strength_and_stability.py,V13 procedure self-check: pass,standard_core.sheet_structures_strength_and_stability.shell_analysis_route_clause_11_1_4_11_1_5,tests/test_sheet_structures_strength_and_stability.py,V13-SP16-PROC-11.1.4-LOCAL-EDGE-EFFECT,Procedure visually extracted from Section 11; external analysis boundaries are not replaced by invented formulas.
SP16-PROC-11.1.5-CERTIFIED-SPATIAL-ANALYSIS,procedure,11.1.5,implemented,passed: tests/test_sheet_structures_strength_and_stability.py,V13 procedure self-check: pass,standard_core.sheet_structures_strength_and_stability.shell_analysis_route_clause_11_1_4_11_1_5,tests/test_sheet_structures_strength_and_stability.py,V13-SP16-PROC-11.1.5-CERTIFIED-SPATIAL-ANALYSIS,Procedure visually extracted from Section 11; external analysis boundaries are not replaced by invented formulas.
SP16-PROC-11.2.1-CRITICAL-STRESS-SELECTION,procedure,11.2.1,implemented,passed: tests/test_sheet_structures_strength_and_stability.py,V13 procedure self-check: pass,standard_core.sheet_structures_strength_and_stability.cylindrical_axial_critical_stress,tests/test_sheet_structures_strength_and_stability.py,V13-SP16-PROC-11.2.1-CRITICAL-STRESS-SELECTION,Procedure visually extracted from Section 11; external analysis boundaries are not replaced by invented formulas.
SP16-PROC-11.2.1-ECCENTRIC-COMPRESSION-ADJUSTMENT,procedure,11.2.1,implemented,passed: tests/test_sheet_structures_strength_and_stability.py,V13 procedure self-check: pass,standard_core.sheet_structures_strength_and_stability.eccentric_compression_critical_stress_multiplier_clause_11_2_1,tests/test_sheet_structures_strength_and_stability.py,V13-SP16-PROC-11.2.1-ECCENTRIC-COMPRESSION-ADJUSTMENT,Procedure visually extracted from Section 11; external analysis boundaries are not replaced by invented formulas.
SP16-PROC-11.2.2-TUBE-ROUTING,procedure,11.2.2,implemented,passed: tests/test_sheet_structures_strength_and_stability.py,V13 procedure self-check: pass,standard_core.sheet_structures_strength_and_stability.tube_local_stability_route_clause_11_2_2,tests/test_sheet_structures_strength_and_stability.py,V13-SP16-PROC-11.2.2-TUBE-ROUTING,Procedure visually extracted from Section 11; external analysis boundaries are not replaced by invented formulas.
SP16-PROC-11.2.3-PANEL-INTERPOLATION,procedure,11.2.3,implemented,passed: tests/test_sheet_structures_strength_and_stability.py,V13 procedure self-check: pass,standard_core.sheet_structures_strength_and_stability.cylindrical_panel_limit,tests/test_sheet_structures_strength_and_stability.py,V13-SP16-PROC-11.2.3-PANEL-INTERPOLATION,Procedure visually extracted from Section 11; external analysis boundaries are not replaced by invented formulas.
SP16-PROC-11.2.3-PANEL-OR-SHELL-ROUTING,procedure,11.2.3,implemented,passed: tests/test_sheet_structures_strength_and_stability.py,V13 procedure self-check: pass,standard_core.sheet_structures_strength_and_stability.cylindrical_panel_route_clause_11_2_3,tests/test_sheet_structures_strength_and_stability.py,V13-SP16-PROC-11.2.3-PANEL-OR-SHELL-ROUTING,Procedure visually extracted from Section 11; external analysis boundaries are not replaced by invented formulas.
SP16-PROC-11.2.4-EXTERNAL-PRESSURE-INTERPOLATION,procedure,11.2.4,implemented,passed: tests/test_sheet_structures_strength_and_stability.py,V13 procedure self-check: pass,standard_core.sheet_structures_strength_and_stability.cylindrical_external_pressure_critical_stress,tests/test_sheet_structures_strength_and_stability.py,V13-SP16-PROC-11.2.4-EXTERNAL-PRESSURE-INTERPOLATION,Procedure visually extracted from Section 11; external analysis boundaries are not replaced by invented formulas.
SP16-PROC-11.2.4-RING-STIFFENER-REQUIREMENTS,procedure,11.2.4,implemented,passed: tests/test_sheet_structures_strength_and_stability.py,V13 procedure self-check: pass,standard_core.sheet_structures_strength_and_stability.ring_stiffener_requirements_clause_11_2_4,tests/test_sheet_structures_strength_and_stability.py,V13-SP16-PROC-11.2.4-RING-STIFFENER-REQUIREMENTS,Procedure visually extracted from Section 11; external analysis boundaries are not replaced by invented formulas.
SP16-PROC-11.2.5-COMBINED-CYLINDER-INTERACTION,procedure,11.2.5,implemented,passed: tests/test_sheet_structures_strength_and_stability.py,V13 procedure self-check: pass,standard_core.sheet_structures_strength_and_stability.cylindrical_combined_stability_utilization_eq162,tests/test_sheet_structures_strength_and_stability.py,V13-SP16-PROC-11.2.5-COMBINED-CYLINDER-INTERACTION,Procedure visually extracted from Section 11; external analysis boundaries are not replaced by invented formulas.
SP16-PROC-11.2.6-CONE-ANGLE-LIMIT,procedure,11.2.6,implemented,passed: tests/test_sheet_structures_strength_and_stability.py,V13 procedure self-check: pass,standard_core.sheet_structures_strength_and_stability.conical_equivalent_radius_eq165,tests/test_sheet_structures_strength_and_stability.py,V13-SP16-PROC-11.2.6-CONE-ANGLE-LIMIT,Procedure visually extracted from Section 11; external analysis boundaries are not replaced by invented formulas.
SP16-PROC-11.2.8-COMBINED-CONE-INTERACTION,procedure,11.2.8,implemented,passed: tests/test_sheet_structures_strength_and_stability.py,V13 procedure self-check: pass,standard_core.sheet_structures_strength_and_stability.conical_combined_stability_utilization_eq168,tests/test_sheet_structures_strength_and_stability.py,V13-SP16-PROC-11.2.8-COMBINED-CONE-INTERACTION,Procedure visually extracted from Section 11; external analysis boundaries are not replaced by invented formulas.
SP16-PROC-11.2.9-SPHERE-RATIO-LIMIT,procedure,11.2.9,implemented,passed: tests/test_sheet_structures_strength_and_stability.py,V13 procedure self-check: pass,standard_core.sheet_structures_strength_and_stability.spherical_external_pressure_critical_stress_clause_11_2_9,tests/test_sheet_structures_strength_and_stability.py,V13-SP16-PROC-11.2.9-SPHERE-RATIO-LIMIT,Procedure visually extracted from Section 11; external analysis boundaries are not replaced by invented formulas.
SP16-PROC-12.1.1-APPLICABILITY,procedure,12.1.1,implemented,passed: tests/test_fatigue_design.py,V14-SP16-PROC-12.1.1-APPLICABILITY: pass,standard_core.fatigue_design.fatigue_applicability_route_clause_12_1_1_12_1_3,tests/test_fatigue_design.py,V14-SP16-PROC-12.1.1-APPLICABILITY,Visually extracted from Section 12 or Annex K; external inputs are not invented.
SP16-PROC-12.1.2-STRESS-ASYMMETRY-RATIO,procedure,12.1.2,implemented,passed: tests/test_fatigue_design.py,V14-SP16-PROC-12.1.2-STRESS-ASYMMETRY-RATIO: pass,standard_core.fatigue_design.stress_asymmetry_ratio,tests/test_fatigue_design.py,V14-SP16-PROC-12.1.2-STRESS-ASYMMETRY-RATIO,Visually extracted from Section 12 or Annex K; external inputs are not invented.
SP16-PROC-12.1.2-CYCLE-FACTOR-ROUTING,procedure,12.1.2,implemented,passed: tests/test_fatigue_design.py,V14-SP16-PROC-12.1.2-CYCLE-FACTOR-ROUTING: pass,standard_core.fatigue_design.fatigue_cycle_factor_alpha,tests/test_fatigue_design.py,V14-SP16-PROC-12.1.2-CYCLE-FACTOR-ROUTING,Visually extracted from Section 12 or Annex K; external inputs are not invented.
SP16-PROC-12.1.2-RESISTANCE-CAP,procedure,12.1.2,implemented,passed: tests/test_fatigue_design.py,V14-SP16-PROC-12.1.2-RESISTANCE-CAP: pass,standard_core.fatigue_design.fatigue_resistance_cap_check_clause_12_1_2,tests/test_fatigue_design.py,V14-SP16-PROC-12.1.2-RESISTANCE-CAP,Visually extracted from Section 12 or Annex K; external inputs are not invented.
SP16-PROC-12.1.3-LOW-CYCLE-ROUTE,procedure,12.1.3,implemented,passed: tests/test_fatigue_design.py,V14-SP16-PROC-12.1.3-LOW-CYCLE-ROUTE: pass,standard_core.fatigue_design.fatigue_applicability_route_clause_12_1_1_12_1_3,tests/test_fatigue_design.py,V14-SP16-PROC-12.1.3-LOW-CYCLE-ROUTE,Visually extracted from Section 12 or Annex K; external inputs are not invented.
SP16-PROC-12.2-CRANE-CYCLE-FACTOR,procedure,12.2,implemented,passed: tests/test_fatigue_design.py,V14-SP16-PROC-12.2-CRANE-CYCLE-FACTOR: pass,standard_core.fatigue_design.crane_runway_cycle_factor_clause_12_2,tests/test_fatigue_design.py,V14-SP16-PROC-12.2-CRANE-CYCLE-FACTOR,Visually extracted from Section 12 or Annex K; external inputs are not invented.
SP16-PROC-12.2-WEB-FATIGUE-RESISTANCE,procedure,12.2,implemented,passed: tests/test_fatigue_design.py,V14-SP16-PROC-12.2-WEB-FATIGUE-RESISTANCE: pass,standard_core.fatigue_design.crane_runway_web_fatigue_resistance_clause_12_2,tests/test_fatigue_design.py,V14-SP16-PROC-12.2-WEB-FATIGUE-RESISTANCE,Visually extracted from Section 12 or Annex K; external inputs are not invented.
SP16-PROC-K.1-GROUP-LOOKUP,procedure,Annex K,implemented,passed: tests/test_fatigue_design.py,V14-SP16-PROC-K.1-GROUP-LOOKUP: pass,standard_core.fatigue_design.annex_k_group,tests/test_fatigue_design.py,V14-SP16-PROC-K.1-GROUP-LOOKUP,Visually extracted from Section 12 or Annex K; external inputs are not invented.
SP16-PROC-K.1-TUBE-CASE-20,procedure,Annex K,implemented,passed: tests/test_fatigue_design.py,V14-SP16-PROC-K.1-TUBE-CASE-20: pass,standard_core.fatigue_design.annex_k_tube_joint_group_case20,tests/test_fatigue_design.py,V14-SP16-PROC-K.1-TUBE-CASE-20,Visually extracted from Section 12 or Annex K; external inputs are not invented.
SP16-PROC-K.1-TUBE-CASE-21,procedure,Annex K,implemented,passed: tests/test_fatigue_design.py,V14-SP16-PROC-K.1-TUBE-CASE-21: pass,standard_core.fatigue_design.annex_k_tube_joint_group_case21,tests/test_fatigue_design.py,V14-SP16-PROC-K.1-TUBE-CASE-21,Visually extracted from Section 12 or Annex K; external inputs are not invented.
SP16-PROC-13.1-BRITTLE-FACTORS,procedure,13.1,implemented,passed: tests/test_brittle_fracture_and_welded_connections.py,V15-SP16-PROC-13.1-BRITTLE-FACTORS: pass,standard_core.brittle_fracture_and_welded_connections.brittle_fracture_factor_register_clause_13_1,tests/test_brittle_fracture_and_welded_connections.py,V15-SP16-PROC-13.1-BRITTLE-FACTORS,Visually audited Section 13 or 14.1 procedure with explicit engineering inputs and documented external boundaries.
SP16-PROC-13.2-PREVENTION-CHECKLIST,procedure,13.1-13.2,implemented,passed: tests/test_brittle_fracture_and_welded_connections.py,V15-SP16-PROC-13.2-PREVENTION-CHECKLIST: pass,standard_core.brittle_fracture_and_welded_connections.brittle_fracture_prevention_checklist_clause_13_1_13_2,tests/test_brittle_fracture_and_welded_connections.py,V15-SP16-PROC-13.2-PREVENTION-CHECKLIST,Visually audited Section 13 or 14.1 procedure with explicit engineering inputs and documented external boundaries.
SP16-PROC-13.3-LAMELLAR-APPLICABILITY,procedure,13.3,implemented,passed: tests/test_brittle_fracture_and_welded_connections.py,V15-SP16-PROC-13.3-LAMELLAR-APPLICABILITY: pass,standard_core.brittle_fracture_and_welded_connections.lamellar_tearing_applicability_clause_13_3,tests/test_brittle_fracture_and_welded_connections.py,V15-SP16-PROC-13.3-LAMELLAR-APPLICABILITY,Visually audited Section 13 or 14.1 procedure with explicit engineering inputs and documented external boundaries.
SP16-PROC-13.4-Z-TEST-ROUTE,procedure,13.4,implemented,passed: tests/test_brittle_fracture_and_welded_connections.py,V15-SP16-PROC-13.4-Z-TEST-ROUTE: pass,standard_core.brittle_fracture_and_welded_connections.through_thickness_property_test_route_clause_13_4,tests/test_brittle_fracture_and_welded_connections.py,V15-SP16-PROC-13.4-Z-TEST-ROUTE,Visually audited Section 13 or 14.1 procedure with explicit engineering inputs and documented external boundaries.
SP16-PROC-13.5-RISK-MODIFIER,procedure,13.5,implemented,passed: tests/test_brittle_fracture_and_welded_connections.py,V15-SP16-PROC-13.5-RISK-MODIFIER: pass,standard_core.brittle_fracture_and_welded_connections.lamellar_tearing_adjusted_risk_clause_13_5,tests/test_brittle_fracture_and_welded_connections.py,V15-SP16-PROC-13.5-RISK-MODIFIER,Visually audited Section 13 or 14.1 procedure with explicit engineering inputs and documented external boundaries.
SP16-PROC-13.5-Z-GROUP-SELECTION,procedure,13.5,implemented,passed: tests/test_brittle_fracture_and_welded_connections.py,V15-SP16-PROC-13.5-Z-GROUP-SELECTION: pass,standard_core.brittle_fracture_and_welded_connections.required_z_quality_group_clause_13_5,tests/test_brittle_fracture_and_welded_connections.py,V15-SP16-PROC-13.5-Z-GROUP-SELECTION,Visually audited Section 13 or 14.1 procedure with explicit engineering inputs and documented external boundaries.
SP16-PROC-13.5-LAMELLAR-CHECK,procedure,13.5,implemented,passed: tests/test_brittle_fracture_and_welded_connections.py,V15-SP16-PROC-13.5-LAMELLAR-CHECK: pass,standard_core.brittle_fracture_and_welded_connections.lamellar_tearing_check_clause_13_5,tests/test_brittle_fracture_and_welded_connections.py,V15-SP16-PROC-13.5-LAMELLAR-CHECK,Visually audited Section 13 or 14.1 procedure with explicit engineering inputs and documented external boundaries.
SP16-PROC-14.1.1-14.1.6-DETAILING,procedure,14.1.1-14.1.6,implemented,passed: tests/test_brittle_fracture_and_welded_connections.py,V15-SP16-PROC-14.1.1-14.1.6-DETAILING: pass,standard_core.brittle_fracture_and_welded_connections.welded_connection_detailing_checklist_clause_14_1_1_14_1_6,tests/test_brittle_fracture_and_welded_connections.py,V15-SP16-PROC-14.1.1-14.1.6-DETAILING,Visually audited Section 13 or 14.1 procedure with explicit engineering inputs and documented external boundaries.
SP16-PROC-14.1.7-MAXIMUM-LEG,procedure,14.1.7,implemented,passed: tests/test_brittle_fracture_and_welded_connections.py,V15-SP16-PROC-14.1.7-MAXIMUM-LEG: pass,standard_core.brittle_fracture_and_welded_connections.maximum_fillet_weld_leg_clause_14_1_7,tests/test_brittle_fracture_and_welded_connections.py,V15-SP16-PROC-14.1.7-MAXIMUM-LEG,Visually audited Section 13 or 14.1 procedure with explicit engineering inputs and documented external boundaries.
SP16-PROC-14.1.7-MINIMUM-LENGTH,procedure,14.1.7,implemented,passed: tests/test_brittle_fracture_and_welded_connections.py,V15-SP16-PROC-14.1.7-MINIMUM-LENGTH: pass,standard_core.brittle_fracture_and_welded_connections.minimum_fillet_weld_design_length_clause_14_1_7,tests/test_brittle_fracture_and_welded_connections.py,V15-SP16-PROC-14.1.7-MINIMUM-LENGTH,Visually audited Section 13 or 14.1 procedure with explicit engineering inputs and documented external boundaries.
SP16-PROC-14.1.7-MAXIMUM-FLANK-LENGTH,procedure,14.1.7,implemented,passed: tests/test_brittle_fracture_and_welded_connections.py,V15-SP16-PROC-14.1.7-MAXIMUM-FLANK-LENGTH: pass,standard_core.brittle_fracture_and_welded_connections.maximum_flank_weld_length_clause_14_1_7,tests/test_brittle_fracture_and_welded_connections.py,V15-SP16-PROC-14.1.7-MAXIMUM-FLANK-LENGTH,Visually audited Section 13 or 14.1 procedure with explicit engineering inputs and documented external boundaries.
SP16-PROC-14.1.7-MINIMUM-LAP,procedure,14.1.7,implemented,passed: tests/test_brittle_fracture_and_welded_connections.py,V15-SP16-PROC-14.1.7-MINIMUM-LAP: pass,standard_core.brittle_fracture_and_welded_connections.minimum_lap_length_clause_14_1_7,tests/test_brittle_fracture_and_welded_connections.py,V15-SP16-PROC-14.1.7-MINIMUM-LAP,Visually audited Section 13 or 14.1 procedure with explicit engineering inputs and documented external boundaries.
SP16-PROC-14.1.8-CONSUMABLE-COMPATIBILITY,procedure,14.1.8,implemented,passed: tests/test_brittle_fracture_and_welded_connections.py,V15-SP16-PROC-14.1.8-CONSUMABLE-COMPATIBILITY: pass,standard_core.brittle_fracture_and_welded_connections.welding_consumable_compatibility_clause_14_1_8,tests/test_brittle_fracture_and_welded_connections.py,V15-SP16-PROC-14.1.8-CONSUMABLE-COMPATIBILITY,Visually audited Section 13 or 14.1 procedure with explicit engineering inputs and documented external boundaries.
SP16-PROC-14.1.9-ONE-SIDED-ROUTE,procedure,14.1.9,implemented,passed: tests/test_brittle_fracture_and_welded_connections.py,V15-SP16-PROC-14.1.9-ONE-SIDED-ROUTE: pass,standard_core.brittle_fracture_and_welded_connections.one_sided_fillet_weld_route_clause_14_1_9,tests/test_brittle_fracture_and_welded_connections.py,V15-SP16-PROC-14.1.9-ONE-SIDED-ROUTE,Visually audited Section 13 or 14.1 procedure with explicit engineering inputs and documented external boundaries.
SP16-PROC-14.1.10-INTERMITTENT-ROUTE,procedure,14.1.10,implemented,passed: tests/test_brittle_fracture_and_welded_connections.py,V15-SP16-PROC-14.1.10-INTERMITTENT-ROUTE: pass,standard_core.brittle_fracture_and_welded_connections.intermittent_weld_applicability_clause_14_1_10,tests/test_brittle_fracture_and_welded_connections.py,V15-SP16-PROC-14.1.10-INTERMITTENT-ROUTE,Visually audited Section 13 or 14.1 procedure with explicit engineering inputs and documented external boundaries.
SP16-PROC-14.1.10-INTERMITTENT-SPACING,procedure,14.1.10,implemented,passed: tests/test_brittle_fracture_and_welded_connections.py,V15-SP16-PROC-14.1.10-INTERMITTENT-SPACING: pass,standard_core.brittle_fracture_and_welded_connections.intermittent_weld_spacing_limit_clause_14_1_10,tests/test_brittle_fracture_and_welded_connections.py,V15-SP16-PROC-14.1.10-INTERMITTENT-SPACING,Visually audited Section 13 or 14.1 procedure with explicit engineering inputs and documented external boundaries.
SP16-PROC-14.1.10-END-WELD-LENGTH,procedure,14.1.10,implemented,passed: tests/test_brittle_fracture_and_welded_connections.py,V15-SP16-PROC-14.1.10-END-WELD-LENGTH: pass,standard_core.brittle_fracture_and_welded_connections.end_weld_minimum_length_clause_14_1_10,tests/test_brittle_fracture_and_welded_connections.py,V15-SP16-PROC-14.1.10-END-WELD-LENGTH,Visually audited Section 13 or 14.1 procedure with explicit engineering inputs and documented external boundaries.
SP16-PROC-14.1.11-PERIMETER-WELD-ROUTE,procedure,14.1.11-14.1.12,implemented,passed: tests/test_brittle_fracture_and_welded_connections.py,V15-SP16-PROC-14.1.11-PERIMETER-WELD-ROUTE: pass,standard_core.brittle_fracture_and_welded_connections.perimeter_or_plug_weld_route_clause_14_1_11_14_1_12,tests/test_brittle_fracture_and_welded_connections.py,V15-SP16-PROC-14.1.11-PERIMETER-WELD-ROUTE,Visually audited Section 13 or 14.1 procedure with explicit engineering inputs and documented external boundaries.
SP16-PROC-14.1.12-PLUG-WELD-REQUIREMENTS,procedure,14.1.12,implemented,passed: tests/test_brittle_fracture_and_welded_connections.py,V15-SP16-PROC-14.1.12-PLUG-WELD-REQUIREMENTS: pass,standard_core.brittle_fracture_and_welded_connections.plug_weld_requirements_clause_14_1_12,tests/test_brittle_fracture_and_welded_connections.py,V15-SP16-PROC-14.1.12-PLUG-WELD-REQUIREMENTS,Visually audited Section 13 or 14.1 procedure with explicit engineering inputs and documented external boundaries.
SP16-PROC-14.1.13-COMBINED-DISTRIBUTION,procedure,14.1.13,implemented,passed: tests/test_brittle_fracture_and_welded_connections.py,V15-SP16-PROC-14.1.13-COMBINED-DISTRIBUTION: pass,standard_core.brittle_fracture_and_welded_connections.combined_connection_force_distribution_clause_14_1_13,tests/test_brittle_fracture_and_welded_connections.py,V15-SP16-PROC-14.1.13-COMBINED-DISTRIBUTION,Visually audited Section 13 or 14.1 procedure with explicit engineering inputs and documented external boundaries.
SP16-PROC-14.1.14-BUTT-LENGTH,procedure,14.1.14,implemented,passed: tests/test_brittle_fracture_and_welded_connections.py,V15-SP16-PROC-14.1.14-BUTT-LENGTH: pass,standard_core.brittle_fracture_and_welded_connections.effective_butt_weld_length_clause_14_1_14,tests/test_brittle_fracture_and_welded_connections.py,V15-SP16-PROC-14.1.14-BUTT-LENGTH,Visually audited Section 13 or 14.1 procedure with explicit engineering inputs and documented external boundaries.
SP16-PROC-14.1.14-RESISTANCE-BRANCH,procedure,14.1.14,implemented,passed: tests/test_brittle_fracture_and_welded_connections.py,V15-SP16-PROC-14.1.14-RESISTANCE-BRANCH: pass,standard_core.brittle_fracture_and_welded_connections.butt_weld_resistance_branch_clause_14_1_14,tests/test_brittle_fracture_and_welded_connections.py,V15-SP16-PROC-14.1.14-RESISTANCE-BRANCH,Visually audited Section 13 or 14.1 procedure with explicit engineering inputs and documented external boundaries.
SP16-PROC-14.1.15-COMBINED-BUTT-STRESS,procedure,14.1.15,implemented,passed: tests/test_brittle_fracture_and_welded_connections.py,V15-SP16-PROC-14.1.15-COMBINED-BUTT-STRESS: pass,standard_core.brittle_fracture_and_welded_connections.butt_weld_combined_stress_clause_14_1_15,tests/test_brittle_fracture_and_welded_connections.py,V15-SP16-PROC-14.1.15-COMBINED-BUTT-STRESS,Visually audited Section 13 or 14.1 procedure with explicit engineering inputs and documented external boundaries.
SP16-PROC-14.1.16-FILLET-LENGTH,procedure,14.1.16,implemented,passed: tests/test_brittle_fracture_and_welded_connections.py,V15-SP16-PROC-14.1.16-FILLET-LENGTH: pass,standard_core.brittle_fracture_and_welded_connections.fillet_weld_effective_length_clause_14_1_16,tests/test_brittle_fracture_and_welded_connections.py,V15-SP16-PROC-14.1.16-FILLET-LENGTH,Visually audited Section 13 or 14.1 procedure with explicit engineering inputs and documented external boundaries.
SP16-PROC-14.1.16-GOVERNING-PLANE,procedure,14.1.16,implemented,passed: tests/test_brittle_fracture_and_welded_connections.py,V15-SP16-PROC-14.1.16-GOVERNING-PLANE: pass,standard_core.brittle_fracture_and_welded_connections.fillet_weld_governing_plane_clause_14_1_16,tests/test_brittle_fracture_and_welded_connections.py,V15-SP16-PROC-14.1.16-GOVERNING-PLANE,Visually audited Section 13 or 14.1 procedure with explicit engineering inputs and documented external boundaries.
SP16-PROC-14.1.20-SPOT-BETA,procedure,14.1.20,implemented,passed: tests/test_brittle_fracture_and_welded_connections.py,V15-SP16-PROC-14.1.20-SPOT-BETA: pass,standard_core.brittle_fracture_and_welded_connections.spot_weld_beta_clause_14_1_20,tests/test_brittle_fracture_and_welded_connections.py,V15-SP16-PROC-14.1.20-SPOT-BETA,Visually audited Section 13 or 14.1 procedure with explicit engineering inputs and documented external boundaries.
SP16-PROC-14.1.20-SPOT-CAPACITY,procedure,14.1.20,implemented,passed: tests/test_brittle_fracture_and_welded_connections.py,V15-SP16-PROC-14.1.20-SPOT-CAPACITY: pass,standard_core.brittle_fracture_and_welded_connections.spot_weld_governing_capacity_clause_14_1_20,tests/test_brittle_fracture_and_welded_connections.py,V15-SP16-PROC-14.1.20-SPOT-CAPACITY,Visually audited Section 13 or 14.1 procedure with explicit engineering inputs and documented external boundaries.
SP16-PROC-14.2.1-BOLT-STANDARD-ROUTE,procedure,Clause 14.2.1,implemented,tests/test_bolted_and_friction_connections.py,implementation_self_check_passed,standard_core.bolted_and_friction_connections.bolted_and_friction_external_requirements,tests/test_bolted_and_friction_connections.py,V16-SP16-PROC-14.2.1-BOLT-STANDARD-ROUTE,Procedure extracted and classified from clauses 14.2-14.3; external evidence boundaries remain explicit.
SP16-PROC-14.2.2-14.2.8-DETAILING,procedure,Clause 14.2.2-14.2.8,implemented,tests/test_bolted_and_friction_connections.py,implementation_self_check_passed,standard_core.bolted_and_friction_connections.table_40_check_layout,tests/test_bolted_and_friction_connections.py,V16-SP16-PROC-14.2.2-14.2.8-DETAILING,Procedure extracted and classified from clauses 14.2-14.3; external evidence boundaries remain explicit.
SP16-PROC-14.2.10-LONG-JOINT,procedure,Clause 14.2.10,implemented,tests/test_bolted_and_friction_connections.py,implementation_self_check_passed,standard_core.bolted_and_friction_connections.long_joint_reduction_factor_14_2_10,tests/test_bolted_and_friction_connections.py,V16-SP16-PROC-14.2.10-LONG-JOINT,Procedure extracted and classified from clauses 14.2-14.3; external evidence boundaries remain explicit.
SP16-PROC-14.2.11-MOMENT-DISTRIBUTION,procedure,Clause 14.2.11,implemented,tests/test_bolted_and_friction_connections.py,implementation_self_check_passed,standard_core.bolted_and_friction_connections.bolt_group_force_distribution_14_2_11_12,tests/test_bolted_and_friction_connections.py,V16-SP16-PROC-14.2.11-MOMENT-DISTRIBUTION,Procedure extracted and classified from clauses 14.2-14.3; external evidence boundaries remain explicit.
SP16-PROC-14.2.12-FORCE-MOMENT-DISTRIBUTION,procedure,Clause 14.2.12,implemented,tests/test_bolted_and_friction_connections.py,implementation_self_check_passed,standard_core.bolted_and_friction_connections.bolt_group_force_distribution_14_2_11_12,tests/test_bolted_and_friction_connections.py,V16-SP16-PROC-14.2.12-FORCE-MOMENT-DISTRIBUTION,Procedure extracted and classified from clauses 14.2-14.3; external evidence boundaries remain explicit.
SP16-PROC-14.2.14-BOLT-COUNT-INCREASE,procedure,Clause 14.2.14,implemented,tests/test_bolted_and_friction_connections.py,implementation_self_check_passed,standard_core.bolted_and_friction_connections.bolt_count_detailing_adjustment_14_2_14,tests/test_bolted_and_friction_connections.py,V16-SP16-PROC-14.2.14-BOLT-COUNT-INCREASE,Procedure extracted and classified from clauses 14.2-14.3; external evidence boundaries remain explicit.
SP16-PROC-14.2.15-ANCHOR-EXTERNAL-ROUTE,procedure,Clause 14.2.15,implemented,tests/test_bolted_and_friction_connections.py,implementation_self_check_passed,standard_core.bolted_and_friction_connections.bolted_and_friction_external_requirements,tests/test_bolted_and_friction_connections.py,V16-SP16-PROC-14.2.15-ANCHOR-EXTERNAL-ROUTE,Procedure extracted and classified from clauses 14.2-14.3; external evidence boundaries remain explicit.
SP16-PROC-14.3.1-14.3.2-APPLICATION,procedure,Clause 14.3.1-14.3.2,implemented,tests/test_bolted_and_friction_connections.py,implementation_self_check_passed,standard_core.bolted_and_friction_connections.bolted_and_friction_external_requirements,tests/test_bolted_and_friction_connections.py,V16-SP16-PROC-14.3.1-14.3.2-APPLICATION,Procedure extracted and classified from clauses 14.2-14.3; external evidence boundaries remain explicit.
SP16-PROC-14.3.4-GAMMA-B,procedure,Clause 14.3.4,implemented,tests/test_bolted_and_friction_connections.py,implementation_self_check_passed,standard_core.bolted_and_friction_connections.friction_connection_working_factor_14_3_4,tests/test_bolted_and_friction_connections.py,V16-SP16-PROC-14.3.4-GAMMA-B,Procedure extracted and classified from clauses 14.2-14.3; external evidence boundaries remain explicit.
SP16-PROC-14.3.5-FORCE-MOMENT-DISTRIBUTION,procedure,Clause 14.3.5,implemented,tests/test_bolted_and_friction_connections.py,implementation_self_check_passed,standard_core.bolted_and_friction_connections.bolt_group_force_distribution_14_2_11_12,tests/test_bolted_and_friction_connections.py,V16-SP16-PROC-14.3.5-FORCE-MOMENT-DISTRIBUTION,Procedure extracted and classified from clauses 14.2-14.3; external evidence boundaries remain explicit.
SP16-PROC-14.3.6-TENSION-REDUCTION,procedure,Clause 14.3.6,implemented,tests/test_bolted_and_friction_connections.py,implementation_self_check_passed,standard_core.bolted_and_friction_connections.friction_tension_reduction_14_3_6,tests/test_bolted_and_friction_connections.py,V16-SP16-PROC-14.3.6-TENSION-REDUCTION,Procedure extracted and classified from clauses 14.2-14.3; external evidence boundaries remain explicit.
SP16-PROC-14.3.7-DIAMETER-CHECK,procedure,Clause 14.3.7,implemented,tests/test_bolted_and_friction_connections.py,implementation_self_check_passed,standard_core.bolted_and_friction_connections.friction_bolt_diameter_check_14_3_7,tests/test_bolted_and_friction_connections.py,V16-SP16-PROC-14.3.7-DIAMETER-CHECK,Procedure extracted and classified from clauses 14.2-14.3; external evidence boundaries remain explicit.
SP16-PROC-14.3.8-14.3.9-DOCUMENTATION-ACCESS,procedure,Clause 14.3.8-14.3.9,implemented,tests/test_bolted_and_friction_connections.py,implementation_self_check_passed,standard_core.bolted_and_friction_connections.bolted_and_friction_external_requirements,tests/test_bolted_and_friction_connections.py,V16-SP16-PROC-14.3.8-14.3.9-DOCUMENTATION-ACCESS,Procedure extracted and classified from clauses 14.2-14.3; external evidence boundaries remain explicit.
SP16-PROC-14.3.10-WASHER,procedure,Clause 14.3.10,implemented,tests/test_bolted_and_friction_connections.py,implementation_self_check_passed,standard_core.bolted_and_friction_connections.friction_connection_washer_requirement_14_3_10,tests/test_bolted_and_friction_connections.py,V16-SP16-PROC-14.3.10-WASHER,Procedure extracted and classified from clauses 14.2-14.3; external evidence boundaries remain explicit.
SP16-PROC-14.3.11-EFFECTIVE-AREA,procedure,Clause 14.3.11,implemented,tests/test_bolted_and_friction_connections.py,implementation_self_check_passed,standard_core.bolted_and_friction_connections.friction_connection_effective_area_14_3_11,tests/test_bolted_and_friction_connections.py,V16-SP16-PROC-14.3.11-EFFECTIVE-AREA,Procedure extracted and classified from clauses 14.2-14.3; external evidence boundaries remain explicit.
SP16-PROC-14.4.1-SHEAR-FLOW,procedure,Clause 14.4.1,implemented,tests/test_built_up_beam_flange_connections.py,implementation_self_check_passed,standard_core.built_up_beam_flange_connections.flange_shear_flow_t_n_mm,tests/test_built_up_beam_flange_connections.py,V17-SP16-PROC-14.4.1-SHEAR-FLOW,Procedure visually extracted from supplied PDF pages 96-97; external geometry/evidence boundaries remain explicit.
SP16-PROC-14.4.1-LOCAL-PRESSURE-FLOW,procedure,Clause 14.4.1,implemented,tests/test_built_up_beam_flange_connections.py,implementation_self_check_passed,standard_core.built_up_beam_flange_connections.local_load_line_pressure_v_n_mm,tests/test_built_up_beam_flange_connections.py,V17-SP16-PROC-14.4.1-LOCAL-PRESSURE-FLOW,Procedure visually extracted from supplied PDF pages 96-97; external geometry/evidence boundaries remain explicit.
SP16-PROC-14.4.1-LOAD-ROUTE,procedure,Clause 14.4.1,implemented,tests/test_built_up_beam_flange_connections.py,implementation_self_check_passed,standard_core.built_up_beam_flange_connections.table_43_load_route,tests/test_built_up_beam_flange_connections.py,V17-SP16-PROC-14.4.1-LOAD-ROUTE,Procedure visually extracted from supplied PDF pages 96-97; external geometry/evidence boundaries remain explicit.
SP16-PROC-14.4.1-ALPHA,procedure,Clause 14.4.1,implemented,tests/test_built_up_beam_flange_connections.py,implementation_self_check_passed,standard_core.built_up_beam_flange_connections.table_43_alpha,tests/test_built_up_beam_flange_connections.py,V17-SP16-PROC-14.4.1-ALPHA,Procedure visually extracted from supplied PDF pages 96-97; external geometry/evidence boundaries remain explicit.
SP16-PROC-14.4.1-FULL-PENETRATION-WELD,procedure,Clause 14.4.1,implemented,tests/test_built_up_beam_flange_connections.py,implementation_self_check_passed,standard_core.built_up_beam_flange_connections.full_penetration_web_weld_equivalence_14_4_1,tests/test_built_up_beam_flange_connections.py,V17-SP16-PROC-14.4.1-FULL-PENETRATION-WELD,Procedure visually extracted from supplied PDF pages 96-97; external geometry/evidence boundaries remain explicit.
SP16-PROC-14.4.2-MULTILAYER-FLANGE-SHEET,procedure,Clause 14.4.2,implemented,tests/test_built_up_beam_flange_connections.py,implementation_self_check_passed,standard_core.built_up_beam_flange_connections.multilayer_flange_sheet_attachment_force_14_4_2,tests/test_built_up_beam_flange_connections.py,V17-SP16-PROC-14.4.2-MULTILAYER-FLANGE-SHEET,Procedure visually extracted from supplied PDF pages 96-97; external geometry/evidence boundaries remain explicit.
SP16-PROC-15-CLASSIFICATION,procedure,15,implemented,tests/test_structural_detailing_and_support_bearings.py,V18-SP16-PROC-15-CLASSIFICATION: pass,standard_core/structural_detailing_and_support_bearings.py:section_15_requirement_catalog,tests/test_structural_detailing_and_support_bearings.py,V18-SP16-PROC-15-CLASSIFICATION,Visually audited Section 15 procedure; direct formulas and evidence/external-analysis boundaries remain explicit.
SP16-PROC-15.1-TABLE-44-LOOKUP,procedure,15.1,implemented,tests/test_structural_detailing_and_support_bearings.py,V18-SP16-TBL-44: pass,standard_core/structural_detailing_and_support_bearings.py:table_44_maximum_spacing_m,tests/test_structural_detailing_and_support_bearings.py,V18-SP16-TBL-44,Visually audited Section 15 procedure; direct formulas and evidence/external-analysis boundaries remain explicit.
SP16-PROC-15.1-SPACING-ASSESSMENT,procedure,15.1,implemented,tests/test_structural_detailing_and_support_bearings.py,V18-SP16-PROC-15.1-SPACING-ASSESSMENT: pass,standard_core/structural_detailing_and_support_bearings.py:temperature_joint_spacing_assessment_15_1,tests/test_structural_detailing_and_support_bearings.py,V18-SP16-PROC-15.1-SPACING-ASSESSMENT,Visually audited Section 15 procedure; direct formulas and evidence/external-analysis boundaries remain explicit.
SP16-PROC-15.1-PAIRED-BRACING,procedure,15.1,implemented,tests/test_structural_detailing_and_support_bearings.py,V18-SP16-PROC-15.1-PAIRED-BRACING: pass,standard_core/structural_detailing_and_support_bearings.py:paired_vertical_bracing_max_spacing_m_15_1,tests/test_structural_detailing_and_support_bearings.py,V18-SP16-PROC-15.1-PAIRED-BRACING,Visually audited Section 15 procedure; direct formulas and evidence/external-analysis boundaries remain explicit.
SP16-PROC-15.12.1-BEARING-SELECTION,procedure,15.12.1,implemented,tests/test_structural_detailing_and_support_bearings.py,V18-SP16-PROC-15.12.1-BEARING-SELECTION: pass,standard_core/structural_detailing_and_support_bearings.py:support_bearing_selection_15_12_1,tests/test_structural_detailing_and_support_bearings.py,V18-SP16-PROC-15.12.1-BEARING-SELECTION,Visually audited Section 15 procedure; direct formulas and evidence/external-analysis boundaries remain explicit.
SP16-PROC-15.12.1-FRICTION,procedure,15.12.1,implemented,tests/test_structural_detailing_and_support_bearings.py,V18-SP16-PROC-15.12.1-FRICTION: pass,standard_core/structural_detailing_and_support_bearings.py:support_bearing_friction_coefficient_15_12_1,tests/test_structural_detailing_and_support_bearings.py,V18-SP16-PROC-15.12.1-FRICTION,Visually audited Section 15 procedure; direct formulas and evidence/external-analysis boundaries remain explicit.
SP16-PROC-15.12.2-ANGLE-APPLICABILITY,procedure,15.12.2,implemented,tests/test_structural_detailing_and_support_bearings.py,V18-SP16-PROC-15.12.2-ANGLE-APPLICABILITY: pass,standard_core/structural_detailing_and_support_bearings.py:cylindrical_hinge_bearing_check_15_12_2,tests/test_structural_detailing_and_support_bearings.py,V18-SP16-PROC-15.12.2-ANGLE-APPLICABILITY,Visually audited Section 15 procedure; direct formulas and evidence/external-analysis boundaries remain explicit.
SP16-PROC-15.12.3-ROLLER-CHECK,procedure,15.12.3,implemented,tests/test_structural_detailing_and_support_bearings.py,V18-SP16-PROC-15.12.3-ROLLER-CHECK: pass,standard_core/structural_detailing_and_support_bearings.py:roller_bearing_check_15_12_3,tests/test_structural_detailing_and_support_bearings.py,V18-SP16-PROC-15.12.3-ROLLER-CHECK,Visually audited Section 15 procedure; direct formulas and evidence/external-analysis boundaries remain explicit.
SP16-PROC-16.1-MATERIAL-ROUTE,procedure,16.1,implemented,passed: tests/test_overhead_line_and_switchyard_supports.py,V19-SP16-PROC-16.1-MATERIAL-ROUTE: pass,standard_core.overhead_line_and_switchyard_supports.section_16_applicability_route,tests/test_overhead_line_and_switchyard_supports.py,V19-SP16-PROC-16.1-MATERIAL-ROUTE,Implemented as an explicit scalar check or auditable routing procedure; global loads and geometry classification remain external where the clause supplies no scalar method.
SP16-PROC-16.1A-GROUP,procedure,16.1a,implemented,passed: tests/test_overhead_line_and_switchyard_supports.py,V19-SP16-PROC-16.1A-GROUP: pass,standard_core.overhead_line_and_switchyard_supports.section_16_applicability_route,tests/test_overhead_line_and_switchyard_supports.py,V19-SP16-PROC-16.1A-GROUP,Implemented as an explicit scalar check or auditable routing procedure; global loads and geometry classification remain external where the clause supplies no scalar method.
SP16-PROC-16.2-BOLT-ROUTE,procedure,16.2,implemented,passed: tests/test_overhead_line_and_switchyard_supports.py,V19-SP16-PROC-16.2-BOLT-ROUTE: pass,standard_core.overhead_line_and_switchyard_supports.section_16_applicability_route,tests/test_overhead_line_and_switchyard_supports.py,V19-SP16-PROC-16.2-BOLT-ROUTE,Implemented as an explicit scalar check or auditable routing procedure; global loads and geometry classification remain external where the clause supplies no scalar method.
SP16-PROC-16.4-TABLE-45,procedure,16.4,implemented,passed: tests/test_overhead_line_and_switchyard_supports.py,V19-SP16-PROC-16.4-TABLE-45: pass,standard_core.overhead_line_and_switchyard_supports.table_45_working_condition_factor,tests/test_overhead_line_and_switchyard_supports.py,V19-SP16-PROC-16.4-TABLE-45,Implemented as an explicit scalar check or auditable routing procedure; global loads and geometry classification remain external where the clause supplies no scalar method.
SP16-PROC-16.4-NO-RY-RU-SUBSTITUTION,procedure,16.4,implemented,passed: tests/test_overhead_line_and_switchyard_supports.py,V19-SP16-PROC-16.4-NO-RY-RU-SUBSTITUTION: pass,standard_core.overhead_line_and_switchyard_supports.section_16_applicability_route,tests/test_overhead_line_and_switchyard_supports.py,V19-SP16-PROC-16.4-NO-RY-RU-SUBSTITUTION,Implemented as an explicit scalar check or auditable routing procedure; global loads and geometry classification remain external where the clause supplies no scalar method.
SP16-PROC-16.5-PYRAMIDAL-MU,procedure,16.5,implemented,passed: tests/test_overhead_line_and_switchyard_supports.py,V19-SP16-PROC-16.5-PYRAMIDAL-MU: pass,standard_core.overhead_line_and_switchyard_supports.pyramidal_effective_length_factor_clause_16_5,tests/test_overhead_line_and_switchyard_supports.py,V19-SP16-PROC-16.5-PYRAMIDAL-MU,Implemented as an explicit scalar check or auditable routing procedure; global loads and geometry classification remain external where the clause supplies no scalar method.
SP16-PROC-16.7-BOLT-ECCENTRICITY,procedure,16.7,implemented,passed: tests/test_overhead_line_and_switchyard_supports.py,V19-SP16-PROC-16.7-BOLT-ECCENTRICITY: pass,standard_core.overhead_line_and_switchyard_supports.angle_member_eccentricity_factors_clause_16_12,tests/test_overhead_line_and_switchyard_supports.py,V19-SP16-PROC-16.7-BOLT-ECCENTRICITY,Implemented as an explicit scalar check or auditable routing procedure; global loads and geometry classification remain external where the clause supplies no scalar method.
SP16-PROC-16.8-AUXILIARIES,procedure,16.8,implemented,passed: tests/test_overhead_line_and_switchyard_supports.py,V19-SP16-PROC-16.8-AUXILIARIES: pass,standard_core.overhead_line_and_switchyard_supports.guyed_support_second_order_auxiliaries,tests/test_overhead_line_and_switchyard_supports.py,V19-SP16-PROC-16.8-AUXILIARIES,Implemented as an explicit scalar check or auditable routing procedure; global loads and geometry classification remain external where the clause supplies no scalar method.
SP16-PROC-16.10-BIAXIAL-GOVERNING,procedure,16.10,implemented,passed: tests/test_overhead_line_and_switchyard_supports.py,V19-SP16-PROC-16.10-BIAXIAL-GOVERNING: pass,standard_core.overhead_line_and_switchyard_supports.triangular_additional_chord_force_eq208,tests/test_overhead_line_and_switchyard_supports.py,V19-SP16-PROC-16.10-BIAXIAL-GOVERNING,Implemented as an explicit scalar check or auditable routing procedure; global loads and geometry classification remain external where the clause supplies no scalar method.
SP16-PROC-16.11-TRIANGULAR-SHEAR-ROUTE,procedure,16.11,implemented,passed: tests/test_overhead_line_and_switchyard_supports.py,V19-SP16-PROC-16.11-TRIANGULAR-SHEAR-ROUTE: pass,standard_core.overhead_line_and_switchyard_supports.section_16_applicability_route,tests/test_overhead_line_and_switchyard_supports.py,V19-SP16-PROC-16.11-TRIANGULAR-SHEAR-ROUTE,Implemented as an explicit scalar check or auditable routing procedure; global loads and geometry classification remain external where the clause supplies no scalar method.
SP16-PROC-16.12-ANGLE-ROUTING,procedure,16.12,implemented,passed: tests/test_overhead_line_and_switchyard_supports.py,V19-SP16-PROC-16.12-ANGLE-ROUTING: pass,standard_core.overhead_line_and_switchyard_supports.angle_member_eccentricity_factors_clause_16_12,tests/test_overhead_line_and_switchyard_supports.py,V19-SP16-PROC-16.12-ANGLE-ROUTING,Implemented as an explicit scalar check or auditable routing procedure; global loads and geometry classification remain external where the clause supplies no scalar method.
SP16-PROC-16.13-TRAVERSE-LENGTHS,procedure,16.13,implemented,passed: tests/test_overhead_line_and_switchyard_supports.py,V19-SP16-PROC-16.13-TRAVERSE-LENGTHS: pass,standard_core.overhead_line_and_switchyard_supports.section_16_detailing_checks,tests/test_overhead_line_and_switchyard_supports.py,V19-SP16-PROC-16.13-TRAVERSE-LENGTHS,Implemented as an explicit scalar check or auditable routing procedure; global loads and geometry classification remain external where the clause supplies no scalar method.
SP16-PROC-16.14-SLENDERNESS,procedure,16.14,implemented,passed: tests/test_overhead_line_and_switchyard_supports.py,V19-SP16-PROC-16.14-SLENDERNESS: pass,standard_core.overhead_line_and_switchyard_supports.section_16_detailing_checks,tests/test_overhead_line_and_switchyard_supports.py,V19-SP16-PROC-16.14-SLENDERNESS,Implemented as an explicit scalar check or auditable routing procedure; global loads and geometry classification remain external where the clause supplies no scalar method.
SP16-PROC-16.15-TABLE-46,procedure,16.15,implemented,passed: tests/test_overhead_line_and_switchyard_supports.py,V19-SP16-PROC-16.15-TABLE-46: pass,standard_core.overhead_line_and_switchyard_supports.table_46_deformation_check,tests/test_overhead_line_and_switchyard_supports.py,V19-SP16-PROC-16.15-TABLE-46,Implemented as an explicit scalar check or auditable routing procedure; global loads and geometry classification remain external where the clause supplies no scalar method.
SP16-PROC-16.16-DIAPHRAGM,procedure,16.16,implemented,passed: tests/test_overhead_line_and_switchyard_supports.py,V19-SP16-PROC-16.16-DIAPHRAGM: pass,standard_core.overhead_line_and_switchyard_supports.section_16_detailing_checks,tests/test_overhead_line_and_switchyard_supports.py,V19-SP16-PROC-16.16-DIAPHRAGM,Implemented as an explicit scalar check or auditable routing procedure; global loads and geometry classification remain external where the clause supplies no scalar method.
SP16-PROC-16.17-SINGLE-BOLT-EDGE,procedure,16.17,implemented,passed: tests/test_overhead_line_and_switchyard_supports.py,V19-SP16-PROC-16.17-SINGLE-BOLT-EDGE: pass,standard_core.overhead_line_and_switchyard_supports.section_16_detailing_checks,tests/test_overhead_line_and_switchyard_supports.py,V19-SP16-PROC-16.17-SINGLE-BOLT-EDGE,Implemented as an explicit scalar check or auditable routing procedure; global loads and geometry classification remain external where the clause supplies no scalar method.
SP16-PROC-16.18-BRACE-SIDES,procedure,16.18,implemented,passed: tests/test_overhead_line_and_switchyard_supports.py,V19-SP16-PROC-16.18-BRACE-SIDES: pass,standard_core.overhead_line_and_switchyard_supports.section_16_detailing_checks,tests/test_overhead_line_and_switchyard_supports.py,V19-SP16-PROC-16.18-BRACE-SIDES,Implemented as an explicit scalar check or auditable routing procedure; global loads and geometry classification remain external where the clause supplies no scalar method.
SP16-PROC-16.19-SPLICE-BOLTS,procedure,16.19,implemented,passed: tests/test_overhead_line_and_switchyard_supports.py,V19-SP16-PROC-16.19-SPLICE-BOLTS: pass,standard_core.overhead_line_and_switchyard_supports.section_16_detailing_checks,tests/test_overhead_line_and_switchyard_supports.py,V19-SP16-PROC-16.19-SPLICE-BOLTS,Implemented as an explicit scalar check or auditable routing procedure; global loads and geometry classification remain external where the clause supplies no scalar method.
SP16-PROC-16.20-POLYGONAL-TUBE,procedure,16.20,implemented,passed: tests/test_overhead_line_and_switchyard_supports.py,V19-SP16-PROC-16.20-POLYGONAL-TUBE: pass,standard_core.overhead_line_and_switchyard_supports.polygonal_tube_wall_stability_check,tests/test_overhead_line_and_switchyard_supports.py,V19-SP16-PROC-16.20-POLYGONAL-TUBE,Implemented as an explicit scalar check or auditable routing procedure; global loads and geometry classification remain external where the clause supplies no scalar method.
SP16-PROC-16-EXTERNAL-LOADS,procedure,16.1-16.20,implemented,passed: tests/test_overhead_line_and_switchyard_supports.py,V19-SP16-PROC-16-EXTERNAL-LOADS: pass,standard_core.overhead_line_and_switchyard_supports.section_16_applicability_route,tests/test_overhead_line_and_switchyard_supports.py,V19-SP16-PROC-16-EXTERNAL-LOADS,Implemented as an explicit scalar check or auditable routing procedure; global loads and geometry classification remain external where the clause supplies no scalar method.
SP16-PROC-17.1-MATERIAL-GROUP,procedure,17.1,implemented,normal_boundary_unit_sign_tested,implementation_self_check_passed_no_standard_worked_example,standard_core.antenna_structures.antenna_structure_material_group_route_clause_17_1,tests/test_antenna_structures.py,V20-SP16-PROC-17.1-MATERIAL-GROUP,Section 17 procedure visually verified on supplied PDF pages 115-118; external evidence boundaries remain explicit.
SP16-PROC-17.2-ROPE-SELECTION,procedure,17.2,implemented,normal_boundary_unit_sign_tested,implementation_self_check_passed_no_standard_worked_example,standard_core.antenna_structures.steel_rope_selection_clause_17_2,tests/test_antenna_structures.py,V20-SP16-PROC-17.2-ROPE-SELECTION,Section 17 procedure visually verified on supplied PDF pages 115-118; external evidence boundaries remain explicit.
SP16-PROC-17.3-ZINC-TERMINATION,procedure,17.3,implemented,normal_boundary_unit_sign_tested,implementation_self_check_passed_no_standard_worked_example,standard_core.antenna_structures.rope_end_zinc_alloy_check_clause_17_3,tests/test_antenna_structures.py,V20-SP16-PROC-17.3-ZINC-TERMINATION,Section 17 procedure visually verified on supplied PDF pages 115-118; external evidence boundaries remain explicit.
SP16-PROC-17.4-WIRE-ROUTE,procedure,17.4,implemented,normal_boundary_unit_sign_tested,implementation_self_check_passed_no_standard_worked_example,standard_core.antenna_structures.antenna_wire_material_route_clause_17_4,tests/test_antenna_structures.py,V20-SP16-PROC-17.4-WIRE-ROUTE,Section 17 procedure visually verified on supplied PDF pages 115-118; external evidence boundaries remain explicit.
SP16-PROC-17.5-GAMMA-M,procedure,17.5,implemented,normal_boundary_unit_sign_tested,implementation_self_check_passed_no_standard_worked_example,standard_core.antenna_structures.wire_material_safety_factor_clause_17_5,tests/test_antenna_structures.py,V20-SP16-PROC-17.5-GAMMA-M,Section 17 procedure visually verified on supplied PDF pages 115-118; external evidence boundaries remain explicit.
SP16-PROC-17.5-DESIGN-TENSION,procedure,17.5,implemented,normal_boundary_unit_sign_tested,implementation_self_check_passed_no_standard_worked_example,standard_core.antenna_structures.wire_design_tension_force_clause_17_5,tests/test_antenna_structures.py,V20-SP16-PROC-17.5-DESIGN-TENSION,Section 17 procedure visually verified on supplied PDF pages 115-118; external evidence boundaries remain explicit.
SP16-PROC-17.6-TABLE-47,procedure,17.6,implemented,normal_boundary_unit_sign_tested,implementation_self_check_passed_no_standard_worked_example,standard_core.antenna_structures.table_47_working_condition_factor,tests/test_antenna_structures.py,V20-SP16-TBL-47,Section 17 procedure visually verified on supplied PDF pages 115-118; external evidence boundaries remain explicit.
SP16-PROC-17.7-DEVIATION,procedure,17.7,implemented,normal_boundary_unit_sign_tested,implementation_self_check_passed_no_standard_worked_example,standard_core.antenna_structures.support_relative_deviation_check_clause_17_7,tests/test_antenna_structures.py,V20-SP16-PROC-17.7-DEVIATION,Section 17 procedure visually verified on supplied PDF pages 115-118; external evidence boundaries remain explicit.
SP16-PROC-17.8-ERECTION-CONNECTION,procedure,17.8,implemented,normal_boundary_unit_sign_tested,implementation_self_check_passed_no_standard_worked_example,standard_core.antenna_structures.erection_connection_check_clause_17_8,tests/test_antenna_structures.py,V20-SP16-PROC-17.8-ERECTION-CONNECTION,Section 17 procedure visually verified on supplied PDF pages 115-118; external evidence boundaries remain explicit.
SP16-PROC-17.9-LATTICE-AND-DEFLECTION,procedure,17.9,implemented,normal_boundary_unit_sign_tested,implementation_self_check_passed_no_standard_worked_example,standard_core.antenna_structures.cross_lattice_and_platform_checks_clause_17_9,tests/test_antenna_structures.py,V20-SP16-PROC-17.9-LATTICE-AND-DEFLECTION,Section 17 procedure visually verified on supplied PDF pages 115-118; external evidence boundaries remain explicit.
SP16-PROC-17.10-DIAPHRAGM,procedure,17.10,implemented,normal_boundary_unit_sign_tested,implementation_self_check_passed_no_standard_worked_example,standard_core.antenna_structures.diaphragm_check_clause_17_10,tests/test_antenna_structures.py,V20-SP16-PROC-17.10-DIAPHRAGM,Section 17 procedure visually verified on supplied PDF pages 115-118; external evidence boundaries remain explicit.
SP16-PROC-17.11-FLANGE-BOLTS,procedure,17.11,implemented,normal_boundary_unit_sign_tested,implementation_self_check_passed_no_standard_worked_example,standard_core.antenna_structures.pipe_flange_bolt_layout_check_clause_17_11,tests/test_antenna_structures.py,V20-SP16-PROC-17.11-FLANGE-BOLTS,Section 17 procedure visually verified on supplied PDF pages 115-118; external evidence boundaries remain explicit.
SP16-PROC-17.12-NODE-DETAILING,procedure,17.12,implemented,normal_boundary_unit_sign_tested,implementation_self_check_passed_no_standard_worked_example,standard_core.antenna_structures.truss_node_detailing_checks_clause_17_12,tests/test_antenna_structures.py,V20-SP16-PROC-17.12-NODE-DETAILING,Section 17 procedure visually verified on supplied PDF pages 115-118; external evidence boundaries remain explicit.
SP16-PROC-17.13-GUY-ATTACHMENT,procedure,17.13,implemented,normal_boundary_unit_sign_tested,implementation_self_check_passed_no_standard_worked_example,standard_core.antenna_structures.guy_attachment_detailing_checks_clause_17_13,tests/test_antenna_structures.py,V20-SP16-PROC-17.13-GUY-ATTACHMENT,Section 17 procedure visually verified on supplied PDF pages 115-118; external evidence boundaries remain explicit.
SP16-PROC-17.14-FLEXIBLE-INSERT,procedure,17.14,implemented,normal_boundary_unit_sign_tested,implementation_self_check_passed_no_standard_worked_example,standard_core.antenna_structures.flexible_cable_insert_check_clause_17_14,tests/test_antenna_structures.py,V20-SP16-PROC-17.14-FLEXIBLE-INSERT,Section 17 procedure visually verified on supplied PDF pages 115-118; external evidence boundaries remain explicit.
SP16-PROC-17.15-MECHANICAL-EVIDENCE,procedure,17.15,implemented,normal_boundary_unit_sign_tested,implementation_self_check_passed_no_standard_worked_example,standard_core.antenna_structures.mechanical_detail_evidence_clause_17_15,tests/test_antenna_structures.py,V20-SP16-PROC-17.15-MECHANICAL-EVIDENCE,Section 17 procedure visually verified on supplied PDF pages 115-118; external evidence boundaries remain explicit.
SP16-PROC-17.16-DAMPER-ROUTE,procedure,17.16,implemented,normal_boundary_unit_sign_tested,implementation_self_check_passed_no_standard_worked_example,standard_core.antenna_structures.vibration_damper_design_clause_17_16,tests/test_antenna_structures.py,V20-SP16-PROC-17.16-DAMPER-ROUTE,Section 17 procedure visually verified on supplied PDF pages 115-118; external evidence boundaries remain explicit.
SP16-PROC-17.17-MARKING,procedure,17.17,implemented,normal_boundary_unit_sign_tested,implementation_self_check_passed_no_standard_worked_example,standard_core.antenna_structures.obstruction_marking_and_lighting_check_clause_17_17,tests/test_antenna_structures.py,V20-SP16-PROC-17.17-MARKING,Section 17 procedure visually verified on supplied PDF pages 115-118; external evidence boundaries remain explicit.
SP16-PROC-17.18-GALVANIZING,procedure,17.18,implemented,normal_boundary_unit_sign_tested,implementation_self_check_passed_no_standard_worked_example,standard_core.antenna_structures.galvanizing_check_clause_17_18,tests/test_antenna_structures.py,V20-SP16-PROC-17.18-GALVANIZING,Section 17 procedure visually verified on supplied PDF pages 115-118; external evidence boundaries remain explicit.
SP16-PROC-17-EXTERNAL-LOADS,procedure,17.1-17.18,implemented,normal_boundary_unit_sign_tested,implementation_self_check_passed_no_standard_worked_example,standard_core.antenna_structures.antenna_structure_material_group_route_clause_17_1,tests/test_antenna_structures.py,V20-SP16-PROC-17-EXTERNAL-LOADS,Section 17 procedure visually verified on supplied PDF pages 115-118; external evidence boundaries remain explicit.
SP16-PROC-18.1.1-CONDITION-CATEGORY,procedure,18.1.1,implemented,passed: tests/test_reconstruction_assessment.py,V21-SP16-PROC-18.1.1-CONDITION-CATEGORY: pass,standard_core.reconstruction_assessment.technical_condition_category_clause_18_1_1,tests/test_reconstruction_assessment.py,V21-SP16-PROC-18.1.1-CONDITION-CATEGORY,Section 18 procedure visually verified on supplied PDF pages 118-125; evidence and external calculation boundaries remain explicit.
SP16-PROC-18.1.2-MONITORING-AND-STRENGTHENING,procedure,18.1.2,implemented,passed: tests/test_reconstruction_assessment.py,V21-SP16-PROC-18.1.2-MONITORING-AND-STRENGTHENING: pass,standard_core.reconstruction_assessment.strengthening_and_monitoring_route_clause_18_1_2,tests/test_reconstruction_assessment.py,V21-SP16-PROC-18.1.2-MONITORING-AND-STRENGTHENING,Section 18 procedure visually verified on supplied PDF pages 118-125; evidence and external calculation boundaries remain explicit.
SP16-PROC-18.1.3-CALCULATION-EXEMPTION,procedure,18.1.3,implemented,passed: tests/test_reconstruction_assessment.py,V21-SP16-PROC-18.1.3-CALCULATION-EXEMPTION: pass,standard_core.reconstruction_assessment.verification_calculation_exemption_clause_18_1_3,tests/test_reconstruction_assessment.py,V21-SP16-PROC-18.1.3-CALCULATION-EXEMPTION,Section 18 procedure visually verified on supplied PDF pages 118-125; evidence and external calculation boundaries remain explicit.
SP16-PROC-18.2.1-MATERIAL-EVIDENCE,procedure,18.2.1,implemented,passed: tests/test_reconstruction_assessment.py,V21-SP16-PROC-18.2.1-MATERIAL-EVIDENCE: pass,standard_core.reconstruction_assessment.material_evidence_route_clause_18_2_1,tests/test_reconstruction_assessment.py,V21-SP16-PROC-18.2.1-MATERIAL-EVIDENCE,Section 18 procedure visually verified on supplied PDF pages 118-125; evidence and external calculation boundaries remain explicit.
SP16-PROC-18.2.2-TEST-PROGRAM,procedure,18.2.2,implemented,passed: tests/test_reconstruction_assessment.py,V21-SP16-PROC-18.2.2-TEST-PROGRAM: pass,standard_core.reconstruction_assessment.metal_test_program_clause_18_2_2,tests/test_reconstruction_assessment.py,V21-SP16-PROC-18.2.2-TEST-PROGRAM,Section 18 procedure visually verified on supplied PDF pages 118-125; evidence and external calculation boundaries remain explicit.
SP16-PROC-18.2.3-PRE1950-INSTITUTE,procedure,18.2.3,implemented,passed: tests/test_reconstruction_assessment.py,V21-SP16-PROC-18.2.3-PRE1950-INSTITUTE: pass,standard_core.reconstruction_assessment.pre_1950_specialized_institute_route_clause_18_2_3,tests/test_reconstruction_assessment.py,V21-SP16-PROC-18.2.3-PRE1950-INSTITUTE,Section 18 procedure visually verified on supplied PDF pages 118-125; evidence and external calculation boundaries remain explicit.
SP16-PROC-18.2.4-EXISTING-STEEL-RESISTANCE,procedure,18.2.4,implemented,passed: tests/test_reconstruction_assessment.py,V21-SP16-PROC-18.2.4-EXISTING-STEEL-RESISTANCE: pass,standard_core.reconstruction_assessment.existing_steel_design_resistances_clause_18_2_4,tests/test_reconstruction_assessment.py,V21-SP16-PROC-18.2.4-EXISTING-STEEL-RESISTANCE,Section 18 procedure visually verified on supplied PDF pages 118-125; evidence and external calculation boundaries remain explicit.
SP16-PROC-18.2.5-EXISTING-WELD-RESISTANCE,procedure,18.2.5,implemented,passed: tests/test_reconstruction_assessment.py,V21-SP16-PROC-18.2.5-EXISTING-WELD-RESISTANCE: pass,standard_core.reconstruction_assessment.existing_weld_resistance_defaults_clause_18_2_5,tests/test_reconstruction_assessment.py,V21-SP16-PROC-18.2.5-EXISTING-WELD-RESISTANCE,Section 18 procedure visually verified on supplied PDF pages 118-125; evidence and external calculation boundaries remain explicit.
SP16-PROC-18.2.6-UNKNOWN-BOLT-RESISTANCE,procedure,18.2.6,implemented,passed: tests/test_reconstruction_assessment.py,V21-SP16-PROC-18.2.6-UNKNOWN-BOLT-RESISTANCE: pass,standard_core.reconstruction_assessment.unknown_bolt_resistance_defaults_clause_18_2_6,tests/test_reconstruction_assessment.py,V21-SP16-PROC-18.2.6-UNKNOWN-BOLT-RESISTANCE,Section 18 procedure visually verified on supplied PDF pages 118-125; evidence and external calculation boundaries remain explicit.
SP16-PROC-18.2.7-RIVETED-CONNECTION,procedure,18.2.7,implemented,passed: tests/test_reconstruction_assessment.py,V21-SP16-PROC-18.2.7-RIVETED-CONNECTION: pass,standard_core.reconstruction_assessment.rivet_connection_capacity_clause_18_2_7,tests/test_reconstruction_assessment.py,V21-SP16-PROC-18.2.7-RIVETED-CONNECTION,Section 18 procedure visually verified on supplied PDF pages 118-125; evidence and external calculation boundaries remain explicit.
SP16-PROC-18.3.1-BRITTLE-STEEL-ROUTE,procedure,18.3.1,implemented,passed: tests/test_reconstruction_assessment.py,V21-SP16-PROC-18.3.1-BRITTLE-STEEL-ROUTE: pass,standard_core.reconstruction_assessment.existing_structure_strengthening_route_clauses_18_3_1_to_18_3_4,tests/test_reconstruction_assessment.py,V21-SP16-PROC-18.3.1-BRITTLE-STEEL-ROUTE,Section 18 procedure visually verified on supplied PDF pages 118-125; evidence and external calculation boundaries remain explicit.
SP16-PROC-18.3.2-ACTUAL-SCHEME-AND-DEFECTS,procedure,18.3.2,implemented,passed: tests/test_reconstruction_assessment.py,V21-SP16-PROC-18.3.2-ACTUAL-SCHEME-AND-DEFECTS: pass,standard_core.reconstruction_assessment.existing_structure_strengthening_route_clauses_18_3_1_to_18_3_4,tests/test_reconstruction_assessment.py,V21-SP16-PROC-18.3.2-ACTUAL-SCHEME-AND-DEFECTS,Section 18 procedure visually verified on supplied PDF pages 118-125; evidence and external calculation boundaries remain explicit.
SP16-PROC-18.3.3-STRENGTHEN-OR-REPLACE,procedure,18.3.3,implemented,passed: tests/test_reconstruction_assessment.py,V21-SP16-PROC-18.3.3-STRENGTHEN-OR-REPLACE: pass,standard_core.reconstruction_assessment.existing_structure_strengthening_route_clauses_18_3_1_to_18_3_4,tests/test_reconstruction_assessment.py,V21-SP16-PROC-18.3.3-STRENGTHEN-OR-REPLACE,Section 18 procedure visually verified on supplied PDF pages 118-125; evidence and external calculation boundaries remain explicit.
SP16-PROC-18.3.4-NO-STRENGTHENING-EXCEPTIONS,procedure,18.3.4,implemented,passed: tests/test_reconstruction_assessment.py,V21-SP16-PROC-18.3.4-NO-STRENGTHENING-EXCEPTIONS: pass,standard_core.reconstruction_assessment.existing_structure_strengthening_route_clauses_18_3_1_to_18_3_4,tests/test_reconstruction_assessment.py,V21-SP16-PROC-18.3.4-NO-STRENGTHENING-EXCEPTIONS,Section 18 procedure visually verified on supplied PDF pages 118-125; evidence and external calculation boundaries remain explicit.
SP16-PROC-18.3.5-18.3.10-STRENGTHENING-EXECUTION,procedure,18.3.5-18.3.10,implemented,passed: tests/test_reconstruction_assessment.py,V21-SP16-PROC-18.3.5-18.3.10-STRENGTHENING-EXECUTION: pass,standard_core.reconstruction_assessment.strengthening_execution_checks_clauses_18_3_5_to_18_3_10,tests/test_reconstruction_assessment.py,V21-SP16-PROC-18.3.5-18.3.10-STRENGTHENING-EXECUTION,Section 18 procedure visually verified on supplied PDF pages 118-125; evidence and external calculation boundaries remain explicit.
SP16-PROC-18.3.9-WELD-HEATING-STRESS-LIMIT,procedure,18.3.9,implemented,passed: tests/test_reconstruction_assessment.py,V21-SP16-PROC-18.3.9-WELD-HEATING-STRESS-LIMIT: pass,standard_core.reconstruction_assessment.weld_heating_stress_limit_clause_18_3_9,tests/test_reconstruction_assessment.py,V21-SP16-PROC-18.3.9-WELD-HEATING-STRESS-LIMIT,Section 18 procedure visually verified on supplied PDF pages 118-125; evidence and external calculation boundaries remain explicit.
SP16-PROC-18.3.11-COMMON-RESISTANCE,procedure,18.3.11,implemented,passed: tests/test_reconstruction_assessment.py,V21-SP16-PROC-18.3.11-COMMON-RESISTANCE: pass,standard_core.reconstruction_assessment.common_or_separate_design_resistance_clause_18_3_11,tests/test_reconstruction_assessment.py,V21-SP16-PROC-18.3.11-COMMON-RESISTANCE,Section 18 procedure visually verified on supplied PDF pages 118-125; evidence and external calculation boundaries remain explicit.
SP16-PROC-18.3.12-INITIAL-STRESS-AND-WELD-CURVATURE,procedure,18.3.12,implemented,passed: tests/test_reconstruction_assessment.py,V21-SP16-PROC-18.3.12-INITIAL-STRESS-AND-WELD-CURVATURE: pass,standard_core.reconstruction_assessment.gamma_n_clause_18_3_13,tests/test_reconstruction_assessment.py,V21-SP16-PROC-18.3.12-INITIAL-STRESS-AND-WELD-CURVATURE,Section 18 procedure visually verified on supplied PDF pages 118-125; evidence and external calculation boundaries remain explicit.
SP16-PROC-18.3.13-GAMMA-N-GAMMA-M,procedure,18.3.13,implemented,passed: tests/test_reconstruction_assessment.py,V21-SP16-PROC-18.3.13-GAMMA-N-GAMMA-M: pass,standard_core.reconstruction_assessment.gamma_m_clause_18_3_13,tests/test_reconstruction_assessment.py,V21-SP16-PROC-18.3.13-GAMMA-N-GAMMA-M,Section 18 procedure visually verified on supplied PDF pages 118-125; evidence and external calculation boundaries remain explicit.
SP16-PROC-18.3.14-ALPHA-N-AND-WELD-DEFLECTION,procedure,18.3.14,implemented,passed: tests/test_reconstruction_assessment.py,V21-SP16-PROC-18.3.14-ALPHA-N-AND-WELD-DEFLECTION: pass,standard_core.reconstruction_assessment.longitudinal_force_influence_alpha_n_clause_18_3_14,tests/test_reconstruction_assessment.py,V21-SP16-PROC-18.3.14-ALPHA-N-AND-WELD-DEFLECTION,Section 18 procedure visually verified on supplied PDF pages 118-125; evidence and external calculation boundaries remain explicit.
SP16-PROC-18.3.16-DEVIATION-ACCEPTANCE,procedure,18.3.16,implemented,passed: tests/test_reconstruction_assessment.py,V21-SP16-PROC-18.3.16-DEVIATION-ACCEPTANCE: pass,standard_core.reconstruction_assessment.existing_deviation_acceptance_clause_18_3_16,tests/test_reconstruction_assessment.py,V21-SP16-PROC-18.3.16-DEVIATION-ACCEPTANCE,Section 18 procedure visually verified on supplied PDF pages 118-125; evidence and external calculation boundaries remain explicit.
SP16-PROC-18-EXTERNAL-SURVEY-BOUNDARIES,procedure,18.1-18.3,implemented,passed: tests/test_reconstruction_assessment.py,V21-SP16-PROC-18-EXTERNAL-SURVEY-BOUNDARIES: pass,standard_core.reconstruction_assessment.material_evidence_route_clause_18_2_1,tests/test_reconstruction_assessment.py,V21-SP16-PROC-18-EXTERNAL-SURVEY-BOUNDARIES,Section 18 procedure visually verified on supplied PDF pages 118-125; evidence and external calculation boundaries remain explicit.
