clause_id,standard,clause,annex,page_start,page_end,title,normative_status,contains_equations,contains_tables,contains_validation_example,implementation_relevance,comments
1,СП 16.13330.2017 «Стальные конструкции»,1,,2,2,Область применения,normative,no,no,no,documentation/external boundary,Page range is based on PDF page numbering; adjoining clauses may share a boundary page.
1.1,СП 16.13330.2017 «Стальные конструкции»,1.1,,2,2,Настоящий свод правил устанавливает требования и распространяется на проектирование и расчет стальных,normative,no,no,no,documentation/external boundary,Page range is based on PDF page numbering; adjoining clauses may share a boundary page.
1.2,СП 16.13330.2017 «Стальные конструкции»,1.2,,2,2,"При проектировании конструкций, находящихся в особых условиях эксплуатации (например, конструкций",normative,no,no,no,documentation/external boundary,Page range is based on PDF page numbering; adjoining clauses may share a boundary page.
2,СП 16.13330.2017 «Стальные конструкции»,2,,2,4,Нормативные ссылки В настоящем своде правил использованы ссылки на следующие нормативные документы ГОСТ 839-2019,normative,no,no,no,documentation/external boundary,Page range is based on PDF page numbering; adjoining clauses may share a boundary page.
3,СП 16.13330.2017 «Стальные конструкции»,3,,4,4,"Термины и определения В настоящем своде правил применены термины по ГОСТ Р 58904, ГОСТ Р 58905, ГОСТ Р ИСО 17659 и ГОСТ 28548 (Измененная редакция, Изм. N 4)",normative,no,no,no,documentation/external boundary,Page range is based on PDF page numbering; adjoining clauses may share a boundary page.
4,СП 16.13330.2017 «Стальные конструкции»,4,,4,9,Общие положения,normative,no,no,no,documentation/external boundary,Page range is based on PDF page numbering; adjoining clauses may share a boundary page.
4.1,СП 16.13330.2017 «Стальные конструкции»,4.1,,4,5,Основные требования к конструкциям,normative,no,no,no,documentation/external boundary,Page range is based on PDF page numbering; adjoining clauses may share a boundary page.
4.1.1,СП 16.13330.2017 «Стальные конструкции»,4.1.1,,4,4,"При проектировании стальных строительных конструкций следует принимать конструктивные схемы, обеспечивающие прочность, устойчивость и пространственную неизменяемость",normative,no,no,no,documentation/external boundary,Page range is based on PDF page numbering; adjoining clauses may share a boundary page.
4.1.1а,СП 16.13330.2017 «Стальные конструкции»,4.1.1а,,4,4,При проектировании стальных тонкостенных конструкций из холодногнутых оцинкованных профилей и гофрированных листов необходимо соблюдать требования СП 260.1325800. При проектирован…,normative,no,no,no,documentation/external boundary,Page range is based on PDF page numbering; adjoining clauses may share a boundary page.
4.1.2,СП 16.13330.2017 «Стальные конструкции»,4.1.2,,4,5,"Стальные конструкции открытых (эксплуатируемых на открытом воздухе, то есть незащищенных от атмосферных воздействий) сооружений (крановых эстакад, опор ЛЭП, опор трубопроводов и е…",normative,no,no,no,documentation/external boundary,Page range is based on PDF page numbering; adjoining clauses may share a boundary page.
4.1.3,СП 16.13330.2017 «Стальные конструкции»,4.1.3,,5,5,Рабочие чертежи конструкций должны соответствовать требованиям нормативных документов по изготовлению,normative,no,no,no,documentation/external boundary,Page range is based on PDF page numbering; adjoining clauses may share a boundary page.
4.2,СП 16.13330.2017 «Стальные конструкции»,4.2,,5,7,Основные расчетные требования,normative,no,no,no,documentation/external boundary,Page range is based on PDF page numbering; adjoining clauses may share a boundary page.
4.2.1,СП 16.13330.2017 «Стальные конструкции»,4.2.1,,5,5,"Стальные конструкции и их расчет должны удовлетворять требованиям по надежности ГОСТ 27751 Расчет стальных конструкций следует выполнять с учетом назначения конструкций, условий и…",normative,no,no,no,documentation/external boundary,Page range is based on PDF page numbering; adjoining clauses may share a boundary page.
4.2.2,СП 16.13330.2017 «Стальные конструкции»,4.2.2,,5,5,"При расчете конструкций значения нагрузок и воздействий, а также предельные значения прогибов и",normative,no,no,no,documentation/external boundary,Page range is based on PDF page numbering; adjoining clauses may share a boundary page.
4.2.3,СП 16.13330.2017 «Стальные конструкции»,4.2.3,,5,5,За расчетную температуру в районе строительства следует принимать температуру наружного воздуха наиболее,normative,no,no,no,documentation/external boundary,Page range is based on PDF page numbering; adjoining clauses may share a boundary page.
4.2.4,СП 16.13330.2017 «Стальные конструкции»,4.2.4,,5,6,Расчетные схемы и основные предпосылки расчета должны отражать действительные условия работы стальных,normative,no,no,no,documentation/external boundary,Page range is based on PDF page numbering; adjoining clauses may share a boundary page.
4.2.5,СП 16.13330.2017 «Стальные конструкции»,4.2.5,,6,6,Пространственные стальные конструкции следует рассчитывать как единые системы с учетом факторов,normative,no,no,no,documentation/external boundary,Page range is based on PDF page numbering; adjoining clauses may share a boundary page.
4.2.6,СП 16.13330.2017 «Стальные конструкции»,4.2.6,,6,7,"Несущая способность и жесткость каркасов производственных зданий обеспечивается поперек здания поперечными рамами, состоящими из колонн (стоек рамы) и ригелей в виде ферм или спло…",normative,no,no,no,documentation/external boundary,Page range is based on PDF page numbering; adjoining clauses may share a boundary page.
4.2.7,СП 16.13330.2017 «Стальные конструкции»,4.2.7,,7,7,"Элементы конструкций, рассматриваемые в настоящем своде правил, в зависимости от напряженно- деформированного состояния (НДС) расчетного сечения подразделяются на три класса",normative,no,no,no,documentation/external boundary,Page range is based on PDF page numbering; adjoining clauses may share a boundary page.
4.3,СП 16.13330.2017 «Стальные конструкции»,4.3,,7,9,Учет назначения и условий работы конструкций,normative,no,no,no,documentation/external boundary,Page range is based on PDF page numbering; adjoining clauses may share a boundary page.
4.3.1,СП 16.13330.2017 «Стальные конструкции»,4.3.1,,7,7,"В зависимости от назначения, условий работы и наличия сварных соединений конструкции следует подразделять",normative,no,no,no,documentation/external boundary,Page range is based on PDF page numbering; adjoining clauses may share a boundary page.
4.3.2,СП 16.13330.2017 «Стальные конструкции»,4.3.2,,7,7,При расчете конструкций и соединений следует учитывать коэффициенты надежности по ответственности,normative,no,yes,no,documentation/external boundary,Page range is based on PDF page numbering; adjoining clauses may share a boundary page.
4.3.3,СП 16.13330.2017 «Стальные конструкции»,4.3.3,,7,9,При,normative,no,no,no,documentation/external boundary,Page range is based on PDF page numbering; adjoining clauses may share a boundary page.
4.3.4,СП 16.13330.2017 «Стальные конструкции»,4.3.4,,9,9,"При проектировании конструкций, возводимых или эксплуатируемых в условиях низких температур (t<-45°С)",normative,no,no,no,documentation/external boundary,Page range is based on PDF page numbering; adjoining clauses may share a boundary page.
4.3.5,СП 16.13330.2017 «Стальные конструкции»,4.3.5,,9,9,"При проектировании сварных конструкций следует снижать вредное влияние остаточных деформаций и напряжений, в том числе сварочных, а также концентрации напряжений, предусматривая с…",normative,no,no,no,documentation/external boundary,Page range is based on PDF page numbering; adjoining clauses may share a boundary page.
5,СП 16.13330.2017 «Стальные конструкции»,5,,9,10,Материалы для конструкций и соединений,normative,no,no,no,documentation/external boundary,Page range is based on PDF page numbering; adjoining clauses may share a boundary page.
5.1,СП 16.13330.2017 «Стальные конструкции»,5.1,,9,9,"Физические характеристики материалов, применяемых для стальных конструкций, следует принимать согласно",normative,no,no,no,documentation/external boundary,Page range is based on PDF page numbering; adjoining clauses may share a boundary page.
5.2,СП 16.13330.2017 «Стальные конструкции»,5.2,,9,9,"При назначении стали для конструкций следует учитывать группу конструкций, расчетную температуру",normative,no,no,no,documentation/external boundary,Page range is based on PDF page numbering; adjoining clauses may share a boundary page.
5.3,СП 16.13330.2017 «Стальные конструкции»,5.3,,9,9,"Для конструкций следует использовать фасонный (уголки, двутавры, швеллеры), листовой, широкополосный",normative,no,no,no,documentation/external boundary,Page range is based on PDF page numbering; adjoining clauses may share a boundary page.
5.4,СП 16.13330.2017 «Стальные конструкции»,5.4,,9,9,"Для отливок (опорных частей и т.п.) следует применять сталь, удовлетворяющую требованиям действующих",normative,no,no,no,documentation/external boundary,Page range is based on PDF page numbering; adjoining clauses may share a boundary page.
5.5,СП 16.13330.2017 «Стальные конструкции»,5.5,,9,10,Для сварки стальных конструкций следует применять: электроды для ручной дуговой сварки; сварочную,normative,no,no,no,documentation/external boundary,Page range is based on PDF page numbering; adjoining clauses may share a boundary page.
5.6,СП 16.13330.2017 «Стальные конструкции»,5.6,,10,10,"Для болтовых соединений следует применять стальные болты, гайки и шайбы, удовлетворяющие требованиям",normative,no,no,no,documentation/external boundary,Page range is based on PDF page numbering; adjoining clauses may share a boundary page.
5.7,СП 16.13330.2017 «Стальные конструкции»,5.7,,10,10,"Для фрикционных и фланцевых соединений следует применять болты классов прочности 8.8, 10.9, 12.9, гайки и",normative,no,no,no,documentation/external boundary,Page range is based on PDF page numbering; adjoining clauses may share a boundary page.
5.8,СП 16.13330.2017 «Стальные конструкции»,5.8,,10,10,"Болты U-образные (в том числе для крепления оттяжек антенных сооружений связи), а также фундаментные болты",normative,no,no,no,documentation/external boundary,Page range is based on PDF page numbering; adjoining clauses may share a boundary page.
5.9,СП 16.13330.2017 «Стальные конструкции»,5.9,,10,10,Гайки для фундаментных и U-образных болтов следует применять по соответствующим требованиям действующих стандартов Для фундаментных болтов из стали С245 или С255 диаметром до 48 м…,normative,no,no,no,documentation/external boundary,Page range is based on PDF page numbering; adjoining clauses may share a boundary page.
5.10,СП 16.13330.2017 «Стальные конструкции»,5.10,,10,10,"Для шарниров, катков и болтов, работающих в качестве шарниров, а также подкладных листов под катки, следует",normative,no,no,no,documentation/external boundary,Page range is based on PDF page numbering; adjoining clauses may share a boundary page.
5.11,СП 16.13330.2017 «Стальные конструкции»,5.11,,10,10,"Для несущих элементов висячих покрытий, оттяжек опор воздушных линий электропередачи, распределительных",normative,no,no,no,documentation/external boundary,Page range is based on PDF page numbering; adjoining clauses may share a boundary page.
6,СП 16.13330.2017 «Стальные конструкции»,6,,10,14,Расчетные характеристики материалов и соединений,normative,yes,yes,no,calculation or executable procedure,"v0.2 selected scope: Tables 2-5, equations (1), (2), (4), and explicit procedures in 6.2, 6.4, and 6.9."
6.1,СП 16.13330.2017 «Стальные конструкции»,6.1,,10,11,"Расчетные сопротивления проката, гнутых профилей и труб для различных видов напряженных состояний следует",normative,no,yes,no,calculation or executable procedure,Page range is based on PDF page numbering; adjoining clauses may share a boundary page.
6.2,СП 16.13330.2017 «Стальные конструкции»,6.2,,11,12,Расчетные сопротивления гнутых профилей следует принимать равными расчетным сопротивлениям листового,normative,no,no,no,calculation or executable procedure,Implemented as an identity adoption procedure from source-sheet design resistance.
6.3,СП 16.13330.2017 «Стальные конструкции»,6.3,,12,12,Значения расчетных сопротивлений отливок из углеродистой стали следует принимать по таблице В.7,normative,no,no,no,calculation or executable procedure,Page range is based on PDF page numbering; adjoining clauses may share a boundary page.
6.4,СП 16.13330.2017 «Стальные конструкции»,6.4,,12,12,Расчетные сопротивления сварных соединений для соединений различных видов и напряженных состояний,normative,no,yes,no,calculation or executable procedure,Table 4 and dissimilar-steel minimum rule implemented; no interpolation is invented for the unspecified gamma_wm interval.
6.5,СП 16.13330.2017 «Стальные конструкции»,6.5,,12,13,"Расчетные сопротивления одноболтового соединения следует определять по формулам, приведенным в таблице 5",normative,no,yes,no,calculation or executable procedure,Page range is based on PDF page numbering; adjoining clauses may share a boundary page.
6.6,СП 16.13330.2017 «Стальные конструкции»,6.6,,13,13,Расчетное сопротивление растяжению фундаментных и анкерных болтов Значения расчетных сопротивлений растяжению фундаментных болтов приведены в таблице Г.7 (приложение Г),normative,yes,no,no,calculation or executable procedure,Equations (1) and (2) implemented; Annex G.7 lookup remains not yet implemented.
6.7,СП 16.13330.2017 «Стальные конструкции»,6.7,,13,13,"(Исключен, Изм. N 2)",normative,yes,no,no,calculation or executable procedure,Excluded clause preserved; equation number (3) is intentionally not implemented.
6.8,СП 16.13330.2017 «Стальные конструкции»,6.8,,13,13,"Расчетное сопротивление растяжению высокопрочной стальной проволоки прядей, следует определять по формуле",normative,yes,no,no,calculation or executable procedure,Equation (4) implemented.
6.9,СП 16.13330.2017 «Стальные конструкции»,6.9,,13,14,Значение расчетного сопротивления (усилия) растяжению стального каната следует принимать равным значению,normative,no,no,no,calculation or executable procedure,Design rope tensile force procedure implemented with gamma_m = 1.6; breaking force remains an external product-standard input.
7,СП 16.13330.2017 «Стальные конструкции»,7,,14,26,Расчет элементов стальных конструкций при центральном растяжении и сжатии,normative,no,no,no,calculation or executable procedure,Page range is based on PDF page numbering; adjoining clauses may share a boundary page.
7.1,СП 16.13330.2017 «Стальные конструкции»,7.1,,14,17,Расчет элементов сплошного сечения,normative,no,no,no,calculation or executable procedure,Page range is based on PDF page numbering; adjoining clauses may share a boundary page.
7.1.1,СП 16.13330.2017 «Стальные конструкции»,7.1.1,,14,14,Расчет на прочность элементов из стали с нормативным сопротивлением,normative,yes,no,no,calculation or executable procedure,Implemented in v0.3 and preserved in v0.4; adjoining or later clause content remains governed by its own inventory rows.
7.1.2,СП 16.13330.2017 «Стальные конструкции»,7.1.2,,14,15,"Расчет на прочность сечений в местах крепления растянутых элементов из одиночных уголков, прикрепляемых",normative,yes,yes,no,calculation or executable procedure,Implemented in v0.3 and preserved in v0.4; adjoining or later clause content remains governed by its own inventory rows.
7.1.3,СП 16.13330.2017 «Стальные конструкции»,7.1.3,,15,16,Расчет на устойчивость элементов сплошного сечения при центральном сжатии силой N и удовлетворяющих,normative,yes,yes,no,calculation or executable procedure,Implemented in v0.3 and preserved in v0.4; adjoining or later clause content remains governed by its own inventory rows.
7.1.4,СП 16.13330.2017 «Стальные конструкции»,7.1.4,,16,16,Расчет на устойчивость стержней из одиночных уголков следует выполнять с учетом требований 7.1.3. При,normative,no,no,no,calculation or executable procedure,Page range is based on PDF page numbering; adjoining clauses may share a boundary page.
7.1.5,СП 16.13330.2017 «Стальные конструкции»,7.1.5,,16,17,Сжатые элементы со сплошными стенками открытого П-образного сечения (рисунок 2) следует укреплять,normative,yes,no,no,calculation or executable procedure,Page range is based on PDF page numbering; adjoining clauses may share a boundary page.
7.1.6,СП 16.13330.2017 «Стальные конструкции»,7.1.6,,17,17,Соединение пояса со стенкой в центрально сжатом элементе составного сплошного сечения следует рассчитывать по формулам таблицы 43 на сдвиг от условной поперечной силы,normative,no,no,no,calculation or executable procedure,Page range is based on PDF page numbering; adjoining clauses may share a boundary page.
7.2,СП 16.13330.2017 «Стальные конструкции»,7.2,,17,21,Расчет элементов сквозного сечения,normative,no,no,no,calculation or executable procedure,Page range is based on PDF page numbering; adjoining clauses may share a boundary page.
7.2.1,СП 16.13330.2017 «Стальные конструкции»,7.2.1,,17,17,Расчет на прочность элементов сквозного сечения при центральном растяжении и сжатии следует выполнять по,normative,no,no,no,calculation or executable procedure,Implemented in v0.4 with visual verification against PDF pages 17-21; external frame analysis and geometry classification remain explicit limitations.
7.2.2,СП 16.13330.2017 «Стальные конструкции»,7.2.2,,17,17,"Расчет на устойчивость сжатых стержней сквозного сечения, ветви которых соединены планками или решетками, следует выполнять по формуле (7); при этом коэффициент",normative,no,no,no,calculation or executable procedure,Implemented in v0.4 with visual verification against PDF pages 17-21; external frame analysis and geometry classification remain explicit limitations.
7.2.3,СП 16.13330.2017 «Стальные конструкции»,7.2.3,,17,17,В сквозных стержнях с планками условная гибкость отдельной ветви,normative,no,yes,no,calculation or executable procedure,Implemented in v0.4 with visual verification against PDF pages 17-21; external frame analysis and geometry classification remain explicit limitations.
7.2.4,СП 16.13330.2017 «Стальные конструкции»,7.2.4,,17,17,В сквозных стержнях с решетками помимо расчета на устойчивость стержня в целом следует проверять,normative,no,no,no,calculation or executable procedure,Implemented in v0.4 with visual verification against PDF pages 17-21; external frame analysis and geometry classification remain explicit limitations.
7.2.5,СП 16.13330.2017 «Стальные конструкции»,7.2.5,,17,20,Расчет сквозных стержней с решетками с учетом указанного в 7.2.2 и 7.2.4 следует выполнять по формуле (7) с,normative,yes,no,no,calculation or executable procedure,Implemented in v0.4 with visual verification against PDF pages 17-21; external frame analysis and geometry classification remain explicit limitations.
7.2.6,СП 16.13330.2017 «Стальные конструкции»,7.2.6,,20,20,"Расчет стержней составных сечений из уголков, швеллеров и др., соединенных стенками вплотную или через",normative,no,no,no,calculation or executable procedure,Implemented in v0.4 with visual verification against PDF pages 17-21; external frame analysis and geometry classification remain explicit limitations.
7.2.7,СП 16.13330.2017 «Стальные конструкции»,7.2.7,,20,20,Расчет соединительных планок и элементов решеток сжатых стержней сквозного сечения следует выполнять на,normative,yes,no,no,calculation or executable procedure,Implemented in v0.4 with visual verification against PDF pages 17-21; external frame analysis and geometry classification remain explicit limitations.
7.2.8,СП 16.13330.2017 «Стальные конструкции»,7.2.8,,20,21,"Расчет соединительных планок и их прикреплений (см. рисунок 4) должен выполняться, как расчет элементов",normative,yes,no,no,calculation or executable procedure,Implemented in v0.4 with visual verification against PDF pages 17-21; external frame analysis and geometry classification remain explicit limitations.
7.2.9,СП 16.13330.2017 «Стальные конструкции»,7.2.9,,21,21,Расчет элементов соединительных решеток составных стержней следует выполнять как расчет элементов,normative,yes,no,no,calculation or executable procedure,Implemented in v0.4 with visual verification against PDF pages 17-21; external frame analysis and geometry classification remain explicit limitations.
7.2.10,СП 16.13330.2017 «Стальные конструкции»,7.2.10,,21,21,"Расчет стержней, предназначенных для уменьшения расчетной длины сжатых элементов, должен выполняться",normative,no,no,no,calculation or executable procedure,Implemented in v0.4 with visual verification against PDF pages 17-21; external frame analysis and geometry classification remain explicit limitations.
7.3,СП 16.13330.2017 «Стальные конструкции»,7.3,,21,26,Проверка устойчивости стенок и поясных листов центрально сжатых элементов сплошного сечения,normative,no,no,no,implemented in v0.5 local-stability scope,"Clause content visually audited against PDF pages 22-26; executable formulas, table data, and procedure metadata are mapped in the inventories."
7.3.1,СП 16.13330.2017 «Стальные конструкции»,7.3.1,,21,22,При проверке устойчивости стенок расчетную высоту,normative,no,no,no,implemented in v0.5 local-stability scope,"Clause content visually audited against PDF pages 22-26; executable formulas, table data, and procedure metadata are mapped in the inventories."
7.3.2,СП 16.13330.2017 «Стальные конструкции»,7.3.2,,22,23,"Устойчивость стенок центрально сжатых элементов сплошного сечения следует считать обеспеченной, если",normative,yes,yes,no,implemented in v0.5 local-stability scope,"Clause content visually audited against PDF pages 22-26; executable formulas, table data, and procedure metadata are mapped in the inventories."
7.3.3,СП 16.13330.2017 «Стальные конструкции»,7.3.3,,23,24,"Стенки центрально сжатых элементов сплошного сечения (колонн, стоек, опор и т.п.) при исключением рассчитанных с учетом геометрической нелинейности конструкций, следует укреплять…",normative,no,no,no,implemented in v0.5 local-stability scope,"Clause content visually audited against PDF pages 22-26; executable formulas, table data, and procedure metadata are mapped in the inventories."
7.3.4,СП 16.13330.2017 «Стальные конструкции»,7.3.4,,24,24,"В центрально сжатых элементах двутаврового сечения с расчетной высотой стенки стенки продольным ребром жесткости, расположенным посередине и с моментом инерции сечения",normative,yes,no,no,implemented in v0.5 local-stability scope,"Clause content visually audited against PDF pages 22-26; executable formulas, table data, and procedure metadata are mapped in the inventories."
7.3.5,СП 16.13330.2017 «Стальные конструкции»,7.3.5,,24,24,"При расчете центрально- и внецентренно сжатых стержней сплошного сечения в случаях, когда фактическое",normative,no,no,no,implemented in v0.5 local-stability scope,"Clause content visually audited against PDF pages 22-26; executable formulas, table data, and procedure metadata are mapped in the inventories."
7.3.6,СП 16.13330.2017 «Стальные конструкции»,7.3.6,,24,25,Значение для двутаврового и швеллерного сечений,normative,yes,no,no,implemented in v0.5 local-stability scope,"Clause content visually audited against PDF pages 22-26; executable formulas, table data, and procedure metadata are mapped in the inventories."
7.3.7,СП 16.13330.2017 «Стальные конструкции»,7.3.7,,25,25,При проверке устойчивости поясных листов за расчетную ширину свеса от грани стенки до края поясного листа (полки) - в сварных элементах от оси крайнего болта в поясе до края поясн…,normative,no,no,no,implemented in v0.5 local-stability scope,"Clause content visually audited against PDF pages 22-26; executable formulas, table data, and procedure metadata are mapped in the inventories."
7.3.8,СП 16.13330.2017 «Стальные конструкции»,7.3.8,,25,26,Устойчивость поясных листов (полок) центрально сжатых элементов сплошного сечения следует считать,normative,yes,yes,no,implemented in v0.5 local-stability scope,"Clause content visually audited against PDF pages 22-26; executable formulas, table data, and procedure metadata are mapped in the inventories."
7.3.9,СП 16.13330.2017 «Стальные конструкции»,7.3.9,,26,26,"В центрально сжатых элементах коробчатого сечения предельную условную гибкость поясного листа следует принимать по таблице 10, как для стенок коробчатого сечения",normative,no,no,no,implemented in v0.5 local-stability scope,"Clause content visually audited against PDF pages 22-26; executable formulas, table data, and procedure metadata are mapped in the inventories."
7.3.10,СП 16.13330.2017 «Стальные конструкции»,7.3.10,,26,26,"Высота отгиба быть не менее 0,3",normative,no,no,no,implemented in v0.5 local-stability scope,"Clause content visually audited against PDF pages 22-26; executable formulas, table data, and procedure metadata are mapped in the inventories."
7.3.11,СП 16.13330.2017 «Стальные конструкции»,7.3.11,,26,26,"В случае, если проверка по предельной гибкости в двух плоскостях (раздел 10.4) является определяющей при",normative,no,no,no,implemented in v0.5 local-stability scope,"Clause content visually audited against PDF pages 22-26; executable formulas, table data, and procedure metadata are mapped in the inventories."
8,СП 16.13330.2017 «Стальные конструкции»,8,,26,47,Расчет элементов стальных конструкций при изгибе,normative,no,no,no,calculation or executable procedure,Page range is based on PDF page numbering; adjoining clauses may share a boundary page.
8.1,СП 16.13330.2017 «Стальные конструкции»,8.1,,26,27,Общие положения расчета В зависимости от назначения и условий эксплуатации конструкций расчет изгибаемых элементов (балок) следует выполнять без учета или с учетом пластических де…,normative,no,no,no,implemented_in_v0.6,Selected v0.6 scope implemented with formula/table/procedure traceability; linked stability clauses remain separately unresolved where applicable.
8.2,СП 16.13330.2017 «Стальные конструкции»,8.2,,27,32,Расчет на прочность изгибаемых элементов сплошного сечения,normative,no,no,no,implemented_in_v0.6,Selected v0.6 scope implemented with formula/table/procedure traceability; linked stability clauses remain separately unresolved where applicable.
8.2.1,СП 16.13330.2017 «Стальные конструкции»,8.2.1,,27,28,Расчет на прочность балок 1-го класса следует выполнять по формулам при действии момента в одной из главных плоскостей,normative,yes,no,no,implemented_in_v0.6,Selected v0.6 scope implemented with formula/table/procedure traceability; linked stability clauses remain separately unresolved where applicable.
8.2.2,СП 16.13330.2017 «Стальные конструкции»,8.2.2,,28,29,"Расчет на прочность стенки балки, не укрепленной ребрами жесткости, при действии местного напряжения",normative,yes,no,no,implemented_in_v0.6,Selected v0.6 scope implemented with formula/table/procedure traceability; linked stability clauses remain separately unresolved where applicable.
8.2.3,СП 16.13330.2017 «Стальные конструкции»,8.2.3,,29,30,Расчет на прочность разрезных балок 2-го и 3-го классов двутаврового и коробчатого сечений (рисунок 7) из,normative,yes,yes,no,implemented_in_v0.6,Selected v0.6 scope implemented with formula/table/procedure traceability; linked stability clauses remain separately unresolved where applicable.
8.2.4,СП 16.13330.2017 «Стальные конструкции»,8.2.4,,30,30,Расчет на прочность разрезных балок переменного сечения согласно 8.2.3 с учетом пластических деформаций,normative,no,no,no,implemented_in_v0.6,Selected v0.6 scope implemented with formula/table/procedure traceability; linked stability clauses remain separately unresolved where applicable.
8.2.5,СП 16.13330.2017 «Стальные конструкции»,8.2.5,,30,31,Расчет на прочность неразрезных и защемленных балок постоянного двутаврового и коробчатого сечений с,normative,yes,no,no,implemented_in_v0.6,Selected v0.6 scope implemented with formula/table/procedure traceability; linked stability clauses remain separately unresolved where applicable.
8.2.6,СП 16.13330.2017 «Стальные конструкции»,8.2.6,,31,31,"Расчет на прочность неразрезных и защемленных балок, удовлетворяющих 8.2.5, в случае изгиба в двух главных",normative,no,no,no,implemented_in_v0.6,Selected v0.6 scope implemented with formula/table/procedure traceability; linked stability clauses remain separately unresolved where applicable.
8.2.7,СП 16.13330.2017 «Стальные конструкции»,8.2.7,,31,31,"Расчет на прочность неразрезных и защемленных балок, удовлетворяющих требованиям 8.2.5, 8.4.6, 8.5.8, 8.5.9 и",normative,no,no,no,implemented_in_v0.6,Selected v0.6 scope implemented with formula/table/procedure traceability; linked stability clauses remain separately unresolved where applicable.
8.2.8,СП 16.13330.2017 «Стальные конструкции»,8.2.8,,31,32,Расчет на прочность бистальных разрезных балок двутаврового и коробчатого сечений с двумя осями симметрии,normative,yes,no,no,implemented_in_v0.6,Selected v0.6 scope implemented with formula/table/procedure traceability; linked stability clauses remain separately unresolved where applicable.
8.3,СП 16.13330.2017 «Стальные конструкции»,8.3,,32,34,Расчет на прочность балок крановых путей сплошного сечения,normative,no,no,no,implemented in v0.7 selected scope,Page range is based on PDF page numbering; adjoining clauses may share a boundary page. Selected formulas/procedures visually audited and implemented in v0.7.
8.3.1,СП 16.13330.2017 «Стальные конструкции»,8.3.1,,32,32,Расчет на прочность балок крановых путей следует выполнять согласно 8.2.1 на действие вертикальных и,normative,no,no,no,implemented in v0.7 selected scope,Page range is based on PDF page numbering; adjoining clauses may share a boundary page. Selected formulas/procedures visually audited and implemented in v0.7.
8.3.2,СП 16.13330.2017 «Стальные конструкции»,8.3.2,,32,32,Расчет на прочность стенок балок крановых путей (за исключением балок для кранов групп режимов работы 7К,normative,no,no,no,implemented in v0.7 selected scope,Page range is based on PDF page numbering; adjoining clauses may share a boundary page. Selected formulas/procedures visually audited and implemented in v0.7.
8.3.3,СП 16.13330.2017 «Стальные конструкции»,8.3.3,,32,33,При расчете на прочность стенок балок крановых путей из стали с пределом текучести не более 440 Н/мм,normative,yes,no,no,implemented in v0.7 selected scope,Page range is based on PDF page numbering; adjoining clauses may share a boundary page. Selected formulas/procedures visually audited and implemented in v0.7.
8.3.4,СП 16.13330.2017 «Стальные конструкции»,8.3.4,,33,33,Расчет на прочность подвесных балок крановых путей (монорельсов) следует выполнять с учетом местных,normative,no,no,no,implemented in v0.7 selected scope,Page range is based on PDF page numbering; adjoining clauses may share a boundary page. Selected formulas/procedures visually audited and implemented in v0.7.
8.3.5,СП 16.13330.2017 «Стальные конструкции»,8.3.5,,33,34,Расчет на прочность бистальных балок крановых путей двутаврового сечения с двумя осями симметрии для,normative,no,no,no,implemented in v0.7 selected scope,Page range is based on PDF page numbering; adjoining clauses may share a boundary page. Selected formulas/procedures visually audited and implemented in v0.7.
8.4,СП 16.13330.2017 «Стальные конструкции»,8.4,,34,36,Расчет на общую устойчивость изгибаемых элементов сплошного сечения,normative,no,no,no,implemented in v0.7 selected scope,Page range is based on PDF page numbering; adjoining clauses may share a boundary page. Selected formulas/procedures visually audited and implemented in v0.7.
8.4.1,СП 16.13330.2017 «Стальные конструкции»,8.4.1,,34,34,"Расчет на устойчивость двутавровых балок 1-го класса, а также бистальных балок 2-го класса, удовлетворяющих",normative,yes,no,no,implemented in v0.7 selected scope,Page range is based on PDF page numbering; adjoining clauses may share a boundary page. Selected formulas/procedures visually audited and implemented in v0.7.
8.4.2,СП 16.13330.2017 «Стальные конструкции»,8.4.2,,34,34,"При определении значения закреплений сжатого пояса от поперечных смещений (узлами продольных или поперечных связей, точками крепления",normative,no,no,no,implemented in v0.7 selected scope,Page range is based on PDF page numbering; adjoining clauses may share a boundary page. Selected formulas/procedures visually audited and implemented in v0.7.
8.4.3,СП 16.13330.2017 «Стальные конструкции»,8.4.3,,34,34,"Расчет на устойчивость балок крановых путей двутаврового сечения следует выполнять по формуле (70), в",normative,no,no,no,implemented in v0.7 selected scope,Page range is based on PDF page numbering; adjoining clauses may share a boundary page. Selected formulas/procedures visually audited and implemented in v0.7.
8.4.4,СП 16.13330.2017 «Стальные конструкции»,8.4.4,,34,35,"Устойчивость балок 1-го класса, а также бистальных балок 2-го класса проверять не требуется а) при передаче нагрузки на балку через сплошной жесткий настил (железобетонные плиты и…",normative,yes,yes,no,implemented in v0.7 selected scope,Page range is based on PDF page numbering; adjoining clauses may share a boundary page. Selected formulas/procedures visually audited and implemented in v0.7.
8.4.5,СП 16.13330.2017 «Стальные конструкции»,8.4.5,,35,36,"Прикрепления к сжатому поясу жесткого настила, продольных или поперечных связей, которые должны",normative,yes,no,no,implemented in v0.7 selected scope,Page range is based on PDF page numbering; adjoining clauses may share a boundary page. Selected formulas/procedures visually audited and implemented in v0.7.
8.4.6,СП 16.13330.2017 «Стальные конструкции»,8.4.6,,36,36,Устойчивость балок 2-го и 3-го классов следует считать обеспеченной при выполнении требований перечисления а) или б) 8.4.4 при условии умножения значений,normative,yes,no,no,implemented in v0.7 selected scope,Page range is based on PDF page numbering; adjoining clauses may share a boundary page. Selected formulas/procedures visually audited and implemented in v0.7.
8.5,СП 16.13330.2017 «Стальные конструкции»,8.5,,36,47,Проверка устойчивости стенок и поясных листов изгибаемых элементов сплошного сечения,normative,no,no,no,implemented_in_v0.8_selected_scope,"Equations, tables, and scalar/routing procedures in clauses 8.5.1-8.5.20 are implemented and traced; global analysis, geometry classification, and external flexible-web rules remain outside this release."
8.5.1,СП 16.13330.2017 «Стальные конструкции»,8.5.1,,36,37,"Устойчивость стенок балок 1-го класса проверять не требуется, если выполнены требования 8.2.1, 8.3.1-8.3.3",normative,no,no,no,implemented_in_v0.8_selected_scope,"Equations, tables, and scalar/routing procedures in clauses 8.5.1-8.5.20 are implemented and traced; global analysis, geometry classification, and external flexible-web rules remain outside this release."
8.5.2,СП 16.13330.2017 «Стальные конструкции»,8.5.2,,37,37,Проверку устойчивости стенок балок 1-го класса следует выполнять с учетом наибольшего сжимающего,normative,yes,no,no,implemented_in_v0.8_selected_scope,"Equations, tables, and scalar/routing procedures in clauses 8.5.1-8.5.20 are implemented and traced; global analysis, geometry classification, and external flexible-web rules remain outside this release."
8.5.3,СП 16.13330.2017 «Стальные конструкции»,8.5.3,,37,38,"Устойчивость стенок балок 1-го класса симметричного сечения, укрепленных только поперечными ребрами",normative,yes,no,no,implemented_in_v0.8_selected_scope,"Equations, tables, and scalar/routing procedures in clauses 8.5.1-8.5.20 are implemented and traced; global analysis, geometry classification, and external flexible-web rules remain outside this release."
8.5.4,СП 16.13330.2017 «Стальные конструкции»,8.5.4,,38,39,Для балок по 8.5.3 при от вида поясных соединений и значения коэффициента,normative,yes,yes,no,implemented_in_v0.8_selected_scope,"Equations, tables, and scalar/routing procedures in clauses 8.5.1-8.5.20 are implemented and traced; global analysis, geometry classification, and external flexible-web rules remain outside this release."
8.5.5,СП 16.13330.2017 «Стальные конструкции»,8.5.5,,39,40,При вычислении значений - по таблице 14 в зависимости от отношения,normative,no,yes,no,implemented_in_v0.8_selected_scope,"Equations, tables, and scalar/routing procedures in clauses 8.5.1-8.5.20 are implemented and traced; global analysis, geometry classification, and external flexible-web rules remain outside this release."
8.5.6,СП 16.13330.2017 «Стальные конструкции»,8.5.6,,40,40,Устойчивость стенок балок 1-го класса асимметричного двутаврового сечения с более развитым сжатым поясом,normative,no,no,no,implemented_in_v0.8_selected_scope,"Equations, tables, and scalar/routing procedures in clauses 8.5.1-8.5.20 are implemented and traced; global analysis, geometry classification, and external flexible-web rules remain outside this release."
8.5.7,СП 16.13330.2017 «Стальные конструкции»,8.5.7,,40,41,Устойчивость стенок балок 1-го класса асимметричного двутаврового сечения с более развитым растянутым,normative,yes,yes,no,implemented_in_v0.8_selected_scope,"Equations, tables, and scalar/routing procedures in clauses 8.5.1-8.5.20 are implemented and traced; global analysis, geometry classification, and external flexible-web rules remain outside this release."
8.5.8,СП 16.13330.2017 «Стальные конструкции»,8.5.8,,41,42,Устойчивость стенок балок 2-го и 3-го классов из однородной стали и бистальных при отсутствии местного,normative,yes,yes,no,implemented_in_v0.8_selected_scope,"Equations, tables, and scalar/routing procedures in clauses 8.5.1-8.5.20 are implemented and traced; global analysis, geometry classification, and external flexible-web rules remain outside this release."
8.5.9,СП 16.13330.2017 «Стальные конструкции»,8.5.9,,42,42,"Стенки балок следует укреплять поперечными ребрами жесткости в балках 1-го класса, если значение условной гибкости стенки нагрузки на поясе балки или 2,2 - при наличии такой нагру…",normative,no,no,no,implemented_in_v0.8_selected_scope,"Equations, tables, and scalar/routing procedures in clauses 8.5.1-8.5.20 are implemented and traced; global analysis, geometry classification, and external flexible-web rules remain outside this release."
8.5.10,СП 16.13330.2017 «Стальные конструкции»,8.5.10,,42,42,"Поперечное ребро жесткости, расположенное в месте приложения сосредоточенной нагрузки к верхнему поясу",normative,no,no,no,implemented_in_v0.8_selected_scope,"Equations, tables, and scalar/routing procedures in clauses 8.5.1-8.5.20 are implemented and traced; global analysis, geometry classification, and external flexible-web rules remain outside this release."
8.5.11,СП 16.13330.2017 «Стальные конструкции»,8.5.11,,42,42,"Стенки балок 1-го класса, у которых при действии нормальных напряжений обеспечена, а также при значениях условной гибкости стенки",normative,no,no,no,implemented_in_v0.8_selected_scope,"Equations, tables, and scalar/routing procedures in clauses 8.5.1-8.5.20 are implemented and traced; global analysis, geometry classification, and external flexible-web rules remain outside this release."
8.5.12,СП 16.13330.2017 «Стальные конструкции»,8.5.12,,42,44,"В стенке балки симметричного двутаврового сечения 1-го класса, укрепленной, кроме поперечных ребер, одной",normative,yes,no,no,implemented_in_v0.8_selected_scope,"Equations, tables, and scalar/routing procedures in clauses 8.5.1-8.5.20 are implemented and traced; global analysis, geometry classification, and external flexible-web rules remain outside this release."
8.5.13,СП 16.13330.2017 «Стальные конструкции»,8.5.13,,44,45,"Промежуточные ребра, расположенные на пластинке 1 между сжатым поясом и продольным ребром, следует",normative,no,no,no,implemented_in_v0.8_selected_scope,"Equations, tables, and scalar/routing procedures in clauses 8.5.1-8.5.20 are implemented and traced; global analysis, geometry classification, and external flexible-web rules remain outside this release."
8.5.14,СП 16.13330.2017 «Стальные конструкции»,8.5.14,,45,45,"Проверку устойчивости стенок балок асимметричного сечения (с более развитым сжатым поясом) укрепленных поперечными ребрами и парным продольным ребром, расположенным в сжатой зоне,…",normative,no,no,no,implemented_in_v0.8_selected_scope,"Equations, tables, and scalar/routing procedures in clauses 8.5.1-8.5.20 are implemented and traced; global analysis, geometry classification, and external flexible-web rules remain outside this release."
8.5.15,СП 16.13330.2017 «Стальные конструкции»,8.5.15,,45,45,При укреплении стенки поперечными ребрами и парным продольным ребром жесткости места расположения и,normative,no,yes,no,implemented_in_v0.8_selected_scope,"Equations, tables, and scalar/routing procedures in clauses 8.5.1-8.5.20 are implemented and traced; global analysis, geometry classification, and external flexible-web rules remain outside this release."
8.5.16,СП 16.13330.2017 «Стальные конструкции»,8.5.16,,45,45,При значениях условной гибкости стенки проектируют как балки 2-го класса с гибкими (неустойчивыми) стенками согласно правилам проектирования стальных конструкций,normative,no,no,no,implemented_in_v0.8_selected_scope,"Equations, tables, and scalar/routing procedures in clauses 8.5.1-8.5.20 are implemented and traced; global analysis, geometry classification, and external flexible-web rules remain outside this release."
8.5.17,СП 16.13330.2017 «Стальные конструкции»,8.5.17,,45,46,Участок стенки балки над опорой следует рассчитывать на устойчивость при центральном сжатии из плоскости,normative,no,no,no,implemented_in_v0.8_selected_scope,"Equations, tables, and scalar/routing procedures in clauses 8.5.1-8.5.20 are implemented and traced; global analysis, geometry classification, and external flexible-web rules remain outside this release."
8.5.18,СП 16.13330.2017 «Стальные конструкции»,8.5.18,,46,46,"Устойчивость сжатых поясов следует считать обеспеченной, если условная гибкость свеса пояса при выполнении требований 7.3.7, 8.2.1 и 8.2.8 не превышает предельных значений",normative,yes,no,no,implemented_in_v0.8_selected_scope,"Equations, tables, and scalar/routing procedures in clauses 8.5.1-8.5.20 are implemented and traced; global analysis, geometry classification, and external flexible-web rules remain outside this release."
8.5.19,СП 16.13330.2017 «Стальные конструкции»,8.5.19,,46,47,"Устойчивость сжатых поясов следует считать обеспеченной, если условная гибкость свеса сжатого пояса или",normative,yes,no,no,implemented_in_v0.8_selected_scope,"Equations, tables, and scalar/routing procedures in clauses 8.5.1-8.5.20 are implemented and traced; global analysis, geometry classification, and external flexible-web rules remain outside this release."
8.5.20,СП 16.13330.2017 «Стальные конструкции»,8.5.20,,47,47,"В случае окаймления или отгиба полки (стенки) сечения (рисунок 5), размером",normative,no,no,no,implemented_in_v0.8_selected_scope,"Equations, tables, and scalar/routing procedures in clauses 8.5.1-8.5.20 are implemented and traced; global analysis, geometry classification, and external flexible-web rules remain outside this release."
8.6,СП 16.13330.2017 «Стальные конструкции»,8.6,,47,47,Расчет опорных плит,normative,yes,no,no,calculation or executable procedure,Page range is based on PDF page numbering; adjoining clauses may share a boundary page.
8.6.1,СП 16.13330.2017 «Стальные конструкции»,8.6.1,,47,47,Площадь стальной опорной плиты должна удовлетворять требованиям расчета на прочность фундамента,normative,no,no,no,calculation or executable procedure,Page range is based on PDF page numbering; adjoining clauses may share a boundary page.
8.6.2,СП 16.13330.2017 «Стальные конструкции»,8.6.2,,47,47,Толщину опорной плиты следует определять расчетом на изгиб пластинки по формуле,normative,yes,yes,no,calculation or executable procedure,Page range is based on PDF page numbering; adjoining clauses may share a boundary page.
9,СП 16.13330.2017 «Стальные конструкции»,9,,47,58,Расчет элементов стальных конструкций при действии продольной силы с изгибом,normative,no,no,no,calculation or executable procedure,Page range is based on PDF page numbering; adjoining clauses may share a boundary page.
9.1,СП 16.13330.2017 «Стальные конструкции»,9.1,,47,48,Расчет на прочность элементов сплошного сечения,normative,yes,no,no,calculation or executable procedure,Page range is based on PDF page numbering; adjoining clauses may share a boundary page.
9.1.1,СП 16.13330.2017 «Стальные конструкции»,9.1.1,,47,48,Расчет на прочность внецентренно сжатых (сжато-изгибаемых) и внецентренно растянутых (растянуто-,normative,yes,no,no,calculation or executable procedure,Page range is based on PDF page numbering; adjoining clauses may share a boundary page.
9.1.2,СП 16.13330.2017 «Стальные конструкции»,9.1.2,,48,48,Расчет на прочность внецентренно сжатых (сжато-изгибаемых) элементов по формуле (105) выполнять не,normative,no,no,no,calculation or executable procedure,Page range is based on PDF page numbering; adjoining clauses may share a boundary page.
9.1.3,СП 16.13330.2017 «Стальные конструкции»,9.1.3,,48,48,"Внецентренно сжатые (сжато-изгибаемые) элементы из стали с нормативным сопротивлением с несимметричными сечениями относительно оси, перпендикулярной к плоскости изгиба (например,…",normative,yes,no,no,calculation or executable procedure,Page range is based on PDF page numbering; adjoining clauses may share a boundary page.
9.2,СП 16.13330.2017 «Стальные конструкции»,9.2,,48,53,Расчет на устойчивость элементов сплошного сечения,normative,no,no,no,calculation or executable procedure,"Implemented in v0.10 as audited scalar equations, exact table-node lookups, and explicit routing; global analysis and classification remain external."
9.2.1,СП 16.13330.2017 «Стальные конструкции»,9.2.1,,48,48,Расчет на устойчивость внецентренно сжатых (сжато-изгибаемых) элементов при действии момента в одной из,normative,no,no,no,calculation or executable procedure,"Implemented in v0.10 as audited scalar equations, exact table-node lookups, and explicit routing; global analysis and classification remain external."
9.2.2,СП 16.13330.2017 «Стальные конструкции»,9.2.2,,48,49,Расчет на устойчивость внецентренно сжатых (сжато-изгибаемых) элементов постоянного сечения (колонн,normative,yes,no,no,calculation or executable procedure,"Implemented in v0.10 as audited scalar equations, exact table-node lookups, and explicit routing; global analysis and classification remain external."
9.2.3,СП 16.13330.2017 «Стальные конструкции»,9.2.3,,49,50,Расчетные значения продольной силы N и изгибающего момента М в элементе следует принимать для одного и,normative,no,yes,no,calculation or executable procedure,"Implemented in v0.10 as audited scalar equations, exact table-node lookups, and explicit routing; global analysis and classification remain external."
9.2.4,СП 16.13330.2017 «Стальные конструкции»,9.2.4,,50,50,Расчет на устойчивость внецентренно сжатых (сжато-изгибаемых) стержней сплошного постоянного сечения,normative,yes,no,no,calculation or executable procedure,"Implemented in v0.10 as audited scalar equations, exact table-node lookups, and explicit routing; global analysis and classification remain external."
9.2.5,СП 16.13330.2017 «Стальные конструкции»,9.2.5,,50,51,Коэффициент с в формуле (111) следует определять при значениях,normative,yes,yes,no,calculation or executable procedure,"Implemented in v0.10 as audited scalar equations, exact table-node lookups, and explicit routing; global analysis and classification remain external."
9.2.6,СП 16.13330.2017 «Стальные конструкции»,9.2.6,,51,51,При определении относительного эксцентриситета принимать,normative,no,no,no,calculation or executable procedure,"Implemented in v0.10 as audited scalar equations, exact table-node lookups, and explicit routing; global analysis and classification remain external."
9.2.7,СП 16.13330.2017 «Стальные конструкции»,9.2.7,,51,51,"Расчет на устойчивость внецентренно сжатых (сжато-изгибаемых) элементов двутаврового сечения, непрерывно",normative,no,no,no,calculation or executable procedure,"Implemented in v0.10 as audited scalar equations, exact table-node lookups, and explicit routing; global analysis and classification remain external."
9.2.8,СП 16.13330.2017 «Стальные конструкции»,9.2.8,,51,52,"Внецентренно сжатые (сжато-изгибаемые) элементы постоянного сечения, изгибаемые в плоскости наименьшей",normative,yes,no,no,calculation or executable procedure,"Implemented in v0.10 as audited scalar equations, exact table-node lookups, and explicit routing; global analysis and classification remain external."
9.2.9,СП 16.13330.2017 «Стальные конструкции»,9.2.9,,52,52,"Расчет на устойчивость стержней сплошного постоянного сечения (кроме коробчатого), подверженных сжатию и",normative,yes,no,no,calculation or executable procedure,"Implemented in v0.10 as audited scalar equations, exact table-node lookups, and explicit routing; global analysis and classification remain external."
9.2.10,СП 16.13330.2017 «Стальные конструкции»,9.2.10,,52,53,Расчет на устойчивость стержней сплошного постоянного коробчатого сечения при сжатии с изгибом в одной,normative,yes,no,no,calculation or executable procedure,"Implemented in v0.10 as audited scalar equations, exact table-node lookups, and explicit routing; global analysis and classification remain external."
9.3,СП 16.13330.2017 «Стальные конструкции»,9.3,,53,54,Расчет на устойчивость элементов сквозного сечения,normative,no,no,no,calculation or executable procedure,Page range is based on PDF page numbering; adjoining clauses may share a boundary page.
9.3.1,СП 16.13330.2017 «Стальные конструкции»,9.3.1,,53,53,При проверке на устойчивость внецентренно сжатых (сжато-изгибаемых) стержней сквозного сечения с,normative,no,no,no,calculation or executable procedure,Page range is based on PDF page numbering; adjoining clauses may share a boundary page.
9.3.2,СП 16.13330.2017 «Стальные конструкции»,9.3.2,,53,53,"При расчете стержня в целом относительно свободной оси (у-у) по формуле (109), когда планки и решетки",normative,yes,no,no,calculation or executable procedure,Page range is based on PDF page numbering; adjoining clauses may share a boundary page.
9.3.3,СП 16.13330.2017 «Стальные конструкции»,9.3.3,,53,54,При расчете отдельных ветвей сквозных стержней с решетками по формуле (7) продольную силу в каждой ветви,normative,yes,no,no,calculation or executable procedure,Page range is based on PDF page numbering; adjoining clauses may share a boundary page.
9.3.4,СП 16.13330.2017 «Стальные конструкции»,9.3.4,,54,54,При расчете отдельных ветвей сквозных стержней с планками в формуле (109) следует учитывать дополнительное усилие поясах безраскосной фермы),normative,no,no,no,calculation or executable procedure,Page range is based on PDF page numbering; adjoining clauses may share a boundary page.
9.3.5,СП 16.13330.2017 «Стальные конструкции»,9.3.5,,54,54,Расчет на устойчивость внецентренно сжатых (сжато-изгибаемых) трехгранных сквозных стержней с решетками,normative,no,no,no,calculation or executable procedure,Page range is based on PDF page numbering; adjoining clauses may share a boundary page.
9.3.6,СП 16.13330.2017 «Стальные конструкции»,9.3.6,,54,54,"Расчет на устойчивость сквозных стержней из двух сплошностенчатых ветвей, симметричных относительно оси",normative,no,no,no,calculation or executable procedure,Page range is based on PDF page numbering; adjoining clauses may share a boundary page.
9.3.7,СП 16.13330.2017 «Стальные конструкции»,9.3.7,,54,54,Расчет соединительных планок или решеток сквозных внецентренно сжатых (сжато-изгибаемых) стержней,normative,no,no,no,calculation or executable procedure,Page range is based on PDF page numbering; adjoining clauses may share a boundary page.
9.4,СП 16.13330.2017 «Стальные конструкции»,9.4,,54,58,Проверка устойчивости стенок и поясов,normative,no,no,no,calculation or executable procedure,Page range is based on PDF page numbering; adjoining clauses may share a boundary page.
9.4.1,СП 16.13330.2017 «Стальные конструкции»,9.4.1,,54,54,Расчетные размеры проверяемых на устойчивость стенок и поясных листов (полок) следует принимать согласно,normative,no,no,no,calculation or executable procedure,Page range is based on PDF page numbering; adjoining clauses may share a boundary page.
9.4.2,СП 16.13330.2017 «Стальные конструкции»,9.4.2,,54,56,"Устойчивость стенок внецентренно сжатых (сжато-изгибаемых) элементов следует считать обеспеченной, если",normative,yes,yes,no,calculation or executable procedure,Page range is based on PDF page numbering; adjoining clauses may share a boundary page.
9.4.3,СП 16.13330.2017 «Стальные конструкции»,9.4.3,,56,56,"При выполнении условия формулам (125) и (126), увеличивают путем определения ее по формуле",normative,yes,no,no,calculation or executable procedure,Page range is based on PDF page numbering; adjoining clauses may share a boundary page.
9.4.4,СП 16.13330.2017 «Стальные конструкции»,9.4.4,,56,56,Укреплять поперечными ребрами жесткости стенки внецентренно сжатых (сжато-изгибаемых) элементов,normative,no,no,no,calculation or executable procedure,Page range is based on PDF page numbering; adjoining clauses may share a boundary page.
9.4.5,СП 16.13330.2017 «Стальные конструкции»,9.4.5,,56,56,При укреплении стенки внецентренно сжатого (сжато-изгибаемого) элемента продольным ребром жесткости (с,normative,no,no,no,calculation or executable procedure,Page range is based on PDF page numbering; adjoining clauses may share a boundary page.
9.4.6,СП 16.13330.2017 «Стальные конструкции»,9.4.6,,56,56,"В случаях, когда фактическое значение условной гибкости стенки вычисленное для сечений типа 1 по формулам таблицы 22, а для сечений типов 2 и 3 с учетом примечания 2 таблицы 22 (п…",normative,no,no,no,calculation or executable procedure,Page range is based on PDF page numbering; adjoining clauses may share a boundary page.
9.4.7,СП 16.13330.2017 «Стальные конструкции»,9.4.7,,56,57,Устойчивость,normative,yes,yes,no,calculation or executable procedure,Page range is based on PDF page numbering; adjoining clauses may share a boundary page.
9.4.8,СП 16.13330.2017 «Стальные конструкции»,9.4.8,,57,57,"Для полок (стенок) с отгибами (см. рисунок 5), значения предельной условной гибкости определяемые по формулам таблицы 23, следует умножать на коэффициент 1,5",normative,no,no,no,calculation or executable procedure,Page range is based on PDF page numbering; adjoining clauses may share a boundary page.
9.4.9,СП 16.13330.2017 «Стальные конструкции»,9.4.9,,57,58,"В случае, если проверка по предельной гибкости в двух плоскостях (раздел 10.4) является определяющей при",normative,no,no,no,calculation or executable procedure,Page range is based on PDF page numbering; adjoining clauses may share a boundary page.
9.4.10,СП 16.13330.2017 «Стальные конструкции»,9.4.10,,58,58,Проверку местной устойчивости стенок и поясов внецентренно растянутых (растянуто-изгибаемых) элементов,normative,no,no,no,calculation or executable procedure,Page range is based on PDF page numbering; adjoining clauses may share a boundary page.
10,СП 16.13330.2017 «Стальные конструкции»,10,,58,72,Расчетные длины и предельные гибкости элементов стальных конструкций,normative,no,no,no,implemented_selected_scope,Section 10 implemented in v0.12; external global-analysis and Annex И boundaries are explicit.
10.1,СП 16.13330.2017 «Стальные конструкции»,10.1,,58,61,"Расчетные длины элементов плоских ферм, ветвей колонн и связей",normative,no,no,no,implemented_selected_scope,Section 10 implemented in v0.12; external global-analysis and Annex И boundaries are explicit.
10.1.1,СП 16.13330.2017 «Стальные конструкции»,10.1.1,,58,58,"Расчетные длины сжатых элементов плоских ферм и связей в их плоскости а), б), в), г), за исключением элементов, указанных в 10.1.2 и 10.1.3, следует принимать по таблице 24",normative,no,yes,no,implemented_selected_scope,Section 10 implemented in v0.12; external global-analysis and Annex И boundaries are explicit.
10.1.2,СП 16.13330.2017 «Стальные конструкции»,10.1.2,,58,60,Расчетные длины сжимающими или растягивающими усилиями на участках (число участков равной длины,normative,yes,no,no,implemented_selected_scope,Section 10 implemented in v0.12; external global-analysis and Annex И boundaries are explicit.
10.1.3,СП 16.13330.2017 «Стальные конструкции»,10.1.3,,60,61,"Расчетные длины скрепленных между собой (см. рисунок 13, д), следует принимать по таблице 25. Определять расчетные длины",normative,no,yes,no,implemented_selected_scope,Section 10 implemented in v0.12; external global-analysis and Annex И boundaries are explicit.
10.1.4,СП 16.13330.2017 «Стальные конструкции»,10.1.4,,61,61,Радиусы инерции i сечений элементов из одиночных уголков при определении гибкости следует принимать,normative,no,no,no,implemented_selected_scope,Section 10 implemented in v0.12; external global-analysis and Annex И boundaries are explicit.
10.2,СП 16.13330.2017 «Стальные конструкции»,10.2,,61,65,"Расчетные длины элементов пространственных решетчатых конструкций, в том числе структурных",normative,no,no,no,implemented_selected_scope,Section 10 implemented in v0.12; external global-analysis and Annex И boundaries are explicit.
10.2.1,СП 16.13330.2017 «Стальные конструкции»,10.2.1,,61,62,Расчетные длины геометрическая длина элемента - расстояние между центрами узлов структурных конструкций),normative,no,yes,no,implemented_selected_scope,Section 10 implemented in v0.12; external global-analysis and Annex И boundaries are explicit.
10.2.2,СП 16.13330.2017 «Стальные конструкции»,10.2.2,,62,62,Радиусы инерции сечений i элементов структурных конструкций при определении гибкости следует принимать,normative,no,no,no,implemented_selected_scope,Section 10 implemented in v0.12; external global-analysis and Annex И boundaries are explicit.
10.2.3,СП 16.13330.2017 «Стальные конструкции»,10.2.3,,62,62,"Расчетные длины пространственных конструкций (рисунок 15) из одиночных уголков при определении гибкости следует принимать по таблицам 27, 28 и 29",normative,no,no,no,implemented_selected_scope,Section 10 implemented in v0.12; external global-analysis and Annex И boundaries are explicit.
10.2.4,СП 16.13330.2017 «Стальные конструкции»,10.2.4,,62,62,"Для определения расчетных длин раскосов по рисунку 15, в, при прикреплении их без фасонок к распорке и",normative,no,yes,no,implemented_selected_scope,Section 10 implemented in v0.12; external global-analysis and Annex И boundaries are explicit.
10.2.5,СП 16.13330.2017 «Стальные конструкции»,10.2.5,,62,65,Расчетные длины 10.1.1-10.1.3,normative,no,yes,no,implemented_selected_scope,Section 10 implemented in v0.12; external global-analysis and Annex И boundaries are explicit.
10.3,СП 16.13330.2017 «Стальные конструкции»,10.3,,65,70,Расчетные длины колонн (стоек),normative,no,no,no,implemented_selected_scope,Section 10 implemented in v0.12; external global-analysis and Annex И boundaries are explicit.
10.3.1,СП 16.13330.2017 «Стальные конструкции»,10.3.1,,65,65,Расчетные длины определять по формуле,normative,yes,no,no,implemented_selected_scope,Section 10 implemented in v0.12; external global-analysis and Annex И boundaries are explicit.
10.3.2,СП 16.13330.2017 «Стальные конструкции»,10.3.2,,65,66,При определении коэффициентов расчетной длины колонн (стоек) значения продольных сил в элементах,normative,no,no,no,implemented_selected_scope,Section 10 implemented in v0.12; external global-analysis and Annex И boundaries are explicit.
10.3.3,СП 16.13330.2017 «Стальные конструкции»,10.3.3,,66,66,Коэффициенты расчетной длины условий закрепления их концов и вида нагрузки. Для определенных схем закрепления концов и вида нагрузки значения,normative,no,yes,no,implemented_selected_scope,Section 10 implemented in v0.12; external global-analysis and Annex И boundaries are explicit.
10.3.4,СП 16.13330.2017 «Стальные конструкции»,10.3.4,,66,69,Коэффициенты расчетной длины m колонн постоянного сечения в плоскости свободных или несвободных рам,normative,yes,yes,no,implemented_selected_scope,Section 10 implemented in v0.12; external global-analysis and Annex И boundaries are explicit.
10.3.5,СП 16.13330.2017 «Стальные конструкции»,10.3.5,,69,69,"При отношении быть проверена общая устойчивость рамы в целом как составного стержня, защемленного в основании и свободного вверху",normative,no,no,no,implemented_selected_scope,Section 10 implemented in v0.12; external global-analysis and Annex И boundaries are explicit.
10.3.6,СП 16.13330.2017 «Стальные конструкции»,10.3.6,,69,69,При неравномерном нагружении верхних узлов колонн в свободной одноэтажной раме и наличии жесткого,normative,yes,no,no,implemented_selected_scope,Section 10 implemented in v0.12; external global-analysis and Annex И boundaries are explicit.
10.3.7,СП 16.13330.2017 «Стальные конструкции»,10.3.7,,69,69,"Коэффициенты расчетной длины определять согласно приложению И или на основе расчетной схемы, учитывающей фактические условия закрепления концов колонн с учетом 10.3.1 и 10.3.2",normative,no,no,no,implemented_selected_scope,Section 10 implemented in v0.12; external global-analysis and Annex И boundaries are explicit.
10.3.8,СП 16.13330.2017 «Стальные конструкции»,10.3.8,,69,70,"Коэффициенты расчетной длины жесткого диска покрытия) и многоэтажных рам, при учете влияния характера деформирования системы под нагрузкой следует уменьшать умножением на коэффици…",normative,yes,no,no,implemented_selected_scope,Section 10 implemented in v0.12; external global-analysis and Annex И boundaries are explicit.
10.3.9,СП 16.13330.2017 «Стальные конструкции»,10.3.9,,70,70,Расчетные длины колонн в направлении вдоль здания (из плоскости рамы) следует принимать равными,normative,no,no,no,implemented_selected_scope,Section 10 implemented in v0.12; external global-analysis and Annex И boundaries are explicit.
10.3.10,СП 16.13330.2017 «Стальные конструкции»,10.3.10,,70,70,Расчетную длину ветвей плоских опор транспортерных галерей следует принимать равной в продольном направлении галереи - высоте опоры (от низа базы до оси нижнего пояса фермы или ба…,normative,no,no,no,implemented_selected_scope,Section 10 implemented in v0.12; external global-analysis and Annex И boundaries are explicit.
10.3.11,СП 16.13330.2017 «Стальные конструкции»,10.3.11,,70,70,"Определение расчетных длин колонн (стоек), в т.ч. сжатых элементов пространственных решетчатых конструкций, с использованием сертифицированных программных вычислительных комплексо…",normative,no,no,no,implemented_selected_scope,Section 10 implemented in v0.12; external global-analysis and Annex И boundaries are explicit.
10.4,СП 16.13330.2017 «Стальные конструкции»,10.4,,70,72,Предельные гибкости элементов,normative,no,no,no,implemented_selected_scope,Section 10 implemented in v0.12; external global-analysis and Annex И boundaries are explicit.
10.4.1,СП 16.13330.2017 «Стальные конструкции»,10.4.1,,70,70,Гибкости элементов сжатых элементов и в таблице 33 - для растянутых,normative,no,yes,no,implemented_selected_scope,Section 10 implemented in v0.12; external global-analysis and Annex И boundaries are explicit.
10.4.2,СП 16.13330.2017 «Стальные конструкции»,10.4.2,,70,72,"Для элементов конструкций, которые согласно приложению В относятся к группе 4 в зданиях и сооружениях",normative,no,no,no,implemented_selected_scope,Section 10 implemented in v0.12; external global-analysis and Annex И boundaries are explicit.
11,СП 16.13330.2017 «Стальные конструкции»,11,,72,77,Расчет листовых конструкций,normative,no,no,no,calculation or executable procedure,Section 11 visually audited for v0.13. Implemented scalar formulas and table/procedure routing are mapped in implementation_map.csv; local edge effects and arbitrary spatial shell analysis remain explicit boundaries.
11.1,СП 16.13330.2017 «Стальные конструкции»,11.1,,72,74,Расчет на прочность,normative,no,no,no,calculation or executable procedure,Section 11 visually audited for v0.13. Implemented scalar formulas and table/procedure routing are mapped in implementation_map.csv; local edge effects and arbitrary spatial shell analysis remain explicit boundaries.
11.1.1,СП 16.13330.2017 «Стальные конструкции»,11.1.1,,72,73,"Расчет на прочность листовых конструкций (оболочек вращения), находящихся в безмоментном напряженном",normative,yes,no,no,calculation or executable procedure,Section 11 visually audited for v0.13. Implemented scalar formulas and table/procedure routing are mapped in implementation_map.csv; local edge effects and arbitrary spatial shell analysis remain explicit boundaries.
11.1.2,СП 16.13330.2017 «Стальные конструкции»,11.1.2,,73,73,"Напряжения в безмоментных тонкостенных оболочках вращения (рисунок 16), находящихся под давлением",normative,yes,no,no,calculation or executable procedure,Section 11 visually audited for v0.13. Implemented scalar formulas and table/procedure routing are mapped in implementation_map.csv; local edge effects and arbitrary spatial shell analysis remain explicit boundaries.
11.1.3,СП 16.13330.2017 «Стальные конструкции»,11.1.3,,73,74,"Напряжения в замкнутых безмоментных тонкостенных оболочках вращения, находящихся под внутренним",normative,yes,no,no,calculation or executable procedure,Section 11 visually audited for v0.13. Implemented scalar formulas and table/procedure routing are mapped in implementation_map.csv; local edge effects and arbitrary spatial shell analysis remain explicit boundaries.
11.1.4,СП 16.13330.2017 «Стальные конструкции»,11.1.4,,74,74,"При проверке прочности оболочек в местах изменения их формы или толщины, а также изменения нагрузки",normative,no,no,no,calculation or executable procedure,Section 11 visually audited for v0.13. Implemented scalar formulas and table/procedure routing are mapped in implementation_map.csv; local edge effects and arbitrary spatial shell analysis remain explicit boundaries.
11.1.5,СП 16.13330.2017 «Стальные конструкции»,11.1.5,,74,74,Напряжения и усилия в оболочках любой конфигурации следует выполнять в соответствии с требованиями,normative,no,no,no,calculation or executable procedure,Section 11 visually audited for v0.13. Implemented scalar formulas and table/procedure routing are mapped in implementation_map.csv; local edge effects and arbitrary spatial shell analysis remain explicit boundaries.
11.2,СП 16.13330.2017 «Стальные конструкции»,11.2,,74,77,Расчет на устойчивость,normative,no,no,no,calculation or executable procedure,Section 11 visually audited for v0.13. Implemented scalar formulas and table/procedure routing are mapped in implementation_map.csv; local edge effects and arbitrary spatial shell analysis remain explicit boundaries.
11.2.1,СП 16.13330.2017 «Стальные конструкции»,11.2.1,,74,75,"Расчет на устойчивость замкнутых круговых цилиндрических оболочек вращения, равномерно сжатых параллельно образующим, следует выполнять по формуле",normative,yes,yes,no,calculation or executable procedure,Section 11 visually audited for v0.13. Implemented scalar formulas and table/procedure routing are mapped in implementation_map.csv; local edge effects and arbitrary spatial shell analysis remain explicit boundaries.
11.2.2,СП 16.13330.2017 «Стальные конструкции»,11.2.2,,75,75,"В трубах, рассчитываемых как сжатые или внецентренно сжатые стержни при условной гибкости",normative,yes,no,no,calculation or executable procedure,Section 11 visually audited for v0.13. Implemented scalar formulas and table/procedure routing are mapped in implementation_map.csv; local edge effects and arbitrary spatial shell analysis remain explicit boundaries.
11.2.3,СП 16.13330.2017 «Стальные конструкции»,11.2.3,,75,75,"Цилиндрическая панель, опертая по двум образующим и двум дугам направляющей, равномерно сжатая вдоль",normative,yes,no,no,calculation or executable procedure,Section 11 visually audited for v0.13. Implemented scalar formulas and table/procedure routing are mapped in implementation_map.csv; local edge effects and arbitrary spatial shell analysis remain explicit boundaries.
11.2.4,СП 16.13330.2017 «Стальные конструкции»,11.2.4,,75,76,"Расчет на устойчивость замкнутой круговой цилиндрической оболочки вращения, при действии внешнего",normative,yes,no,no,calculation or executable procedure,Section 11 visually audited for v0.13. Implemented scalar formulas and table/procedure routing are mapped in implementation_map.csv; local edge effects and arbitrary spatial shell analysis remain explicit boundaries.
11.2.5,СП 16.13330.2017 «Стальные конструкции»,11.2.5,,76,76,"Расчет на устойчивость замкнутой круговой цилиндрической оболочки вращения одновременному действию нагрузок, указанных в 11.2.1 и 11.2.4, следует выполнять по формуле",normative,yes,no,no,calculation or executable procedure,Section 11 visually audited for v0.13. Implemented scalar formulas and table/procedure routing are mapped in implementation_map.csv; local edge effects and arbitrary spatial shell analysis remain explicit boundaries.
11.2.6,СП 16.13330.2017 «Стальные конструкции»,11.2.6,,76,76,"Расчет на устойчивость конической оболочки вращения с углом конусности (рисунок 18), следует выполнять по формуле",normative,yes,no,no,calculation or executable procedure,Section 11 visually audited for v0.13. Implemented scalar formulas and table/procedure routing are mapped in implementation_map.csv; local edge effects and arbitrary spatial shell analysis remain explicit boundaries.
11.2.7,СП 16.13330.2017 «Стальные конструкции»,11.2.7,,76,77,Расчет на устойчивость конической оболочки вращения при действии внешнего равномерного давления р,normative,yes,no,no,calculation or executable procedure,Section 11 visually audited for v0.13. Implemented scalar formulas and table/procedure routing are mapped in implementation_map.csv; local edge effects and arbitrary spatial shell analysis remain explicit boundaries.
11.2.8,СП 16.13330.2017 «Стальные конструкции»,11.2.8,,77,77,"Расчет на устойчивость конической оболочки вращения, подверженной одновременному действию нагрузок",normative,yes,no,no,calculation or executable procedure,Section 11 visually audited for v0.13. Implemented scalar formulas and table/procedure routing are mapped in implementation_map.csv; local edge effects and arbitrary spatial shell analysis remain explicit boundaries.
11.2.9,СП 16.13330.2017 «Стальные конструкции»,11.2.9,,77,77,Расчет на устойчивость полной сферической оболочки (или ее сегмента) при,normative,yes,no,no,calculation or executable procedure,Section 11 visually audited for v0.13. Implemented scalar formulas and table/procedure routing are mapped in implementation_map.csv; local edge effects and arbitrary spatial shell analysis remain explicit boundaries.
12,СП 16.13330.2017 «Стальные конструкции»,12,,77,79,Расчет элементов стальных конструкций на усталость,normative,no,no,no,calculation or executable procedure,Implemented in v0.14 with explicit SP 20.13330 and stress-history boundaries; Table K.1 classification remains explicit.
12.1,СП 16.13330.2017 «Стальные конструкции»,12.1,,77,79,Общие положения расчета,normative,no,no,no,calculation or executable procedure,Implemented in v0.14 with explicit SP 20.13330 and stress-history boundaries; Table K.1 classification remains explicit.
12.1.1,СП 16.13330.2017 «Стальные конструкции»,12.1.1,,77,77,"При проектировании стальных конструкций и их элементов (балки крановых путей, балки рабочих площадок",normative,no,no,no,calculation or executable procedure,Implemented in v0.14 with explicit SP 20.13330 and stress-history boundaries; Table K.1 classification remains explicit.
12.1.2,СП 16.13330.2017 «Стальные конструкции»,12.1.2,,77,78,Расчет на усталость следует производить по формуле,normative,yes,yes,no,calculation or executable procedure,Implemented in v0.14 with explicit SP 20.13330 and stress-history boundaries; Table K.1 classification remains explicit.
12.1.3,СП 16.13330.2017 «Стальные конструкции»,12.1.3,,78,79,Исключен с 10.01.2025 — Изменение N 6,excluded_current_change6,no,no,no,historical/excluded clause; no current calculation route,Current locked SP16 Changes No.1-6 explicitly excludes 12.1.3. Stage N9 does not execute a formula from this clause.
12.2,СП 16.13330.2017 «Стальные конструкции»,12.2,,79,79,Расчет балок крановых путей Расчет на усталость балок крановых путей следует выполнять согласно требованиям 12.1.1 и 12.1.2 на действие,normative,yes,no,no,calculation or executable procedure,Implemented in v0.14 with explicit SP 20.13330 and stress-history boundaries; Table K.1 classification remains explicit.
13,СП 16.13330.2017 «Стальные конструкции»,13,,79,83,Проектирование стальных конструкций с учетом предотвращения хрупкого разрушения,normative,no,no,no,"implemented calculation, data, procedure, or documented external boundary in v0.15","Reviewed for v0.15. Executable formulas/tables/procedures are mapped; non-executable steel-selection, test-evidence, fabrication, and geometry requirements remain explicit documented boundaries."
13.1,СП 16.13330.2017 «Стальные конструкции»,13.1,,79,80,При проектировании стальных конструкций следует исключать возможность хрупкого разрушения возникающую вследствие неблагоприятного влияния сочетания следующих факторов,normative,no,no,no,"implemented calculation, data, procedure, or documented external boundary in v0.15","Reviewed for v0.15. Executable formulas/tables/procedures are mapped; non-executable steel-selection, test-evidence, fabrication, and geometry requirements remain explicit documented boundaries."
13.2,СП 16.13330.2017 «Стальные конструкции»,13.2,,80,80,Для предотвращения хрупкого разрушения конструкций следует выбирать сталь согласно требованиям 5.2 и таблице В.1 (приложение В),normative,no,no,no,"implemented calculation, data, procedure, or documented external boundary in v0.15","Reviewed for v0.15. Executable formulas/tables/procedures are mapped; non-executable steel-selection, test-evidence, fabrication, and geometry requirements remain explicit documented boundaries."
13.3,СП 16.13330.2017 «Стальные конструкции»,13.3,,80,80,При применении в сварных соединениях проката толщиной,normative,no,no,no,"implemented calculation, data, procedure, or documented external boundary in v0.15","Reviewed for v0.15. Executable formulas/tables/procedures are mapped; non-executable steel-selection, test-evidence, fabrication, and geometry requirements remain explicit documented boundaries."
13.4,СП 16.13330.2017 «Стальные конструкции»,13.4,,80,80,Склонность проката к слоистым разрушениям следует определять при испытаниях на растяжение по значению,normative,no,no,no,"implemented calculation, data, procedure, or documented external boundary in v0.15","Reviewed for v0.15. Executable formulas/tables/procedures are mapped; non-executable steel-selection, test-evidence, fabrication, and geometry requirements remain explicit documented boundaries."
13.5,СП 16.13330.2017 «Стальные конструкции»,13.5,,80,83,"Возможность слоистого разрушения исключается соблюдением условия где - суммарный фактор риска, %",normative,yes,yes,no,"implemented calculation, data, procedure, or documented external boundary in v0.15","Reviewed for v0.15. Executable formulas/tables/procedures are mapped; non-executable steel-selection, test-evidence, fabrication, and geometry requirements remain explicit documented boundaries."
14,СП 16.13330.2017 «Стальные конструкции»,14,,83,97,Проектирование соединений стальных конструкций,normative,no,no,no,calculation or executable procedure,Page range is based on PDF page numbering; adjoining clauses may share a boundary page.
14.1,СП 16.13330.2017 «Стальные конструкции»,14.1,,83,90,Сварные соединения,normative,no,no,no,"implemented calculation, data, procedure, or documented external boundary in v0.15","Reviewed for v0.15. Executable formulas/tables/procedures are mapped; non-executable steel-selection, test-evidence, fabrication, and geometry requirements remain explicit documented boundaries."
14.1.1,СП 16.13330.2017 «Стальные конструкции»,14.1.1,,83,83,"При проектировании стальных конструкций со сварными соединениями следует назначать размеры сварных швов с учетом требований 14.1.2, 14.1.4-14.1.6, а также применять необходимое чи…",normative,no,no,no,"implemented calculation, data, procedure, or documented external boundary in v0.15","Reviewed for v0.15. Executable formulas/tables/procedures are mapped; non-executable steel-selection, test-evidence, fabrication, and geometry requirements remain explicit documented boundaries."
14.1.2,СП 16.13330.2017 «Стальные конструкции»,14.1.2,,83,83,"Основные типы, конструктивные элементы и размеры сварных соединений следует принимать по действующим",normative,no,no,no,"implemented calculation, data, procedure, or documented external boundary in v0.15","Reviewed for v0.15. Executable formulas/tables/procedures are mapped; non-executable steel-selection, test-evidence, fabrication, and geometry requirements remain explicit documented boundaries."
14.1.3,СП 16.13330.2017 «Стальные конструкции»,14.1.3,,83,83,"При выборе электродов, сварочной проволоки и флюсов следует учитывать группы конструкций и расчетные",normative,no,no,no,"implemented calculation, data, procedure, or documented external boundary in v0.15","Reviewed for v0.15. Executable formulas/tables/procedures are mapped; non-executable steel-selection, test-evidence, fabrication, and geometry requirements remain explicit documented boundaries."
14.1.4,СП 16.13330.2017 «Стальные конструкции»,14.1.4,,83,83,При проектировании сварных соединений следует исключать возможность хрупкого разрушения конструкций,normative,no,no,no,"implemented calculation, data, procedure, or documented external boundary in v0.15","Reviewed for v0.15. Executable formulas/tables/procedures are mapped; non-executable steel-selection, test-evidence, fabrication, and geometry requirements remain explicit documented boundaries."
14.1.5,СП 16.13330.2017 «Стальные конструкции»,14.1.5,,83,83,При проектировании тавровых и угловых сварных соединений элементов стальных конструкций с растягивающими напряжениями в направлении толщины проката для исключения возможности слои…,normative,no,no,no,"implemented calculation, data, procedure, or documented external boundary in v0.15","Reviewed for v0.15. Executable formulas/tables/procedures are mapped; non-executable steel-selection, test-evidence, fabrication, and geometry requirements remain explicit documented boundaries."
14.1.6,СП 16.13330.2017 «Стальные конструкции»,14.1.6,,83,83,Сварные стыковые соединения листовых деталей следует проектировать прямыми с полным проваром и с,normative,no,no,no,"implemented calculation, data, procedure, or documented external boundary in v0.15","Reviewed for v0.15. Executable formulas/tables/procedures are mapped; non-executable steel-selection, test-evidence, fabrication, and geometry requirements remain explicit documented boundaries."
14.1.7,СП 16.13330.2017 «Стальные конструкции»,14.1.7,,83,85,Размеры сварных угловых швов и конструкция соединения должны удовлетворять следующим требованиям,normative,no,yes,no,"implemented calculation, data, procedure, or documented external boundary in v0.15","Reviewed for v0.15. Executable formulas/tables/procedures are mapped; non-executable steel-selection, test-evidence, fabrication, and geometry requirements remain explicit documented boundaries."
14.1.8,СП 16.13330.2017 «Стальные конструкции»,14.1.8,,85,85,"Для угловых швов, размеры которых установлены в соответствии с расчетом, в элементах из стали с пределом",normative,no,no,no,"implemented calculation, data, procedure, or documented external boundary in v0.15","Reviewed for v0.15. Executable formulas/tables/procedures are mapped; non-executable steel-selection, test-evidence, fabrication, and geometry requirements remain explicit documented boundaries."
14.1.9,СП 16.13330.2017 «Стальные конструкции»,14.1.9,,85,86,Односторонние угловые швы в угловых и тавровых соединениях элементов следует применять в конструкциях,normative,no,no,no,"implemented calculation, data, procedure, or documented external boundary in v0.15","Reviewed for v0.15. Executable formulas/tables/procedures are mapped; non-executable steel-selection, test-evidence, fabrication, and geometry requirements remain explicit documented boundaries."
14.1.10,СП 16.13330.2017 «Стальные конструкции»,14.1.10,,86,87,Прерывистые угловые сварные швы при статической нагрузке и избыточной несущей способности непрерывного шва минимального размера следует применять: для соединений в конструкциях гр…,normative,no,no,no,"implemented calculation, data, procedure, or documented external boundary in v0.15","Reviewed for v0.15. Executable formulas/tables/procedures are mapped; non-executable steel-selection, test-evidence, fabrication, and geometry requirements remain explicit documented boundaries."
14.1.11,СП 16.13330.2017 «Стальные конструкции»,14.1.11,,87,87,"Угловые сварные швы, расположенные по периметру отверстий или прорезей, следует применять в нахлесточных соединениях в случаях, предусмотренных 14.1.10, для передачи усилий в плос…",normative,no,no,no,"implemented calculation, data, procedure, or documented external boundary in v0.15","Reviewed for v0.15. Executable formulas/tables/procedures are mapped; non-executable steel-selection, test-evidence, fabrication, and geometry requirements remain explicit documented boundaries."
14.1.12,СП 16.13330.2017 «Стальные конструкции»,14.1.12,,87,87,"Пробочные швы, заполняющие наплавленным металлом всю площадь круглых или щелевых отверстий следует применять в нахлесточных соединениях в случаях, предусмотренных 14.1.10, только…",normative,no,no,no,"implemented calculation, data, procedure, or documented external boundary in v0.15","Reviewed for v0.15. Executable formulas/tables/procedures are mapped; non-executable steel-selection, test-evidence, fabrication, and geometry requirements remain explicit documented boundaries."
14.1.13,СП 16.13330.2017 «Стальные конструкции»,14.1.13,,87,87,"Комбинированные соединения, в которых часть сдвигающего усилия воспринимается фрикционным соединением, а часть - сварными швами, применяют при условии, что сварка выполнена после…",normative,no,no,no,"implemented calculation, data, procedure, or documented external boundary in v0.15","Reviewed for v0.15. Executable formulas/tables/procedures are mapped; non-executable steel-selection, test-evidence, fabrication, and geometry requirements remain explicit documented boundaries."
14.1.14,СП 16.13330.2017 «Стальные конструкции»,14.1.14,,87,87,"Расчет сварных стыковых соединений при действии осевой силы N, проходящей через центр тяжести соединения, следует выполнять по формуле",normative,yes,no,no,"implemented calculation, data, procedure, or documented external boundary in v0.15","Reviewed for v0.15. Executable formulas/tables/procedures are mapped; non-executable steel-selection, test-evidence, fabrication, and geometry requirements remain explicit documented boundaries."
14.1.15,СП 16.13330.2017 «Стальные конструкции»,14.1.15,,87,87,"Сварные стыковые соединения, выполненные в отсутствие сплошного контроля качества неразрушающими",normative,no,no,no,"implemented calculation, data, procedure, or documented external boundary in v0.15","Reviewed for v0.15. Executable formulas/tables/procedures are mapped; non-executable steel-selection, test-evidence, fabrication, and geometry requirements remain explicit documented boundaries."
14.1.16,СП 16.13330.2017 «Стальные конструкции»,14.1.16,,87,88,"Расчет сварного соединения с угловыми швами, при действии силы N, проходящей через центр тяжести",normative,yes,no,no,"implemented calculation, data, procedure, or documented external boundary in v0.15","Reviewed for v0.15. Executable formulas/tables/procedures are mapped; non-executable steel-selection, test-evidence, fabrication, and geometry requirements remain explicit documented boundaries."
14.1.17,СП 16.13330.2017 «Стальные конструкции»,14.1.17,,88,88,"Расчет сварных соединений с угловыми швами при действии момента М в плоскости, перпендикулярной к",normative,yes,no,no,"implemented calculation, data, procedure, or documented external boundary in v0.15","Reviewed for v0.15. Executable formulas/tables/procedures are mapped; non-executable steel-selection, test-evidence, fabrication, and geometry requirements remain explicit documented boundaries."
14.1.18,СП 16.13330.2017 «Стальные конструкции»,14.1.18,,88,89,Расчет сварного соединения с угловыми швами при действии момента М в плоскости расположения этих швов,normative,yes,no,no,"implemented calculation, data, procedure, or documented external boundary in v0.15","Reviewed for v0.15. Executable formulas/tables/procedures are mapped; non-executable steel-selection, test-evidence, fabrication, and geometry requirements remain explicit documented boundaries."
14.1.19,СП 16.13330.2017 «Стальные конструкции»,14.1.19,,89,89,При расчете сварного соединения с угловыми швами на одновременное действие продольной N и поперечной,normative,yes,no,no,"implemented calculation, data, procedure, or documented external boundary in v0.15","Reviewed for v0.15. Executable formulas/tables/procedures are mapped; non-executable steel-selection, test-evidence, fabrication, and geometry requirements remain explicit documented boundaries."
14.1.20,СП 16.13330.2017 «Стальные конструкции»,14.1.20,,89,90,"При выполнении нахлесточных соединений элементов толщиной до 4 мм точечным швом дуговой сварки сквозного проплавления, несущую способность одной точки следует принимать равной мен…",normative,yes,no,no,"implemented calculation, data, procedure, or documented external boundary in v0.15","Reviewed for v0.15. Executable formulas/tables/procedures are mapped; non-executable steel-selection, test-evidence, fabrication, and geometry requirements remain explicit documented boundaries."
14.2,СП 16.13330.2017 «Стальные конструкции»,14.2,,90,94,Болтовые соединения,normative,no,no,no,calculation or executable procedure,Page range is based on PDF page numbering; adjoining clauses may share a boundary page. Implemented/classified in v0.16.
14.2.1,СП 16.13330.2017 «Стальные конструкции»,14.2.1,,90,90,Для болтовых соединений элементов стальных конструкций следует применять болты согласно таблицам Г.3-,normative,no,no,no,calculation or executable procedure,Page range is based on PDF page numbering; adjoining clauses may share a boundary page. Implemented/classified in v0.16.
14.2.2,СП 16.13330.2017 «Стальные конструкции»,14.2.2,,90,90,"Болты следует размещать согласно требованиям таблицы 40, при этом в стыках и в узлах - на минимальных",normative,no,no,no,calculation or executable procedure,Page range is based on PDF page numbering; adjoining clauses may share a boundary page. Implemented/classified in v0.16.
14.2.3,СП 16.13330.2017 «Стальные конструкции»,14.2.3,,90,90,"Болты класса точности А следует применять для соединений, в которых отверстия просверлены на проектный",normative,no,no,no,calculation or executable procedure,Page range is based on PDF page numbering; adjoining clauses may share a boundary page. Implemented/classified in v0.16.
14.2.4,СП 16.13330.2017 «Стальные конструкции»,14.2.4,,90,90,"Болты, имеющие по длине ненарезанной части участки с различными диаметрами, не следует применять в",normative,no,no,no,calculation or executable procedure,Page range is based on PDF page numbering; adjoining clauses may share a boundary page. Implemented/classified in v0.16.
14.2.5,СП 16.13330.2017 «Стальные конструкции»,14.2.5,,90,90,"Резьба болта, воспринимающего сдвигающее усилие, в элементах структурных конструкций, опор линий",normative,no,no,no,calculation or executable procedure,Page range is based on PDF page numbering; adjoining clauses may share a boundary page. Implemented/classified in v0.16.
14.2.6,СП 16.13330.2017 «Стальные конструкции»,14.2.6,,90,90,Установливать шайбы на болты следует по СП 70.13330 В расчетных соединениях с болтами классов точности А и В (за исключением крепления второстепенных,normative,no,no,no,calculation or executable procedure,Page range is based on PDF page numbering; adjoining clauses may share a boundary page. Implemented/classified in v0.16.
14.2.7,СП 16.13330.2017 «Стальные конструкции»,14.2.7,,90,90,На скошенных поверхностях соединяемых деталей и элементов (внутренние грани полок двутавров и швеллеров) под головки болтов или гайки следует устанавливать косые шайбы,normative,no,no,no,calculation or executable procedure,Page range is based on PDF page numbering; adjoining clauses may share a boundary page. Implemented/classified in v0.16.
14.2.8,СП 16.13330.2017 «Стальные конструкции»,14.2.8,,90,92,Диаметр отверстия для болтов в элементах из проката должен соответствовать примечанию 1 таблицы 40,normative,no,yes,no,calculation or executable procedure,Page range is based on PDF page numbering; adjoining clauses may share a boundary page. Implemented/classified in v0.16.
14.2.9,СП 16.13330.2017 «Стальные конструкции»,14.2.9,,92,93,"Расчетное усилие, которое может быть воспринято одним болтом, в зависимости от вида напряженного",normative,yes,yes,no,calculation or executable procedure,Page range is based on PDF page numbering; adjoining clauses may share a boundary page. Implemented/classified in v0.16.
14.2.10,СП 16.13330.2017 «Стальные конструкции»,14.2.10,,93,93,"При действии на болтовое соединение силы N, проходящей через центр тяжести соединения, распределение",normative,yes,no,no,calculation or executable procedure,Page range is based on PDF page numbering; adjoining clauses may share a boundary page. Implemented/classified in v0.16.
14.2.11,СП 16.13330.2017 «Стальные конструкции»,14.2.11,,93,93,"При действии на болтовое соединение момента, вызывающего сдвиг соединяемых элементов, распределение",normative,no,no,no,calculation or executable procedure,Page range is based on PDF page numbering; adjoining clauses may share a boundary page. Implemented/classified in v0.16.
14.2.12,СП 16.13330.2017 «Стальные конструкции»,14.2.12,,93,93,"При одновременном действии на болтовое соединение силы и момента, действующих в одной плоскости и",normative,no,no,no,calculation or executable procedure,Page range is based on PDF page numbering; adjoining clauses may share a boundary page. Implemented/classified in v0.16.
14.2.13,СП 16.13330.2017 «Стальные конструкции»,14.2.13,,93,94,"При одновременном действии на болтовое соединение усилий, вызывающих срез и растяжение болтов наиболее напряженный болт, наряду с проверкой по формуле (188), следует проверять по…",normative,yes,no,no,calculation or executable procedure,Page range is based on PDF page numbering; adjoining clauses may share a boundary page. Implemented/classified in v0.16.
14.2.14,СП 16.13330.2017 «Стальные конструкции»,14.2.14,,94,94,"В креплениях одного элемента к другому через прокладки или иные промежуточные элементы, а также в",normative,no,no,no,calculation or executable procedure,Page range is based on PDF page numbering; adjoining clauses may share a boundary page. Implemented/classified in v0.16.
14.2.15,СП 16.13330.2017 «Стальные конструкции»,14.2.15,,94,94,Фундаментные (анкерные) болты следует проверять согласно требованиям СП 43.13330,normative,no,no,no,calculation or executable procedure,Page range is based on PDF page numbering; adjoining clauses may share a boundary page. Implemented/classified in v0.16.
14.3,СП 16.13330.2017 «Стальные конструкции»,14.3,,94,96,Фрикционные соединения (на болтах c контролируемым натяжением),normative,no,no,no,calculation or executable procedure,Page range is based on PDF page numbering; adjoining clauses may share a boundary page. Implemented/classified in v0.16.
14.3.1,СП 16.13330.2017 «Стальные конструкции»,14.3.1,,94,94,"Фрикционные соединения, в которых усилия передаются через трение, возникающее по соприкасающимся",normative,no,no,no,calculation or executable procedure,Page range is based on PDF page numbering; adjoining clauses may share a boundary page. Implemented/classified in v0.16.
14.3.2,СП 16.13330.2017 «Стальные конструкции»,14.3.2,,94,94,"Во фрикционных соединениях следует применять болты, гайки и шайбы согласно требованиям 5.7 с увеличенными размерами головок и гаек с соответствующими шайбами",normative,no,no,no,calculation or executable procedure,Page range is based on PDF page numbering; adjoining clauses may share a boundary page. Implemented/classified in v0.16.
14.3.3,СП 16.13330.2017 «Стальные конструкции»,14.3.3,,94,95,"Расчетное усилие, которое может быть воспринято каждой плоскостью трения элементов, стянутых одним",normative,yes,yes,no,calculation or executable procedure,Page range is based on PDF page numbering; adjoining clauses may share a boundary page. Implemented/classified in v0.16.
14.3.4,СП 16.13330.2017 «Стальные конструкции»,14.3.4,,95,95,"При действии на фрикционное соединение силы N, вызывающей сдвиг соединяемых элементов и проходящей",normative,yes,no,no,calculation or executable procedure,Page range is based on PDF page numbering; adjoining clauses may share a boundary page. Implemented/classified in v0.16.
14.3.5,СП 16.13330.2017 «Стальные конструкции»,14.3.5,,95,95,"При действии на фрикционное соединение момента или силы и момента, вызывающих сдвиг соединяемых",normative,no,no,no,calculation or executable procedure,Page range is based on PDF page numbering; adjoining clauses may share a boundary page. Implemented/classified in v0.16.
14.3.6,СП 16.13330.2017 «Стальные конструкции»,14.3.6,,95,95,"При действии на фрикционное соединение помимо силы N, вызывающей сдвиг соединяемых элементов, силы",normative,no,no,no,calculation or executable procedure,Page range is based on PDF page numbering; adjoining clauses may share a boundary page. Implemented/classified in v0.16.
14.3.7,СП 16.13330.2017 «Стальные конструкции»,14.3.7,,95,95,"Диаметр болта во фрикционном соединении следует принимать при условии толщина соединяемых элементов, сдвигаемых в одном направлении",normative,no,no,no,calculation or executable procedure,Page range is based on PDF page numbering; adjoining clauses may share a boundary page. Implemented/classified in v0.16.
14.3.8,СП 16.13330.2017 «Стальные конструкции»,14.3.8,,95,96,"В проекте должны быть указаны марки стали и механические свойства болтов, гаек и шайб и обозначения НД",normative,no,no,no,calculation or executable procedure,Page range is based on PDF page numbering; adjoining clauses may share a boundary page. Implemented/classified in v0.16.
14.3.9,СП 16.13330.2017 «Стальные конструкции»,14.3.9,,96,96,При проектировании фрикционных соединений следует обеспечивать возможность свободного доступа для,normative,no,no,no,calculation or executable procedure,Page range is based on PDF page numbering; adjoining clauses may share a boundary page. Implemented/classified in v0.16.
14.3.10,СП 16.13330.2017 «Стальные конструкции»,14.3.10,,96,96,"Для болтов с контролируемым натяжением с увеличенными размерами головок и гаек и при разности номинальных диаметров отверстия и болта не более 3 мм, а в конструкциях из стали с вр…",normative,no,no,no,calculation or executable procedure,Page range is based on PDF page numbering; adjoining clauses may share a boundary page. Implemented/classified in v0.16.
14.3.11,СП 16.13330.2017 «Стальные конструкции»,14.3.11,,96,96,"Расчет на прочность соединяемых элементов, ослабленных отверстиями во фрикционном соединении, следует",normative,no,no,no,calculation or executable procedure,Page range is based on PDF page numbering; adjoining clauses may share a boundary page. Implemented/classified in v0.16.
14.4,СП 16.13330.2017 «Стальные конструкции»,14.4,,96,97,Поясные соединения в составных балках,normative,no,no,no,implemented calculation procedure,"Implemented in v0.17 with equations (193)-(198), Table 43, load routing, full-penetration classification, and multilayer-sheet attachment procedure."
14.4.1,СП 16.13330.2017 «Стальные конструкции»,14.4.1,,96,97,Сварные и фрикционные поясные соединения составной двутавровой балки следует рассчитывать по формулам,normative,yes,yes,no,implemented calculation procedure,"Implemented in v0.17 with equations (193)-(198), Table 43, load routing, full-penetration classification, and multilayer-sheet attachment procedure."
14.4.2,СП 16.13330.2017 «Стальные конструкции»,14.4.2,,97,97,В балках с фрикционными поясными соединениями с многолистовыми поясными пакетами прикрепление каждого из листов за местом своего теоретического обрыва следует рассчитывать на поло…,normative,no,no,no,implemented calculation procedure,"Implemented in v0.17 with equations (193)-(198), Table 43, load routing, full-penetration classification, and multilayer-sheet attachment procedure."
15,СП 16.13330.2017 «Стальные конструкции»,15,,97,108,"Требования по проектированию зданий, сооружений и конструкций",normative,no,no,no,documentation/external boundary,Page range is based on PDF page numbering; adjoining clauses may share a boundary page. Section 15 execution category recorded in data/section_15_requirement_classification.json.
15.1,СП 16.13330.2017 «Стальные конструкции»,15.1,,97,98,Расстояния между температурными швами Расстояния превышать наибольших значений,normative,no,yes,no,implemented calculation/data and decision route,Table 44 and analysis triggers implemented in v0.18.
15.2,СП 16.13330.2017 «Стальные конструкции»,15.2,,98,99,Фермы и структурные плиты покрытий,normative,no,no,no,documentation/external boundary,Page range is based on PDF page numbering; adjoining clauses may share a boundary page. Section 15 execution category recorded in data/section_15_requirement_classification.json.
15.2.1,СП 16.13330.2017 «Стальные конструкции»,15.2.1,,98,98,Оси стержней ферм и структур следует центрировать в узлах для сварных ферм по центрам тяжести сечений (с,normative,no,no,no,documentation/external boundary,Page range is based on PDF page numbering; adjoining clauses may share a boundary page. Section 15 execution category recorded in data/section_15_requirement_classification.json.
15.2.2,СП 16.13330.2017 «Стальные конструкции»,15.2.2,,98,98,"При расчете плоских ферм соединения элементов в узлах ферм принимаются шарнирными при сечениях элементов из уголков или тавров при двутавровых, Н-образных и трубчатых сечениях эле…",normative,no,no,no,documentation/external boundary,Page range is based on PDF page numbering; adjoining clauses may share a boundary page. Section 15 execution category recorded in data/section_15_requirement_classification.json.
15.2.3,СП 16.13330.2017 «Стальные конструкции»,15.2.3,,98,98,Расстояние между краями элементов решетки и пояса в узлах сварных ферм с фасонками a следует принимать,normative,no,no,no,documentation/external boundary,Page range is based on PDF page numbering; adjoining clauses may share a boundary page. Section 15 execution category recorded in data/section_15_requirement_classification.json.
15.2.4,СП 16.13330.2017 «Стальные конструкции»,15.2.4,,98,99,"В узлах ферм с поясами из тавров, двутавров и одиночных уголков крепления фасонок к полкам поясов встык",normative,no,no,no,documentation/external boundary,Page range is based on PDF page numbering; adjoining clauses may share a boundary page. Section 15 execution category recorded in data/section_15_requirement_classification.json.
15.2.5,СП 16.13330.2017 «Стальные конструкции»,15.2.5,,99,99,При расчете узлов ферм со стержнями трубчатого и двутаврового сечений и прикреплением элементов решетки,normative,no,no,no,documentation/external boundary,Page range is based on PDF page numbering; adjoining clauses may share a boundary page. Section 15 execution category recorded in data/section_15_requirement_classification.json.
15.2.6,СП 16.13330.2017 «Стальные конструкции»,15.2.6,,99,99,"При пролетах ферм покрытий свыше 36 м следует предусматривать строительный подъем, равный прогибу от",normative,no,no,no,documentation/external boundary,Page range is based on PDF page numbering; adjoining clauses may share a boundary page. Section 15 execution category recorded in data/section_15_requirement_classification.json.
15.2.7,СП 16.13330.2017 «Стальные конструкции»,15.2.7,,99,99,Фермы с сечениями всех элементов из гнутосварных прямоугольных (квадратных) профилей с непосредственным примыканием решетки к поясам и с нисходящим опорным раскосом допускается пр…,normative,no,no,no,documentation/external boundary,Page range is based on PDF page numbering; adjoining clauses may share a boundary page. Section 15 execution category recorded in data/section_15_requirement_classification.json.
15.3,СП 16.13330.2017 «Стальные конструкции»,15.3,,99,100,Колонны,normative,no,no,no,documentation/external boundary,Page range is based on PDF page numbering; adjoining clauses may share a boundary page. Section 15 execution category recorded in data/section_15_requirement_classification.json.
15.3.1,СП 16.13330.2017 «Стальные конструкции»,15.3.1,,99,99,Отправочные элементы сквозных колонн с решетками в двух плоскостях следует укреплять диафрагмами,normative,no,no,no,documentation/external boundary,Page range is based on PDF page numbering; adjoining clauses may share a boundary page. Section 15 execution category recorded in data/section_15_requirement_classification.json.
15.3.2,СП 16.13330.2017 «Стальные конструкции»,15.3.2,,99,99,"В колоннах и стойках с односторонними поясными швами согласно 14.1.9 в узлах крепления связей, балок",normative,no,no,no,documentation/external boundary,Page range is based on PDF page numbering; adjoining clauses may share a boundary page. Section 15 execution category recorded in data/section_15_requirement_classification.json.
15.3.3,СП 16.13330.2017 «Стальные конструкции»,15.3.3,,99,99,"Угловые швы, прикрепляющие фасонки соединительной решетки к колоннам внахлестку, следует назначать по",normative,no,no,no,documentation/external boundary,Page range is based on PDF page numbering; adjoining clauses may share a boundary page. Section 15 execution category recorded in data/section_15_requirement_classification.json.
15.3.4,СП 16.13330.2017 «Стальные конструкции»,15.3.4,,99,99,"Монтажные стыки колонн следует выполнять с фрезерованными торцами, сваренными встык, на накладках со",normative,no,no,no,documentation/external boundary,Page range is based on PDF page numbering; adjoining clauses may share a boundary page. Section 15 execution category recorded in data/section_15_requirement_classification.json.
15.3.5,СП 16.13330.2017 «Стальные конструкции»,15.3.5,,99,100,"В сквозных колоннах, ветви которых соединены планками, следует принимать",normative,no,no,no,documentation/external boundary,Page range is based on PDF page numbering; adjoining clauses may share a boundary page. Section 15 execution category recorded in data/section_15_requirement_classification.json.
15.4,СП 16.13330.2017 «Стальные конструкции»,15.4,,100,102,Связи,normative,no,no,no,documentation/external boundary,Page range is based on PDF page numbering; adjoining clauses may share a boundary page. Section 15 execution category recorded in data/section_15_requirement_classification.json.
15.4.1,СП 16.13330.2017 «Стальные конструкции»,15.4.1,,100,100,"В каждом температурном блоке здания следует предусматривать самостоятельную систему связей объединяющих плоские элементы в пространственную систему, способную воспринимать нагрузк…",normative,no,no,no,documentation/external boundary,Page range is based on PDF page numbering; adjoining clauses may share a boundary page. Section 15 execution category recorded in data/section_15_requirement_classification.json.
15.4.2,СП 16.13330.2017 «Стальные конструкции»,15.4.2,,100,100,Нижние пояса балок и ферм крановых путей пролетом свыше 12 м следует укреплять горизонтальными связями,normative,no,no,no,documentation/external boundary,Page range is based on PDF page numbering; adjoining clauses may share a boundary page. Section 15 execution category recorded in data/section_15_requirement_classification.json.
15.4.3,СП 16.13330.2017 «Стальные конструкции»,15.4.3,,100,100,Для зданий с балками крановых путей вертикальные связи между основными колоннами располагаются в двух,normative,no,no,no,documentation/external boundary,Page range is based on PDF page numbering; adjoining clauses may share a boundary page. Section 15 execution category recorded in data/section_15_requirement_classification.json.
15.4.4,СП 16.13330.2017 «Стальные конструкции»,15.4.4,,100,100,Система связей покрытия зависит от: типа каркаса (стальной или смешанный); конструктивных особенностей,normative,no,no,no,documentation/external boundary,Page range is based on PDF page numbering; adjoining clauses may share a boundary page. Section 15 execution category recorded in data/section_15_requirement_classification.json.
15.4.5,СП 16.13330.2017 «Стальные конструкции»,15.4.5,,100,101,"В зданиях с прогонами, в уровне нижних поясов стропильных ферм с восходящими раскосами, опирающимися",normative,no,no,no,documentation/external boundary,Page range is based on PDF page numbering; adjoining clauses may share a boundary page. Section 15 execution category recorded in data/section_15_requirement_classification.json.
15.4.6,СП 16.13330.2017 «Стальные конструкции»,15.4.6,,101,101,По верхним поясам стропильных ферм поперечные горизонтальные связи при покрытии с прогонами следует,normative,no,no,no,documentation/external boundary,Page range is based on PDF page numbering; adjoining clauses may share a boundary page. Section 15 execution category recorded in data/section_15_requirement_classification.json.
15.4.7,СП 16.13330.2017 «Стальные конструкции»,15.4.7,,101,101,При наличии жесткого диска кровли в уровне верхних поясов ферм в покрытиях с уклоном кровли не более 10°,normative,no,no,no,documentation/external boundary,Page range is based on PDF page numbering; adjoining clauses may share a boundary page. Section 15 execution category recorded in data/section_15_requirement_classification.json.
15.4.8,СП 16.13330.2017 «Стальные конструкции»,15.4.8,,101,101,При наличии жесткого диска кровли в соответствии с требованиями 15.4.7 в уровне верхних поясов ферм,normative,no,no,no,documentation/external boundary,Page range is based on PDF page numbering; adjoining clauses may share a boundary page. Section 15 execution category recorded in data/section_15_requirement_classification.json.
15.4.9,СП 16.13330.2017 «Стальные конструкции»,15.4.9,,101,101,При расположении покрытий в разных уровнях необходимо предусматривать по одной продольной системе,normative,no,no,no,documentation/external boundary,Page range is based on PDF page numbering; adjoining clauses may share a boundary page. Section 15 execution category recorded in data/section_15_requirement_classification.json.
15.4.10,СП 16.13330.2017 «Стальные конструкции»,15.4.10,,101,102,В местах расположения поперечных связей покрытия следует предусматривать установку вертикальных,normative,no,no,no,documentation/external boundary,Page range is based on PDF page numbering; adjoining clauses may share a boundary page. Section 15 execution category recorded in data/section_15_requirement_classification.json.
15.4.11,СП 16.13330.2017 «Стальные конструкции»,15.4.11,,102,102,Горизонтальные связи по верхним и нижним поясам разрезных ферм пролетных строений транспортерных,normative,no,no,no,documentation/external boundary,Page range is based on PDF page numbering; adjoining clauses may share a boundary page. Section 15 execution category recorded in data/section_15_requirement_classification.json.
15.4.12,СП 16.13330.2017 «Стальные конструкции»,15.4.12,,102,102,"При применении крестовой решетки связей покрытий, за исключением уникальных зданий и сооружений",normative,no,no,no,documentation/external boundary,Page range is based on PDF page numbering; adjoining clauses may share a boundary page. Section 15 execution category recorded in data/section_15_requirement_classification.json.
15.4.13,СП 16.13330.2017 «Стальные конструкции»,15.4.13,,102,102,"В висячих покрытиях с плоскостными несущими системами (двухпоясными, изгибно-жесткими вантами и т.п.)",normative,no,no,no,documentation/external boundary,Page range is based on PDF page numbering; adjoining clauses may share a boundary page. Section 15 execution category recorded in data/section_15_requirement_classification.json.
15.4.14,СП 16.13330.2017 «Стальные конструкции»,15.4.14,,102,102,"Крепление связей осуществляют на болтах класса точности В В зданиях, оборудованных кранами большой грузоподъемности и режимов работы 7К и 8К, а также в случае",normative,no,no,no,documentation/external boundary,Page range is based on PDF page numbering; adjoining clauses may share a boundary page. Section 15 execution category recorded in data/section_15_requirement_classification.json.
15.4.15,СП 16.13330.2017 «Стальные конструкции»,15.4.15,,102,102,Тяжи в качестве элементов связей должны использоваться в несущих конструкциях для зданий и сооружений,normative,no,no,no,documentation/external boundary,Page range is based on PDF page numbering; adjoining clauses may share a boundary page. Section 15 execution category recorded in data/section_15_requirement_classification.json.
15.5,СП 16.13330.2017 «Стальные конструкции»,15.5,,102,103,Балки и рамные конструкции,normative,no,no,no,documentation/external boundary,Page range is based on PDF page numbering; adjoining clauses may share a boundary page. Section 15 execution category recorded in data/section_15_requirement_classification.json.
15.5.1,СП 16.13330.2017 «Стальные конструкции»,15.5.1,,102,102,"Пакеты листов для поясов сварных двутавровых балок применять не следует Для поясов балок с фрикционными соединениями следует применять пакеты, состоящие не более чем из трех листов",normative,no,no,no,documentation/external boundary,Page range is based on PDF page numbering; adjoining clauses may share a boundary page. Section 15 execution category recorded in data/section_15_requirement_classification.json.
15.5.2,СП 16.13330.2017 «Стальные конструкции»,15.5.2,,102,102,"Поясные швы сварных балок, а также швы, присоединяющие к основному сечению балки вспомогательные",normative,no,no,no,documentation/external boundary,Page range is based on PDF page numbering; adjoining clauses may share a boundary page. Section 15 execution category recorded in data/section_15_requirement_classification.json.
15.5.3,СП 16.13330.2017 «Стальные конструкции»,15.5.3,,102,103,"При применении односторонних поясных швов в сварных двутавровых балках 1-го класса, несущих статическую нагрузку, следует выполнять следующие требования",normative,no,no,no,documentation/external boundary,Page range is based on PDF page numbering; adjoining clauses may share a boundary page. Section 15 execution category recorded in data/section_15_requirement_classification.json.
15.5.4,СП 16.13330.2017 «Стальные конструкции»,15.5.4,,103,103,Ребра жесткости сварных балок должны быть удалены от стыков стенки на расстояние не менее 10 толщин,normative,no,no,no,documentation/external boundary,Page range is based on PDF page numbering; adjoining clauses may share a boundary page. Section 15 execution category recorded in data/section_15_requirement_classification.json.
15.5.5,СП 16.13330.2017 «Стальные конструкции»,15.5.5,,103,103,В сварных двутавровых балках конструкций групп 2-4 применяются односторонние ребра жесткости с расположением их с одной стороны балки и приваркой их к поясам балки,normative,no,no,no,documentation/external boundary,Page range is based on PDF page numbering; adjoining clauses may share a boundary page. Section 15 execution category recorded in data/section_15_requirement_classification.json.
15.5.6,СП 16.13330.2017 «Стальные конструкции»,15.5.6,,103,103,"Рама - упругая неизменяемая система, составленная из прямолинейных или криволинейных элементов связанных между собой жестко или шарнирно в узлах (в местах пересечения элементов) и…",normative,no,no,no,documentation/external boundary,Page range is based on PDF page numbering; adjoining clauses may share a boundary page. Section 15 execution category recorded in data/section_15_requirement_classification.json.
15.6,СП 16.13330.2017 «Стальные конструкции»,15.6,,103,103,Балки крановых путей,normative,no,no,no,documentation/external boundary,Page range is based on PDF page numbering; adjoining clauses may share a boundary page. Section 15 execution category recorded in data/section_15_requirement_classification.json.
15.6.1,СП 16.13330.2017 «Стальные конструкции»,15.6.1,,103,103,Верхние поясные швы в балках крановых путей для кранов групп режимов работы 7К (в цехах металлургических производств) и 8К (по СП 20.13330) следует выполнять с проваром на всю тол…,normative,no,no,no,documentation/external boundary,Page range is based on PDF page numbering; adjoining clauses may share a boundary page. Section 15 execution category recorded in data/section_15_requirement_classification.json.
15.6.2,СП 16.13330.2017 «Стальные конструкции»,15.6.2,,103,103,"Свободные кромки растянутых поясов балок крановых путей и балок рабочих площадок, непосредственно",normative,no,no,no,documentation/external boundary,Page range is based on PDF page numbering; adjoining clauses may share a boundary page. Section 15 execution category recorded in data/section_15_requirement_classification.json.
15.6.3,СП 16.13330.2017 «Стальные конструкции»,15.6.3,,103,103,"Размеры ребер жесткости балок крановых путей должны удовлетворять требованиям 8.5.9, 8.5.10 и 8.5.17, при",normative,no,no,no,documentation/external boundary,Page range is based on PDF page numbering; adjoining clauses may share a boundary page. Section 15 execution category recorded in data/section_15_requirement_classification.json.
15.7,СП 16.13330.2017 «Стальные конструкции»,15.7,,103,104,Листовые конструкции,normative,no,no,no,documentation/external boundary,Page range is based on PDF page numbering; adjoining clauses may share a boundary page. Section 15 execution category recorded in data/section_15_requirement_classification.json.
15.7.1,СП 16.13330.2017 «Стальные конструкции»,15.7.1,,103,103,Контур поперечных элементов жесткости оболочек следует проектировать замкнутым,normative,no,no,no,documentation/external boundary,Page range is based on PDF page numbering; adjoining clauses may share a boundary page. Section 15 execution category recorded in data/section_15_requirement_classification.json.
15.7.2,СП 16.13330.2017 «Стальные конструкции»,15.7.2,,103,103,Передачу сосредоточенных нагрузок на листовые конструкции следует предусматривать через элементы,normative,no,no,no,documentation/external boundary,Page range is based on PDF page numbering; adjoining clauses may share a boundary page. Section 15 execution category recorded in data/section_15_requirement_classification.json.
15.7.3,СП 16.13330.2017 «Стальные конструкции»,15.7.3,,103,104,В местах сопряжений оболочек различной формы следует применять плавные переходы для уменьшения местных напряжений,normative,no,no,no,documentation/external boundary,Page range is based on PDF page numbering; adjoining clauses may share a boundary page. Section 15 execution category recorded in data/section_15_requirement_classification.json.
15.7.4,СП 16.13330.2017 «Стальные конструкции»,15.7.4,,104,104,Выполнение всех стыковых швов следует предусматривать двусторонней или односторонней сваркой с подваркой корня или на подкладках В проекте следует указывать на необходимость обесп…,normative,no,no,no,documentation/external boundary,Page range is based on PDF page numbering; adjoining clauses may share a boundary page. Section 15 execution category recorded in data/section_15_requirement_classification.json.
15.7.5,СП 16.13330.2017 «Стальные конструкции»,15.7.5,,104,104,В листовых конструкциях следует применять сварные соединения встык; соединения листов толщиной 5 мм и,normative,no,no,no,documentation/external boundary,Page range is based on PDF page numbering; adjoining clauses may share a boundary page. Section 15 execution category recorded in data/section_15_requirement_classification.json.
15.8,СП 16.13330.2017 «Стальные конструкции»,15.8,,104,104,Висячие покрытия,normative,no,no,no,documentation/external boundary,Page range is based on PDF page numbering; adjoining clauses may share a boundary page. Section 15 execution category recorded in data/section_15_requirement_classification.json.
15.8.1,СП 16.13330.2017 «Стальные конструкции»,15.8.1,,104,104,"Для конструкций из нитей следует применять канаты, пряди и высокопрочную проволоку (или прокат)",normative,no,no,no,documentation/external boundary,Page range is based on PDF page numbering; adjoining clauses may share a boundary page. Section 15 execution category recorded in data/section_15_requirement_classification.json.
15.8.2,СП 16.13330.2017 «Стальные конструкции»,15.8.2,,104,104,"Кровля висячего покрытия должна быть расположена непосредственно на несущих нитях и повторять образуемую ими форму. Если форма кровли отличается от формы провисания нитей, кровлю…",normative,no,no,no,documentation/external boundary,Page range is based on PDF page numbering; adjoining clauses may share a boundary page. Section 15 execution category recorded in data/section_15_requirement_classification.json.
15.8.3,СП 16.13330.2017 «Стальные конструкции»,15.8.3,,104,104,Очертания опорных контуров следует назначать с учетом кривых давления от усилий в прикрепленных к ним,normative,no,no,no,documentation/external boundary,Page range is based on PDF page numbering; adjoining clauses may share a boundary page. Section 15 execution category recorded in data/section_15_requirement_classification.json.
15.8.4,СП 16.13330.2017 «Стальные конструкции»,15.8.4,,104,104,"Для сохранения стабильности формы, которая должна обеспечивать герметичность принятой конструкции",normative,no,no,no,documentation/external boundary,Page range is based on PDF page numbering; adjoining clauses may share a boundary page. Section 15 execution category recorded in data/section_15_requirement_classification.json.
15.8.5,СП 16.13330.2017 «Стальные конструкции»,15.8.5,,104,104,"Сечение нити должно быть рассчитано по наибольшему усилию, возникающему при расчетной нагрузке, с",normative,no,no,no,documentation/external boundary,Page range is based on PDF page numbering; adjoining clauses may share a boundary page. Section 15 execution category recorded in data/section_15_requirement_classification.json.
15.8.6,СП 16.13330.2017 «Стальные конструкции»,15.8.6,,104,104,Вертикальные и горизонтальные перемещения нитей и усилия в них следует определять с учетом нелинейности,normative,no,no,no,documentation/external boundary,Page range is based on PDF page numbering; adjoining clauses may share a boundary page. Section 15 execution category recorded in data/section_15_requirement_classification.json.
15.8.7,СП 16.13330.2017 «Стальные конструкции»,15.8.7,,104,104,"При расчете нитей из канатов и их закреплений коэффициенты условий работы следует принимать в соответствии с разделом 17. Для стабилизирующих канатов, если они не являются затяжка…",normative,no,no,no,documentation/external boundary,Page range is based on PDF page numbering; adjoining clauses may share a boundary page. Section 15 execution category recorded in data/section_15_requirement_classification.json.
15.8.8,СП 16.13330.2017 «Стальные конструкции»,15.8.8,,104,104,Опорные узлы нитей из прокатных профилей следует выполнять шарнирными,normative,no,no,no,documentation/external boundary,Page range is based on PDF page numbering; adjoining clauses may share a boundary page. Section 15 execution category recorded in data/section_15_requirement_classification.json.
15.9,СП 16.13330.2017 «Стальные конструкции»,15.9,,104,106,Фланцевые соединения,normative,no,no,no,documentation/external boundary,Page range is based on PDF page numbering; adjoining clauses may share a boundary page. Section 15 execution category recorded in data/section_15_requirement_classification.json.
15.9.1,СП 16.13330.2017 «Стальные конструкции»,15.9.1,,104,104,"К фланцевому соединению (ФС) стальных строительных конструкций следует относить соединение, в котором",normative,no,no,no,documentation/external boundary,Page range is based on PDF page numbering; adjoining clauses may share a boundary page. Section 15 execution category recorded in data/section_15_requirement_classification.json.
15.9.2,СП 16.13330.2017 «Стальные конструкции»,15.9.2,,104,104,"Применяют ФС в монтажных стыках ферм и пространственных конструкций с элементами различного очертания, опорах ЛЭП, башенных и антенно-мачтовых сооружениях, стыках балок, колонн, э…",normative,no,no,no,documentation/external boundary,Page range is based on PDF page numbering; adjoining clauses may share a boundary page. Section 15 execution category recorded in data/section_15_requirement_classification.json.
15.9.3,СП 16.13330.2017 «Стальные конструкции»,15.9.3,,104,105,Классифицируются ФС по следующим признакам I - по условиям работы а) ФС конструкций группы 1,normative,no,no,no,documentation/external boundary,Page range is based on PDF page numbering; adjoining clauses may share a boundary page. Section 15 execution category recorded in data/section_15_requirement_classification.json.
15.9.4,СП 16.13330.2017 «Стальные конструкции»,15.9.4,,105,105,На основании расчетов в проектной документации ФС следует классифицировать в соответствии с 15.9.3 по,normative,no,no,no,documentation/external boundary,Page range is based on PDF page numbering; adjoining clauses may share a boundary page. Section 15 execution category recorded in data/section_15_requirement_classification.json.
15.9.5,СП 16.13330.2017 «Стальные конструкции»,15.9.5,,105,105,"Фланцевые соединения конструкций группы 1 (I, а) следует проектировать только на болтах с предварительным",normative,no,no,no,documentation/external boundary,Page range is based on PDF page numbering; adjoining clauses may share a boundary page. Section 15 execution category recorded in data/section_15_requirement_classification.json.
15.9.6,СП 16.13330.2017 «Стальные конструкции»,15.9.6,,105,105,"Фланцевые соединения, подверженные сжатию или совместному действию сжатия с изгибом (II, а), следует",normative,no,no,no,documentation/external boundary,Page range is based on PDF page numbering; adjoining clauses may share a boundary page. Section 15 execution category recorded in data/section_15_requirement_classification.json.
15.9.7,СП 16.13330.2017 «Стальные конструкции»,15.9.7,,105,106,"Фланцевые соединения, отнесенные по классификации к II, б и II, в, следует рассчитывать по пространственной",normative,no,no,no,documentation/external boundary,Page range is based on PDF page numbering; adjoining clauses may share a boundary page. Section 15 execution category recorded in data/section_15_requirement_classification.json.
15.9.8,СП 16.13330.2017 «Стальные конструкции»,15.9.8,,106,106,При проектировании ФС следует проверять а) прочность и местную устойчивость соединяемых элементов в околофланцевой зоне б) несущую способность сварных швов крепления фланца к элем…,normative,no,no,no,documentation/external boundary,Page range is based on PDF page numbering; adjoining clauses may share a boundary page. Section 15 execution category recorded in data/section_15_requirement_classification.json.
15.9.9,СП 16.13330.2017 «Стальные конструкции»,15.9.9,,106,106,"Для ФС II,б и II,в узел примыкания балки к полке колонны, дополнительно к требованиям 15.9.8, следует",normative,no,no,no,documentation/external boundary,Page range is based on PDF page numbering; adjoining clauses may share a boundary page. Section 15 execution category recorded in data/section_15_requirement_classification.json.
15.9.10,СП 16.13330.2017 «Стальные конструкции»,15.9.10,,106,106,При проектировании ФС для фланцев следует применять сталь в соответствии с разделом 5 и приложением В,normative,no,no,no,documentation/external boundary,Page range is based on PDF page numbering; adjoining clauses may share a boundary page. Section 15 execution category recorded in data/section_15_requirement_classification.json.
15.9.11,СП 16.13330.2017 «Стальные конструкции»,15.9.11,,106,106,"При проектировании ФС II,б+III,б+IV,б и II,в+III,б+IV,б следует применять болты классов прочности 8.8, 10.9",normative,no,no,no,documentation/external boundary,Page range is based on PDF page numbering; adjoining clauses may share a boundary page. Section 15 execution category recorded in data/section_15_requirement_classification.json.
12.9,СП 16.13330.2017 «Стальные конструкции»,12.9,,106,107,и соответствующие им гайки и шайбы. Для остальных ФС болты следует выбирать по 5.6 и 14.2 Отверстия и болты следует размещать с учетом требований таблицы 40,normative,no,no,no,calculation or executable procedure,Page range is based on PDF page numbering; adjoining clauses may share a boundary page.
15.9.12,СП 16.13330.2017 «Стальные конструкции»,15.9.12,,106,106,Требования по натяжению болтов и к контролю плотности контакта между поверхностями фланцев для ФС,normative,no,no,no,documentation/external boundary,Page range is based on PDF page numbering; adjoining clauses may share a boundary page. Section 15 execution category recorded in data/section_15_requirement_classification.json.
15.9.13,СП 16.13330.2017 «Стальные конструкции»,15.9.13,,106,107,Приемка в эксплуатацию ФС при наличии начальных несовершенств в виде грибовидности должна осуществляться после получения положительных результатов при выполнении дополнительных ра…,normative,no,no,no,documentation/external boundary,Page range is based on PDF page numbering; adjoining clauses may share a boundary page. Section 15 execution category recorded in data/section_15_requirement_classification.json.
15.10,СП 16.13330.2017 «Стальные конструкции»,15.10,,107,107,Соединения с фрезерованными торцами В соединениях элементов с фрезерованными торцами (в стыках и базах колонн и т.п.) сжимающую силу следует,normative,no,no,no,documentation/external boundary,Page range is based on PDF page numbering; adjoining clauses may share a boundary page. Section 15 execution category recorded in data/section_15_requirement_classification.json.
15.11,СП 16.13330.2017 «Стальные конструкции»,15.11,,107,107,Монтажные крепления,normative,no,no,no,documentation/external boundary,Page range is based on PDF page numbering; adjoining clauses may share a boundary page. Section 15 execution category recorded in data/section_15_requirement_classification.json.
15.11.1,СП 16.13330.2017 «Стальные конструкции»,15.11.1,,107,107,"Монтажные крепления конструкций зданий и сооружений с балками крановых путей, рассчитываемыми на",normative,no,no,no,documentation/external boundary,Page range is based on PDF page numbering; adjoining clauses may share a boundary page. Section 15 execution category recorded in data/section_15_requirement_classification.json.
15.11.2,СП 16.13330.2017 «Стальные конструкции»,15.11.2,,107,107,"Для перераспределения изгибающих моментов в элементах рамных систем каркасных зданий в узлах соединения ригелей с колоннами применяются стальные накладки, работающие в пластическо…",normative,no,no,no,documentation/external boundary,Page range is based on PDF page numbering; adjoining clauses may share a boundary page. Section 15 execution category recorded in data/section_15_requirement_classification.json.
15.12,СП 16.13330.2017 «Стальные конструкции»,15.12,,107,108,Опорные части,normative,no,no,no,documentation/external boundary,Page range is based on PDF page numbering; adjoining clauses may share a boundary page. Section 15 execution category recorded in data/section_15_requirement_classification.json.
15.12.1,СП 16.13330.2017 «Стальные конструкции»,15.12.1,,107,107,"Неподвижные шарнирные опоры с центрирующими прокладками, тангенциальные, а при весьма больших реакциях - балансирные опоры следует применять при необходимости строго равномерного…",normative,no,no,no,implemented selection/evidence route,Support-type routing and fixed friction coefficients implemented in v0.18.
15.12.2,СП 16.13330.2017 «Стальные конструкции»,15.12.2,,107,108,Расчет на смятие в цилиндрических шарнирах (цапфах) балансирных опор следует выполнять (при,normative,yes,no,no,implemented calculation or executable procedure,Equation (199) implemented in v0.18.
15.12.3,СП 16.13330.2017 «Стальные конструкции»,15.12.3,,108,108,Расчет на диаметральное сжатие катков следует выполнять по формуле,normative,yes,no,no,implemented calculation or executable procedure,Equation (200) implemented in v0.18.
16,СП 16.13330.2017 «Стальные конструкции»,16,,108,115,"Требования по проектированию конструкций опор воздушных линий электропередачи, открытых распределительных устройств и контактных сетей транспорта",normative,no,no,no,implemented scope heading and external boundary,Section 16 audited in v0.19; equations (201)-(214) and Tables 45-46 are the selected numerical scope.
16.1,СП 16.13330.2017 «Стальные конструкции»,16.1,,108,108,"Для конструкций и соединений опор воздушных линий электропередачи (ВЛ), открытых распределительных",normative,no,no,no,implemented calculation or executable procedure,Implemented or explicitly routed in v0.19 with tests and validation; global loads and geometry evidence remain external where applicable.
16.1а,СП 16.13330.2017 «Стальные конструкции»,16.1а,,108,108,В зависимости от назначения и типа их соединений конструкции опор подразделяются на группы группа 1 - сварные специальные опоры больших переходов высотой свыше 60 м,normative,no,no,no,implemented calculation or executable procedure,Implemented or explicitly routed in v0.19 with tests and validation; global loads and geometry evidence remain external where applicable.
16.2,СП 16.13330.2017 «Стальные конструкции»,16.2,,108,108,"Болты классов точности А и В для опор ВЛ высотой до 60 м и конструкций ОРУ и КС следует принимать, как для",normative,no,no,no,implemented calculation or executable procedure,Implemented or explicitly routed in v0.19 with tests and validation; global loads and geometry evidence remain external where applicable.
16.3,СП 16.13330.2017 «Стальные конструкции»,16.3,,108,108,"(Исключен, Изм. N 2)",normative,no,no,no,implemented calculation or executable procedure,Implemented or explicitly routed in v0.19 with tests and validation; global loads and geometry evidence remain external where applicable.
16.4,СП 16.13330.2017 «Стальные конструкции»,16.4,,108,109,"При расчетах опор ВЛ, конструкций ОРУ и КС следует принимать коэффициенты условий работы установленные в 7.1.2, разделах 4 и 14 и по таблице 45",normative,no,yes,no,implemented calculation or executable procedure,Implemented or explicitly routed in v0.19 with tests and validation; global loads and geometry evidence remain external where applicable.
16.5,СП 16.13330.2017 «Стальные конструкции»,16.5,,109,110,"При определении приведенной гибкости по таблице 8 наибольшую гибкость всего стержня вычислять по формулам для четырехгранного стержня с параллельными поясами, шарнирно опертого по…",normative,yes,no,no,implemented calculation or executable procedure,Implemented or explicitly routed in v0.19 with tests and validation; global loads and geometry evidence remain external where applicable.
16.6,СП 16.13330.2017 «Стальные конструкции»,16.6,,110,110,Расчет на устойчивость при сжатии с изгибом сквозного стержня с решетками постоянного по длине сечения,normative,yes,no,no,implemented calculation or executable procedure,Implemented or explicitly routed in v0.19 with tests and validation; global loads and geometry evidence remain external where applicable.
16.7,СП 16.13330.2017 «Стальные конструкции»,16.7,,110,110,При расчете на устойчивость при сжатии с изгибом сквозного стержня с решетками по 9.3.1 и 9.3.2 значение,normative,no,no,no,implemented calculation or executable procedure,Implemented or explicitly routed in v0.19 with tests and validation; global loads and geometry evidence remain external where applicable.
16.8,СП 16.13330.2017 «Стальные конструкции»,16.8,,110,111,При проверке устойчивости отдельных поясов стержня сквозного сечения опор с оттяжками при сжатии с,normative,yes,no,no,implemented calculation or executable procedure,Implemented or explicitly routed in v0.19 with tests and validation; global loads and geometry evidence remain external where applicable.
16.9,СП 16.13330.2017 «Стальные конструкции»,16.9,,111,111,Поперечную силу Q в шарнирно опертой по концам стойке с решетками постоянного по длине прямоугольного,normative,yes,no,no,implemented calculation or executable procedure,Implemented or explicitly routed in v0.19 with tests and validation; global loads and geometry evidence remain external where applicable.
16.10,СП 16.13330.2017 «Стальные конструкции»,16.10,,111,111,Для шарнирно опертой по концам решетчатой стойки постоянного по длине треугольного сквозного сечения,normative,yes,no,no,implemented calculation or executable procedure,Implemented or explicitly routed in v0.19 with tests and validation; global loads and geometry evidence remain external where applicable.
16.11,СП 16.13330.2017 «Стальные конструкции»,16.11,,111,111,Поперечную силу Q в плоскости грани в шарнирно опертой по концам решетчатой стойке треугольного,normative,no,no,no,implemented calculation or executable procedure,Implemented or explicitly routed in v0.19 with tests and validation; global loads and geometry evidence remain external where applicable.
16.12,СП 16.13330.2017 «Стальные конструкции»,16.12,,111,113,"Расчет на устойчивость сжатых элементов конструкций из одиночных уголков (поясов, решетки) следует",normative,yes,no,no,implemented calculation or executable procedure,Implemented or explicitly routed in v0.19 with tests and validation; global loads and geometry evidence remain external where applicable.
16.13,СП 16.13330.2017 «Стальные конструкции»,16.13,,113,113,Расчетные длины поясами и решеткой из одиночных уголков (см. рисунок 22) следует принимать равными,normative,no,no,no,implemented calculation or executable procedure,Implemented or explicitly routed in v0.19 with tests and validation; global loads and geometry evidence remain external where applicable.
16.14,СП 16.13330.2017 «Стальные конструкции»,16.14,,113,113,Гибкость первого снизу раскоса из одиночного уголка решетчатой свободно стоящей опоры ВЛ не должна,normative,no,no,no,implemented calculation or executable procedure,Implemented or explicitly routed in v0.19 with tests and validation; global loads and geometry evidence remain external where applicable.
16.15,СП 16.13330.2017 «Стальные конструкции»,16.15,,113,113,"Отклонения верха опор и прогибы траверс не должны превышать значений, приведенных в таблице 46",normative,no,yes,no,implemented calculation or executable procedure,Implemented or explicitly routed in v0.19 with tests and validation; global loads and geometry evidence remain external where applicable.
16.16,СП 16.13330.2017 «Стальные конструкции»,16.16,,113,113,В стальных пространственных конструкциях опор ВЛ и ОРУ из одиночных уголков следует предусматривать в,normative,no,no,no,implemented calculation or executable procedure,Implemented or explicitly routed in v0.19 with tests and validation; global loads and geometry evidence remain external where applicable.
16.17,СП 16.13330.2017 «Стальные конструкции»,16.17,,113,113,При расчете на смятие соединяемых элементов решетки в одноболтовых соединениях с расстоянием от края,normative,no,no,no,implemented calculation or executable procedure,Implemented or explicitly routed in v0.19 with tests and validation; global loads and geometry evidence remain external where applicable.
16.18,СП 16.13330.2017 «Стальные конструкции»,16.18,,113,114,"Раскосы, прикрепляемые к поясу болтами в одном узле, должны быть расположены с двух сторон полки",normative,no,no,no,implemented calculation or executable procedure,Implemented or explicitly routed in v0.19 with tests and validation; global loads and geometry evidence remain external where applicable.
16.19,СП 16.13330.2017 «Стальные конструкции»,16.19,,114,114,В болтовых стыках поясных равнополочных уголков число болтов в стыке следует назначать четным и,normative,no,no,no,implemented calculation or executable procedure,Implemented or explicitly routed in v0.19 with tests and validation; global loads and geometry evidence remain external where applicable.
16.20,СП 16.13330.2017 «Стальные конструкции»,16.20,,114,115,Расчет на устойчивость стенок опор из многогранных труб при числе граней от 8 до 12 следует выполнять по,normative,yes,no,no,implemented calculation or executable procedure,Implemented or explicitly routed in v0.19 with tests and validation; global loads and geometry evidence remain external where applicable.
17,СП 16.13330.2017 «Стальные конструкции»,17,,115,118,Требования по проектированию конструкций антенных сооружений связи высотой до 500 м,normative,no,no,no,documentation/external boundary,Page range is based on PDF page numbering; adjoining clauses may share a boundary page.
17.1,СП 16.13330.2017 «Стальные конструкции»,17.1,,115,115,Для стальных конструкций антенных сооружений (АС) следует применять стали согласно приложению В (кроме,normative,no,no,no,implemented calculation or executable procedure,"Implemented or explicitly routed in v0.20 with tests and validation; product standards, loads, global analysis, certificates, fabrication evidence, and external regulations remain explicit boundaries."
17.2,СП 16.13330.2017 «Стальные конструкции»,17.2,,115,115,Для оттяжек и элементов антенных полотен следует применять стальные круглые канаты оцинкованные по,normative,no,no,no,implemented calculation or executable procedure,"Implemented or explicitly routed in v0.20 with tests and validation; product standards, loads, global analysis, certificates, fabrication evidence, and external regulations remain explicit boundaries."
17.3,СП 16.13330.2017 «Стальные конструкции»,17.3,,115,115,"Концы стальных канатов в стаканах или муфтах следует закреплять заливкой цинковым сплавом ЦАМ9-1,5Л",normative,no,no,no,implemented calculation or executable procedure,"Implemented or explicitly routed in v0.20 with tests and validation; product standards, loads, global analysis, certificates, fabrication evidence, and external regulations remain explicit boundaries."
17.4,СП 16.13330.2017 «Стальные конструкции»,17.4,,115,115,Для элементов антенных полотен следует применять провода согласно таблице Б.2. Применение медных,normative,no,no,no,implemented calculation or executable procedure,"Implemented or explicitly routed in v0.20 with tests and validation; product standards, loads, global analysis, certificates, fabrication evidence, and external regulations remain explicit boundaries."
17.5,СП 16.13330.2017 «Стальные конструкции»,17.5,,115,116,Значение расчетного сопротивления (усилия) растяжению проводов и проволок следует принимать равным,normative,no,no,no,implemented calculation or executable procedure,"Implemented or explicitly routed in v0.20 with tests and validation; product standards, loads, global analysis, certificates, fabrication evidence, and external regulations remain explicit boundaries."
17.6,СП 16.13330.2017 «Стальные конструкции»,17.6,,116,116,"При расчетах конструкций АС следует принимать коэффициенты условий работы, установленные в 4.3, разделе",normative,no,yes,no,implemented calculation or executable procedure,"Implemented or explicitly routed in v0.20 with tests and validation; product standards, loads, global analysis, certificates, fabrication evidence, and external regulations remain explicit boundaries."
17.7,СП 16.13330.2017 «Стальные конструкции»,17.7,,116,116,"Относительные отклонения опор (к высоте) не должны превышать значений (кроме отклонений опор, для",normative,no,no,no,implemented calculation or executable procedure,"Implemented or explicitly routed in v0.20 with tests and validation; product standards, loads, global analysis, certificates, fabrication evidence, and external regulations remain explicit boundaries."
17.8,СП 16.13330.2017 «Стальные конструкции»,17.8,,116,116,"Монтажные соединения элементов конструкций (в том числе, фланцевые), передающие расчетные усилия",normative,no,no,no,implemented calculation or executable procedure,"Implemented or explicitly routed in v0.20 with tests and validation; product standards, loads, global analysis, certificates, fabrication evidence, and external regulations remain explicit boundaries."
17.9,СП 16.13330.2017 «Стальные конструкции»,17.9,,116,117,Раскосы гибкостью более 250 при перекрестной решетке в местах пересечений должны быть скреплены между,normative,no,no,no,implemented calculation or executable procedure,"Implemented or explicitly routed in v0.20 with tests and validation; product standards, loads, global analysis, certificates, fabrication evidence, and external regulations remain explicit boundaries."
17.10,СП 16.13330.2017 «Стальные конструкции»,17.10,,117,117,В конструкциях решетчатых опор диафрагмы должны устанавливаться на расстоянии между ними не более трех,normative,no,no,no,implemented calculation or executable procedure,"Implemented or explicitly routed in v0.20 with tests and validation; product standards, loads, global analysis, certificates, fabrication evidence, and external regulations remain explicit boundaries."
17.11,СП 16.13330.2017 «Стальные конструкции»,17.11,,117,117,Болты фланцевых соединений труб следует размещать на одной окружности минимально возможного диаметра,normative,no,no,no,implemented calculation or executable procedure,"Implemented or explicitly routed in v0.20 with tests and validation; product standards, loads, global analysis, certificates, fabrication evidence, and external regulations remain explicit boundaries."
17.12,СП 16.13330.2017 «Стальные конструкции»,17.12,,117,117,"Элементы решетки ферм, сходящиеся в одном узле, следует центрировать на ось пояса в точке пересечения их",normative,no,no,no,implemented calculation or executable procedure,"Implemented or explicitly routed in v0.20 with tests and validation; product standards, loads, global analysis, certificates, fabrication evidence, and external regulations remain explicit boundaries."
17.13,СП 16.13330.2017 «Стальные конструкции»,17.13,,117,117,Оттяжки в мачтах с решетчатым стволом следует центрировать в точке пересечения осей поясов и распорок. За,normative,no,no,no,implemented calculation or executable procedure,"Implemented or explicitly routed in v0.20 with tests and validation; product standards, loads, global analysis, certificates, fabrication evidence, and external regulations remain explicit boundaries."
17.14,СП 16.13330.2017 «Стальные конструкции»,17.14,,117,117,"Натяжные устройства (муфты), служащие для регулирования длины и закрепления оттяжек мачт, должны",normative,no,no,no,implemented calculation or executable procedure,"Implemented or explicitly routed in v0.20 with tests and validation; product standards, loads, global analysis, certificates, fabrication evidence, and external regulations remain explicit boundaries."
17.15,СП 16.13330.2017 «Стальные конструкции»,17.15,,117,117,"Для элементов АС следует применять типовые механические детали, прошедшие испытания на прочность и",normative,no,no,no,implemented calculation or executable procedure,"Implemented or explicitly routed in v0.20 with tests and validation; product standards, loads, global analysis, certificates, fabrication evidence, and external regulations remain explicit boundaries."
17.16,СП 16.13330.2017 «Стальные конструкции»,17.16,,117,117,"В оттяжках мачт, на проводах и канатах горизонтальных антенных полотен для гашения вибрации следует",normative,yes,no,no,implemented calculation or executable procedure,"Implemented or explicitly routed in v0.20 with tests and validation; product standards, loads, global analysis, certificates, fabrication evidence, and external regulations remain explicit boundaries."
17.17,СП 16.13330.2017 «Стальные конструкции»,17.17,,117,117,Антенные сооружения радиосвязи необходимо окрашивать согласно требованиям по маркировке и светоограждению высотных препятствий,normative,no,no,no,implemented calculation or executable procedure,"Implemented or explicitly routed in v0.20 with tests and validation; product standards, loads, global analysis, certificates, fabrication evidence, and external regulations remain explicit boundaries."
17.18,СП 16.13330.2017 «Стальные конструкции»,17.18,,117,118,"Механические детали оттяжек, арматуры изоляторов, а также метизы должны быть оцинкованными",normative,no,no,no,implemented calculation or executable procedure,"Implemented or explicitly routed in v0.20 with tests and validation; product standards, loads, global analysis, certificates, fabrication evidence, and external regulations remain explicit boundaries."
18,СП 16.13330.2017 «Стальные конструкции»,18,,118,181,Требования по проектированию конструкций зданий и сооружений при реконструкции,normative,no,no,no,calculation or executable procedure,Page range is based on PDF page numbering; adjoining clauses may share a boundary page.
18.1,СП 16.13330.2017 «Стальные конструкции»,18.1,,118,118,Общие положения,normative,no,no,no,calculation or executable procedure,Page range is based on PDF page numbering; adjoining clauses may share a boundary page.
18.1.1,СП 16.13330.2017 «Стальные конструкции»,18.1.1,,118,118,Остаточный ресурс конструкций зданий и сооружений следует оценивать на основании анализа имеющейся,normative,no,no,no,calculation or executable procedure,Page range is based on PDF page numbering; adjoining clauses may share a boundary page.
18.1.2,СП 16.13330.2017 «Стальные конструкции»,18.1.2,,118,118,При усилении или изменении условий работы сохраняемых конструкций следует обеспечивать как минимум их,normative,no,no,no,calculation or executable procedure,Page range is based on PDF page numbering; adjoining clauses may share a boundary page.
18.1.3,СП 16.13330.2017 «Стальные конструкции»,18.1.3,,118,118,"Для конструкций, запроектированных по ранее действовавшим нормам и техническим условиям, проверочный",normative,no,no,no,calculation or executable procedure,Page range is based on PDF page numbering; adjoining clauses may share a boundary page.
18.2,СП 16.13330.2017 «Стальные конструкции»,18.2,,118,120,Расчетные характеристики стали и соединений,normative,no,no,no,calculation or executable procedure,Page range is based on PDF page numbering; adjoining clauses may share a boundary page.
18.2.1,СП 16.13330.2017 «Стальные конструкции»,18.2.1,,118,118,Оценивать качество материала конструкций следует по данным заводских сертификатов или по результатам,normative,no,no,no,calculation or executable procedure,Page range is based on PDF page numbering; adjoining clauses may share a boundary page.
18.2.2,СП 16.13330.2017 «Стальные конструкции»,18.2.2,,118,119,При исследовании и испытании металла следует определять следующие показатели химический состав - массовую долю элементов по таблице В.2 (приложение В),normative,no,no,no,calculation or executable procedure,Page range is based on PDF page numbering; adjoining clauses may share a boundary page.
18.2.3,СП 16.13330.2017 «Стальные конструкции»,18.2.3,,119,119,"Исследования и испытания металла конструкций, изготовленных до 1950 г., следует проводить в специализированных научно-исследовательских институтах, где, кроме свойств металла, уст…",normative,no,no,no,calculation or executable procedure,Page range is based on PDF page numbering; adjoining clauses may share a boundary page.
18.2.4,СП 16.13330.2017 «Стальные конструкции»,18.2.4,,119,119,"Расчетные сопротивления проката, гнутых профилей и труб сохраняемых конструкций следует назначать",normative,no,no,no,calculation or executable procedure,Page range is based on PDF page numbering; adjoining clauses may share a boundary page.
18.2.5,СП 16.13330.2017 «Стальные конструкции»,18.2.5,,119,119,"Расчетные сопротивления сварных соединений сохраняемых конструкций, подлежащих реконструкции или",normative,no,no,no,calculation or executable procedure,Page range is based on PDF page numbering; adjoining clauses may share a boundary page.
18.2.6,СП 16.13330.2017 «Стальные конструкции»,18.2.6,,119,119,"Расчетные сопротивления срезу и растяжению болтов, а также смятию элементов, соединяемых болтами",normative,no,no,no,calculation or executable procedure,Page range is based on PDF page numbering; adjoining clauses may share a boundary page.
18.2.7,СП 16.13330.2017 «Стальные конструкции»,18.2.7,,119,120,Расчетные сопротивления заклепочных соединений следует принимать по таблице 48,normative,no,yes,no,calculation or executable procedure,Page range is based on PDF page numbering; adjoining clauses may share a boundary page.
18.3,СП 16.13330.2017 «Стальные конструкции»,18.3,,120,181,Усиление конструкций,normative,no,no,no,calculation or executable procedure,Page range is based on PDF page numbering; adjoining clauses may share a boundary page.
18.3.1,СП 16.13330.2017 «Стальные конструкции»,18.3.1,,120,120,"Конструкции, эксплуатируемые при расчетной температуре малоуглеродистой стали, а также из других сталей, у которых по результатам испытаний значения ударной вязкости ниже",normative,no,no,no,calculation or executable procedure,Page range is based on PDF page numbering; adjoining clauses may share a boundary page.
18.3.2,СП 16.13330.2017 «Стальные конструкции»,18.3.2,,120,121,"Расчетную схему конструкции следует принимать с учетом особенностей ее действительной работы, в том",normative,no,no,no,calculation or executable procedure,Page range is based on PDF page numbering; adjoining clauses may share a boundary page.
18.3.3,СП 16.13330.2017 «Стальные конструкции»,18.3.3,,121,121,"Конструкции, не удовлетворяющие требованиям 15.7.1-15.7.5, 17.2 и разделов 7-9, 11-14, а также требованиям",normative,no,no,no,calculation or executable procedure,Page range is based on PDF page numbering; adjoining clauses may share a boundary page.
18.3.4,СП 16.13330.2017 «Стальные конструкции»,18.3.4,,121,121,"Не следует усиливать элементы конструкций, если их вертикальные и горизонтальные прогибы и перемещения превышают предельные значения, установленные СП 20.13330, но не препятствуют…",normative,no,no,no,calculation or executable procedure,Page range is based on PDF page numbering; adjoining clauses may share a boundary page.
18.3.5,СП 16.13330.2017 «Стальные конструкции»,18.3.5,,121,121,"При усилении конструкций следует учитывать возможность предварительного напряжения и активного регулирования усилий (в том числе за счет сварки, изменений конструктивной и расчетн…",normative,no,no,no,calculation or executable procedure,Page range is based on PDF page numbering; adjoining clauses may share a boundary page.
18.3.6,СП 16.13330.2017 «Стальные конструкции»,18.3.6,,121,121,Конструкции усиления и методы его выполнения должны предусматривать меры по снижению нежелательных,normative,no,no,no,calculation or executable procedure,Page range is based on PDF page numbering; adjoining clauses may share a boundary page.
18.3.7,СП 16.13330.2017 «Стальные конструкции»,18.3.7,,121,121,Прерывистые фланговые швы применяются в конструкциях 3-й и 4-й групп (согласно приложению В) эксплуатируемых при расчетной температуре не ниже минус 45°С в неагрессивной или слабо…,normative,no,no,no,calculation or executable procedure,Page range is based on PDF page numbering; adjoining clauses may share a boundary page.
18.3.8,СП 16.13330.2017 «Стальные конструкции»,18.3.8,,121,121,При усилении элементов конструкций применяют комбинированные соединения: заклепочные с фрикционными или заклепочные с болтами класса точности А,normative,no,no,no,calculation or executable procedure,Page range is based on PDF page numbering; adjoining clauses may share a boundary page.
18.3.9,СП 16.13330.2017 «Стальные конструкции»,18.3.9,,121,121,"В элементах групп конструкций 1, 2, 3-4 (согласно приложению В), при усилении подверженных нагреву",normative,no,no,no,calculation or executable procedure,Page range is based on PDF page numbering; adjoining clauses may share a boundary page.
18.3.10,СП 16.13330.2017 «Стальные конструкции»,18.3.10,,121,122,Основными способами усиления конструкций являются увеличение площади поперечного сечения отдельных элементов конструкции изменение конструктивной схемы всего каркаса или отдельных…,normative,no,no,no,calculation or executable procedure,Page range is based on PDF page numbering; adjoining clauses may share a boundary page.
18.3.11,СП 16.13330.2017 «Стальные конструкции»,18.3.11,,122,122,"При расчете элементов конструкций, усиленных путем увеличения сечения следует учитывать разные расчетные сопротивления материалов конструкции и усиления. Следует принимать одно ра…",normative,no,no,no,calculation or executable procedure,Page range is based on PDF page numbering; adjoining clauses may share a boundary page.
18.3.12,СП 16.13330.2017 «Стальные конструкции»,18.3.12,,122,122,"Расчет на прочность и устойчивость элементов, усиленных способом увеличения сечений, следует выполнять",normative,no,no,no,calculation or executable procedure,Page range is based on PDF page numbering; adjoining clauses may share a boundary page.
18.3.13,СП 16.13330.2017 «Стальные конструкции»,18.3.13,,122,122,"Расчет на прочность элементов конструкций, усиливаемых методом увеличения сечений, следует выполнять",normative,yes,no,no,calculation or executable procedure,Page range is based on PDF page numbering; adjoining clauses may share a boundary page.
18.3.14,СП 16.13330.2017 «Стальные конструкции»,18.3.14,,122,125,Расчет на устойчивость сжатых элементов сплошного сечения в плоскости действия моментов выполняется по,normative,yes,no,no,calculation or executable procedure,Page range is based on PDF page numbering; adjoining clauses may share a boundary page.
18.3.15,СП 16.13330.2017 «Стальные конструкции»,18.3.15,,125,125,При расчете на устойчивость элементов при центральном сжатии и сжатии с изгибом следует принимать для,normative,yes,no,no,calculation or executable procedure,Page range is based on PDF page numbering; adjoining clauses may share a boundary page.
18.3.16,СП 16.13330.2017 «Стальные конструкции»,18.3.16,,125,181,"Не требуют усиления существующие стальные конструкции, выполненные с отступлением от требований",normative,no,no,no,calculation or executable procedure,Page range is based on PDF page numbering; adjoining clauses may share a boundary page.
Приложение А,СП 16.13330.2017 «Стальные конструкции»,,А,126,131,Основные буквенные обозначения величин,not explicitly labelled in supplied PDF,no,no,no,notation/documentation,Page range is based on PDF page numbering; adjoining clauses may share a boundary page.
Приложение Б,СП 16.13330.2017 «Стальные конструкции»,,Б,131,133,Физические характеристики материалов для стальных конструкций,not explicitly labelled in supplied PDF,no,yes,no,reference data and calculation support,Page range is based on PDF page numbering; adjoining clauses may share a boundary page.
Приложение В,СП 16.13330.2017 «Стальные конструкции»,,В,133,145,Выбор сталей и нормативные/расчетные характеристики,not explicitly labelled in supplied PDF,no,yes,no,reference data and calculation support,Page range is based on PDF page numbering; adjoining clauses may share a boundary page.
Приложение Г,СП 16.13330.2017 «Стальные конструкции»,,Г,145,150,Материалы и расчетные характеристики соединений,not explicitly labelled in supplied PDF,no,yes,no,reference data and calculation support,Page range is based on PDF page numbering; adjoining clauses may share a boundary page.
Приложение Д,СП 16.13330.2017 «Стальные конструкции»,,Д,150,161,Коэффициенты устойчивости и формы сечения,not explicitly labelled in supplied PDF,no,yes,no,reference data and calculation support,Annex D Table D.1 was implemented in v0.3 and preserved in v0.4; remaining Annex D tables and procedures stay unresolved.
Приложение Е,СП 16.13330.2017 «Стальные конструкции»,,Е,161,164,Коэффициенты для расчетов изгибаемых элементов и опорных плит,not explicitly labelled in supplied PDF,no,yes,no,reference data and calculation support,Page range is based on PDF page numbering; adjoining clauses may share a boundary page.
Приложение Ж,СП 16.13330.2017 «Стальные конструкции»,,Ж,164,170,Коэффициенты устойчивости при изгибе,not explicitly labelled in supplied PDF,no,yes,no,implemented in v0.7 selected scope,Page range is based on PDF page numbering; adjoining clauses may share a boundary page. Selected formulas/procedures visually audited and implemented in v0.7.
Приложение И,СП 16.13330.2017 «Стальные конструкции»,,И,170,177,Коэффициенты расчетной длины колонн,not explicitly labelled in supplied PDF,no,yes,no,reference data and calculation support,Page range is based on PDF page numbering; adjoining clauses may share a boundary page.
Приложение К,СП 16.13330.2017 «Стальные конструкции»,,К,177,181,Группы элементов и соединений при расчете на усталость,not explicitly labelled in supplied PDF,no,yes,no,reference data and calculation support,Page range is based on PDF page numbering; adjoining clauses may share a boundary page.
