audit_id,standard,clause,annex,page,equation_number,topic,normative_status,short_description,input_variables,output_variables,units,time_basis,planned_module,planned_function,implementation_status,test_status,validation_status,comments
SP16-EQ-001,СП 16.13330.2017 «Стальные конструкции»,6.6,,13,1,design properties of materials and connections,normative calculation expression,Foundation and anchor bolt tensile design resistance: Rba = 0.8 Ryn.,normative_yield_resistance_n_mm2 (Ryn),foundation_anchor_bolt_tension_design_resistance_n_mm2 (Rba),N/mm2,not_applicable,standard_core/material_resistance.py,foundation_anchor_bolt_tension_design_resistance_n_mm2,implemented,normal_boundary_unit_sign_tested,implementation_self_check_passed_no_standard_worked_example,Formula visually verified against supplied PDF page 13; coefficient 0.8 and Ryn input transcribed.
SP16-EQ-002,СП 16.13330.2017 «Стальные конструкции»,6.6,,13,2,design properties of materials and connections,normative calculation expression,U-bolt tensile design resistance: RbU = 0.85 Ryn.,normative_yield_resistance_n_mm2 (Ryn),u_bolt_tension_design_resistance_n_mm2 (RbU),N/mm2,not_applicable,standard_core/material_resistance.py,u_bolt_tension_design_resistance_n_mm2,implemented,normal_boundary_unit_sign_tested,implementation_self_check_passed_no_standard_worked_example,Formula visually verified against supplied PDF page 13; coefficient 0.85 and Ryn input transcribed.
SP16-EQ-003,СП 16.13330.2017 «Стальные конструкции»,6.7,,13,3 (excluded/reserved),design properties of materials and connections,excluded in supplied edition,Equation number reserved by excluded clause 6.7; no operative formula is present in the supplied edition.,not_applicable,not_applicable,not_applicable,not_applicable,standard_core/material_resistance.py,,no_code_explanatory,inventory_tested,not_applicable,Tracked to preserve equation-number continuity and prevent accidental invention of a deleted formula.
SP16-EQ-004,СП 16.13330.2017 «Стальные конструкции»,6.8,,13,4,design properties of materials and connections,normative calculation expression,High-strength wire tensile design resistance: Rdh = 0.63 Run.,normative_ultimate_resistance_n_mm2 (Run),high_strength_wire_tension_design_resistance_n_mm2 (Rdh),N/mm2,not_applicable,standard_core/material_resistance.py,high_strength_wire_tension_design_resistance_n_mm2,implemented,normal_boundary_unit_sign_tested,implementation_self_check_passed_no_standard_worked_example,Formula visually verified against supplied PDF page 13; coefficient 0.63 and Run input transcribed.
SP16-EQ-005,СП 16.13330.2017 «Стальные конструкции»,7.1.1,,14,5,centrally tensioned and compressed members,normative calculation expression,"Central tension/compression strength utilization N/(A_n R_y gamma_c) <= 1, with the explicit R_u/gamma_u replacement branch defined in clause 7.1.1.",axial_force_n; net_area_mm2; design_yield_resistance_n_mm2 or design_ultimate_resistance_n_mm2; working_condition_factor; ultimate_resistance_safety_factor for the R_u branch,dimensionless utilization ratio,N; mm2; N/mm2; dimensionless,static design action effect,standard_core/axial_members.py,axial_strength_utilization_yield; axial_strength_utilization_ultimate,implemented,normal_zero_boundary_unit_sign_and_branch_tests_passed,implementation_self_checks_passed_no_standard_worked_example,Formula and both explicitly stated resistance branches visually verified on PDF page 14. Applicability selection remains explicit.
SP16-EQ-006,СП 16.13330.2017 «Стальные конструкции»,7.1.2,,14,6,centrally tensioned and compressed members,normative calculation expression,Strength utilization for a one-leg bolted single-angle connection: N gamma_u/(A_n R_u gamma_c1) <= 1.,axial_force_n; net_area_mm2; design_ultimate_resistance_n_mm2; ultimate_resistance_safety_factor; angle_working_condition_factor,dimensionless utilization ratio,N; mm2; N/mm2; dimensionless,static design action effect,standard_core/axial_members.py,single_angle_connection_strength_utilization,implemented,normal_zero_boundary_unit_sign_and_domain_tests_passed,implementation_self_check_passed_no_standard_worked_example,Equation visually verified on PDF page 14. Clause geometry and steel-grade restrictions are documented and not inferred.
SP16-EQ-007,СП 16.13330.2017 «Стальные конструкции»,7.1.3,,15,7,centrally tensioned and compressed members,normative calculation expression,Central-compression stability utilization N/(phi A R_y gamma_c) <= 1.,axial_force_n; gross_area_mm2; design_yield_resistance_n_mm2; working_condition_factor; stability_coefficient,dimensionless stability utilization,N; mm2; N/mm2; dimensionless,static design action effect,standard_core/axial_members.py,central_compression_stability_utilization,implemented,normal_zero_boundary_unit_sign_and_phi_domain_tests_passed,implementation_self_check_passed_no_standard_worked_example,Equation visually verified on PDF page 15. Local-stability prerequisites 7.3.2-7.3.9 remain external to this release.
SP16-EQ-007A,СП 16.13330.2017 «Стальные конструкции»,7.1.3,,15,7a,centrally tensioned and compressed members,normative calculation expression,Optional rolled-I central-compression stability utilization N/(gamma_res phi A Ry gamma_c) <= 1.,axial_force_n; gross_area_mm2; design_yield_resistance_n_mm2; working_condition_factor; stability_coefficient_phi; gamma_res,dimensionless stability utilization,N; mm2; N/mm2; dimensionless,static design action effect,standard_core/axial_workflows.py,central_compression_stability_utilization_eq7a,implemented,current_source_formula_gamma_res_boundary_and_guided_route_tests_passed,current_change_6_source_rebaseline_stage_n3,Equation (7a) and gamma_res rules visually/source verified against the consolidated current SP16 page 15. NormCAD historical SP16 module has no 7a route and is classified outdated for this node.
SP16-EQ-008,СП 16.13330.2017 «Стальные конструкции»,7.1.3,,15,8,centrally tensioned and compressed members,normative calculation expression,"Central-compression stability coefficient phi from delta and relative slenderness, including low-slenderness and 7.6/lambda_bar^2 cap rules.",relative_slenderness_value; section_type a/b/c,stability_coefficient phi,dimensionless,not applicable,standard_core/axial_members.py,central_compression_stability_coefficient,implemented,formula_low_slenderness_threshold_cap_and_annex_D1_consistency_tests_passed,validated_against_all_printed_Table_D1_cells_with_rounding_tolerance,Equation and rule text visually verified on PDF page 15. Rationalized algebraic form is used for numerical stability without changing the equation.
SP16-EQ-009,СП 16.13330.2017 «Стальные конструкции»,7.1.3,,15,9,centrally tensioned and compressed members,normative calculation expression,Delta = 9.87(1-alpha+beta lambda_bar)+lambda_bar^2 for equation (8).,relative_slenderness_value; alpha; beta,delta,dimensionless,not applicable,standard_core/axial_members.py,stability_delta,implemented,normal_zero_boundary_unit_and_sign_tests_passed,implementation_self_check_and_Table_D1_chain_passed,Formula visually verified on PDF page 15.
SP16-EQ-010,СП 16.13330.2017 «Стальные конструкции»,7.1.5,,16,10,centrally tensioned and compressed members,normative calculation expression,Проверка устойчивости сжатого элемента сплошного открытого П-образного сечения по п. 7.1.5.,N; A; Ry; gamma_c; c_max; relative_slenderness_y,utilization,N; mm2; N/mm2; dimensionless,not_applicable,standard_core/axial_members.py,open_u_section_torsional_flexural_utilization,implemented,tested,implementation_self_check_and_historical_v0_22_seed,Reconstructed from the source clause and surviving v0.22 API/validation evidence. c_max remains explicit; no geometry-derived Annex D lookup is invented.
SP16-EQ-011,СП 16.13330.2017 «Стальные конструкции»,7.1.5,,16,11,centrally tensioned and compressed members,normative calculation expression,Вспомогательный коэффициент phi_1 = 7.6*c_max/lambda_bar_y^2 для п. 7.1.5.,c_max; relative_slenderness_y,phi_1,dimensionless,not_applicable,standard_core/axial_members.py,open_u_section_phi_1,implemented,tested,implementation_self_check_and_historical_v0_22_seed,Reconstructed from the source clause and surviving v0.22 API/validation evidence; rejects zero/non-finite relative slenderness.
SP16-EQ-012,СП 16.13330.2017 «Стальные конструкции»,7.2.2-7.2.3,,18,12,centrally tensioned and compressed members,normative calculation expression,Effective slenderness of battened built-up section type 1.,whole_member_slenderness_y; branch_slenderness_1; branch_inertia_axis_1_mm4; branch_axis_spacing_b_mm; batten_inertia_mm4; batten_pitch_mm,effective_slenderness,dimensionless,not_applicable,standard_core/built_up_axial_members.py,battened_effective_slenderness_type_1,implemented,normal_zero_or_boundary_unit_and_domain_tests_passed,implementation_self_check_passed_no_standard_worked_example,Formula and symbols visually verified against supplied PDF pages 18-21; no unprinted coefficient or interpolation rule was invented.
SP16-EQ-013,СП 16.13330.2017 «Стальные конструкции»,7.2.2-7.2.3,,18,13,centrally tensioned and compressed members,normative calculation expression,Effective slenderness of battened built-up section type 2.,whole_member_max_slenderness; branch_slenderness_1; branch_slenderness_2; branch inertias; branch spacings; batten inertias; batten_pitch_mm,effective_slenderness,dimensionless,not_applicable,standard_core/built_up_axial_members.py,battened_effective_slenderness_type_2,implemented,normal_zero_or_boundary_unit_and_domain_tests_passed,implementation_self_check_passed_no_standard_worked_example,Formula and symbols visually verified against supplied PDF pages 18-21; no unprinted coefficient or interpolation rule was invented.
SP16-EQ-014,СП 16.13330.2017 «Стальные конструкции»,7.2.2-7.2.3,,18,14,centrally tensioned and compressed members,normative calculation expression,Effective slenderness of battened built-up section type 3.,whole_member_max_slenderness; branch_slenderness_3; branch_inertia_axis_3_mm4; branch_axis_spacing_b_mm; batten_inertia_mm4; batten_pitch_mm,effective_slenderness,dimensionless,not_applicable,standard_core/built_up_axial_members.py,battened_effective_slenderness_type_3,implemented,normal_zero_or_boundary_unit_and_domain_tests_passed,implementation_self_check_passed_no_standard_worked_example,Formula and symbols visually verified against supplied PDF pages 18-21; no unprinted coefficient or interpolation rule was invented.
SP16-EQ-015,СП 16.13330.2017 «Стальные конструкции»,7.2.2-7.2.5,,18,15,centrally tensioned and compressed members,normative calculation expression,Effective slenderness of lattice built-up section type 1.,whole_member_slenderness_y; total_area_mm2; diagonal_area_plane_1_mm2; diagonal_length_d_mm; branch_axis_spacing_b_mm; panel_length_mm,effective_slenderness,dimensionless,not_applicable,standard_core/built_up_axial_members.py,lattice_effective_slenderness_type_1,implemented,normal_zero_or_boundary_unit_and_domain_tests_passed,implementation_self_check_passed_no_standard_worked_example,Formula and symbols visually verified against supplied PDF pages 18-21; no unprinted coefficient or interpolation rule was invented.
SP16-EQ-016,СП 16.13330.2017 «Стальные конструкции»,7.2.2-7.2.5,,18,16,centrally tensioned and compressed members,normative calculation expression,Effective slenderness of lattice built-up section type 2.,whole_member_max_slenderness; total_area_mm2; diagonal areas; diagonal lengths; branch spacings; panel_length_mm,effective_slenderness,dimensionless,not_applicable,standard_core/built_up_axial_members.py,lattice_effective_slenderness_type_2,implemented,normal_zero_or_boundary_unit_and_domain_tests_passed,implementation_self_check_passed_no_standard_worked_example,Formula and symbols visually verified against supplied PDF pages 18-21; no unprinted coefficient or interpolation rule was invented.
SP16-EQ-017,СП 16.13330.2017 «Стальные конструкции»,7.2.2-7.2.5,,18,17,centrally tensioned and compressed members,normative calculation expression,Effective slenderness of lattice built-up section type 3.,whole_member_max_slenderness; total_area_mm2; diagonal_area_one_face_mm2; diagonal_length_d_mm; branch_axis_spacing_b_mm; panel_length_mm,effective_slenderness,dimensionless,not_applicable,standard_core/built_up_axial_members.py,lattice_effective_slenderness_type_3,implemented,normal_zero_or_boundary_unit_and_domain_tests_passed,implementation_self_check_passed_no_standard_worked_example,Formula and symbols visually verified against supplied PDF pages 18-21; no unprinted coefficient or interpolation rule was invented.
SP16-EQ-018,СП 16.13330.2017 «Стальные конструкции»,7.2.7,,20,18,centrally tensioned and compressed members,normative calculation expression,Fictitious transverse force for battens and lattice elements.,axial_force_n; elastic_modulus_n_mm2; design_yield_resistance_n_mm2; stability_coefficient_phi,fictitious_shear_force_n,N,not_applicable,standard_core/built_up_axial_members.py,fictitious_shear_force_n,implemented,normal_zero_or_boundary_unit_and_domain_tests_passed,implementation_self_check_passed_no_standard_worked_example,Formula and symbols visually verified against supplied PDF pages 18-21; no unprinted coefficient or interpolation rule was invented.
SP16-EQ-019,СП 16.13330.2017 «Стальные конструкции»,7.2.8,,21,19,centrally tensioned and compressed members,normative calculation expression,Shear force acting on one batten.,one_face_fictitious_shear_n; batten_pitch_mm; branch_axis_spacing_mm,batten_shear_force_n,N,not_applicable,standard_core/built_up_axial_members.py,batten_shear_force_n,implemented,normal_zero_or_boundary_unit_and_domain_tests_passed,implementation_self_check_passed_no_standard_worked_example,Formula and symbols visually verified against supplied PDF pages 18-21; no unprinted coefficient or interpolation rule was invented.
SP16-EQ-020,СП 16.13330.2017 «Стальные конструкции»,7.2.8,,21,20,centrally tensioned and compressed members,normative calculation expression,In-plane bending moment acting on one batten.,one_face_fictitious_shear_n; batten_pitch_mm,batten_bending_moment_n_mm,N*mm,not_applicable,standard_core/built_up_axial_members.py,batten_bending_moment_n_mm,implemented,normal_zero_or_boundary_unit_and_domain_tests_passed,implementation_self_check_passed_no_standard_worked_example,Formula and symbols visually verified against supplied PDF pages 18-21; no unprinted coefficient or interpolation rule was invented.
SP16-EQ-021,СП 16.13330.2017 «Стальные конструкции»,7.2.9,,21,21,centrally tensioned and compressed members,normative calculation expression,Axial force in a lattice diagonal due to one-plane fictitious shear.,one_plane_fictitious_shear_n; diagonal_length_d_mm; branch_axis_spacing_b_mm; lattice_force_coefficient_alpha_1,lattice_diagonal_force_n,N,not_applicable,standard_core/built_up_axial_members.py,lattice_diagonal_force_n,implemented,normal_zero_or_boundary_unit_and_domain_tests_passed,implementation_self_check_passed_no_standard_worked_example,Formula and symbols visually verified against supplied PDF pages 18-21; no unprinted coefficient or interpolation rule was invented.
SP16-EQ-022,СП 16.13330.2017 «Стальные конструкции»,7.2.9,,21,22,centrally tensioned and compressed members,normative calculation expression,Additional force in each diagonal of cross lattice with struts due to branch shortening.,one_branch_force_n; one_diagonal_area_mm2; one_branch_area_mm2; coefficient_alpha_2,additional_diagonal_force_n,N,not_applicable,standard_core/built_up_axial_members.py,cross_lattice_additional_diagonal_force_n,implemented,normal_zero_or_boundary_unit_and_domain_tests_passed,implementation_self_check_passed_no_standard_worked_example,Formula and symbols visually verified against supplied PDF pages 18-21; no unprinted coefficient or interpolation rule was invented.
SP16-EQ-023,СП 16.13330.2017 «Стальные конструкции»,7.3.2,,22,23,local stability of centrally compressed solid-section members,normative calculation expression,Table 9 group 1 limiting web slenderness for member relative slenderness not exceeding 2.,member_relative_slenderness,limiting_relative_slenderness,dimensionless,not_applicable,standard_core/local_stability.py,wall_slenderness_limit_eq23,implemented,normal_boundary_unit_sign_and_domain_tests_passed,implementation_self_check_passed_no_standard_worked_example,"Formula, branch conditions, caps, substitutions, and symbol definitions visually verified against supplied PDF pages 22-26."
SP16-EQ-024,СП 16.13330.2017 «Стальные конструкции»,7.3.2,,22,24,local stability of centrally compressed solid-section members,normative calculation expression,Table 9 group 1 capped limiting web slenderness above member relative slenderness 2.,member_relative_slenderness,limiting_relative_slenderness,dimensionless,not_applicable,standard_core/local_stability.py,wall_slenderness_limit_eq24,implemented,normal_boundary_unit_sign_and_domain_tests_passed,implementation_self_check_passed_no_standard_worked_example,"Formula, branch conditions, caps, substitutions, and symbol definitions visually verified against supplied PDF pages 22-26."
SP16-EQ-025,СП 16.13330.2017 «Стальные конструкции»,7.3.2,,23,25,local stability of centrally compressed solid-section members,normative calculation expression,Table 9 group 2 constant limiting web slenderness at member relative slenderness not exceeding 1.,member_relative_slenderness,limiting_relative_slenderness,dimensionless,not_applicable,standard_core/local_stability.py,wall_slenderness_limit_eq25,implemented,normal_boundary_unit_sign_and_domain_tests_passed,implementation_self_check_passed_no_standard_worked_example,"Formula, branch conditions, caps, substitutions, and symbol definitions visually verified against supplied PDF pages 22-26."
SP16-EQ-026,СП 16.13330.2017 «Стальные конструкции»,7.3.2,,23,26,local stability of centrally compressed solid-section members,normative calculation expression,Table 9 group 2 capped limiting web slenderness above member relative slenderness 1.,member_relative_slenderness,limiting_relative_slenderness,dimensionless,not_applicable,standard_core/local_stability.py,wall_slenderness_limit_eq26,implemented,normal_boundary_unit_sign_and_domain_tests_passed,implementation_self_check_passed_no_standard_worked_example,"Formula, branch conditions, caps, substitutions, and symbol definitions visually verified against supplied PDF pages 22-26."
SP16-EQ-027,СП 16.13330.2017 «Стальные конструкции»,7.3.2,,23,27,local stability of centrally compressed solid-section members,normative calculation expression,Table 9 group 3 constant limiting web slenderness at member relative slenderness not exceeding 0.8.,member_relative_slenderness,limiting_relative_slenderness,dimensionless,not_applicable,standard_core/local_stability.py,wall_slenderness_limit_eq27,implemented,normal_boundary_unit_sign_and_domain_tests_passed,implementation_self_check_passed_no_standard_worked_example,"Formula, branch conditions, caps, substitutions, and symbol definitions visually verified against supplied PDF pages 22-26."
SP16-EQ-028,СП 16.13330.2017 «Стальные конструкции»,7.3.2,,23,28,local stability of centrally compressed solid-section members,normative calculation expression,Table 9 group 3 capped limiting web slenderness above member relative slenderness 0.8.,member_relative_slenderness,limiting_relative_slenderness,dimensionless,not_applicable,standard_core/local_stability.py,wall_slenderness_limit_eq28,implemented,normal_boundary_unit_sign_and_domain_tests_passed,implementation_self_check_passed_no_standard_worked_example,"Formula, branch conditions, caps, substitutions, and symbol definitions visually verified against supplied PDF pages 22-26."
SP16-EQ-029,СП 16.13330.2017 «Стальные конструкции»,7.3.2,,23,29,local stability of centrally compressed solid-section members,normative calculation expression,Table 9 T-section web-slenderness limit with flange-width to web-height ratio.,member_relative_slenderness; tee_flange_width_mm; effective_web_height_mm,limiting_relative_slenderness,dimensionless,not_applicable,standard_core/local_stability.py,wall_slenderness_limit_eq29,implemented,normal_boundary_unit_sign_and_domain_tests_passed,implementation_self_check_passed_no_standard_worked_example,"Formula, branch conditions, caps, substitutions, and symbol definitions visually verified against supplied PDF pages 22-26."
SP16-EQ-030,СП 16.13330.2017 «Стальные конструкции»,7.3.4,,24,30,local stability of centrally compressed solid-section members,normative calculation expression,Multiplier for the Table 9 web limit when a mid-depth longitudinal stiffener is provided.,longitudinal_stiffener_inertia_mm4; effective_web_height_mm; web_thickness_mm,longitudinal_stiffener_multiplier_beta,dimensionless,not_applicable,standard_core/local_stability.py,longitudinal_stiffener_wall_limit_multiplier_eq30,implemented,normal_boundary_unit_sign_and_domain_tests_passed,implementation_self_check_passed_no_standard_worked_example,"Formula, branch conditions, caps, substitutions, and symbol definitions visually verified against supplied PDF pages 22-26."
SP16-EQ-031,СП 16.13330.2017 «Стальные конструкции»,7.3.6,,24,31,local stability of centrally compressed solid-section members,normative calculation expression,Reduced design area for I- and channel-section members.,gross_area_mm2; effective_web_height_mm; reduced_web_height_mm; web_thickness_mm,reduced_area_mm2,mm2,not_applicable,standard_core/local_stability.py,reduced_area_i_or_channel_eq31,implemented,normal_boundary_unit_sign_and_domain_tests_passed,implementation_self_check_passed_no_standard_worked_example,"Formula, branch conditions, caps, substitutions, and symbol definitions visually verified against supplied PDF pages 22-26."
SP16-EQ-032,СП 16.13330.2017 «Стальные конструкции»,7.3.6,,24,32,local stability of centrally compressed solid-section members,normative calculation expression,Reduced design area for a centrally compressed box section.,gross_area_mm2; effective_web_height_mm; reduced_web_height_mm; web_thickness_mm; effective_flange_plate_width_mm; reduced_flange_plate_width_mm; flange_thickness_mm,reduced_area_mm2,mm2,not_applicable,standard_core/local_stability.py,reduced_area_box_central_eq32,implemented,normal_boundary_unit_sign_and_domain_tests_passed,implementation_self_check_passed_no_standard_worked_example,"Formula, branch conditions, caps, substitutions, and symbol definitions visually verified against supplied PDF pages 22-26."
SP16-EQ-033,СП 16.13330.2017 «Стальные конструкции»,7.3.6,,24,33,local stability of centrally compressed solid-section members,normative calculation expression,Reduced design area expression for an eccentrically compressed box section.,gross_area_mm2; effective_web_height_mm; reduced_web_height_mm; web_thickness_mm,reduced_area_mm2,mm2,not_applicable,standard_core/local_stability.py,reduced_area_box_eccentric_eq33,implemented,normal_boundary_unit_sign_and_domain_tests_passed,implementation_self_check_passed_no_standard_worked_example,"Formula, branch conditions, caps, substitutions, and symbol definitions visually verified against supplied PDF pages 22-26."
SP16-EQ-034,СП 16.13330.2017 «Стальные конструкции»,7.3.6,,25,34,local stability of centrally compressed solid-section members,normative calculation expression,Reduced web height for an I-section.,web_thickness_mm; actual_wall_relative_slenderness; limiting_wall_relative_slenderness; member_relative_slenderness; design_yield_resistance_n_mm2; elastic_modulus_n_mm2,reduced_web_height_mm,mm,not_applicable,standard_core/local_stability.py,reduced_web_height_i_section_eq34,implemented,normal_boundary_unit_sign_and_domain_tests_passed,implementation_self_check_passed_no_standard_worked_example,"Formula, branch conditions, caps, substitutions, and symbol definitions visually verified against supplied PDF pages 22-26."
SP16-EQ-035,СП 16.13330.2017 «Стальные конструкции»,7.3.6,,25,35,local stability of centrally compressed solid-section members,normative calculation expression,Reduced box-section plate dimension for a web or substituted flange plate.,plate_thickness_mm; actual_plate_relative_slenderness; limiting_plate_relative_slenderness; member_relative_slenderness; design_yield_resistance_n_mm2; elastic_modulus_n_mm2,reduced_plate_dimension_mm,mm,not_applicable,standard_core/local_stability.py,reduced_plate_dimension_box_eq35,implemented,normal_boundary_unit_sign_and_domain_tests_passed,implementation_self_check_passed_no_standard_worked_example,"Formula, branch conditions, caps, substitutions, and symbol definitions visually verified against supplied PDF pages 22-26."
SP16-EQ-036,СП 16.13330.2017 «Стальные конструкции»,7.3.6,,25,36,local stability of centrally compressed solid-section members,normative calculation expression,Reduced web height for a channel section.,web_thickness_mm; actual_wall_relative_slenderness; limiting_wall_relative_slenderness; design_yield_resistance_n_mm2; elastic_modulus_n_mm2,reduced_web_height_mm,mm,not_applicable,standard_core/local_stability.py,reduced_web_height_channel_eq36,implemented,normal_boundary_unit_sign_and_domain_tests_passed,implementation_self_check_passed_no_standard_worked_example,"Formula, branch conditions, caps, substitutions, and symbol definitions visually verified against supplied PDF pages 22-26."
SP16-EQ-037,СП 16.13330.2017 «Стальные конструкции»,7.3.8,,25,37,local stability of centrally compressed solid-section members,normative calculation expression,Table 10 diagram group 1 limiting flange-outstand slenderness.,member_relative_slenderness,limiting_flange_relative_slenderness,dimensionless,not_applicable,standard_core/local_stability.py,flange_slenderness_limit_eq37,implemented,normal_boundary_unit_sign_and_domain_tests_passed,implementation_self_check_passed_no_standard_worked_example,"Formula, branch conditions, caps, substitutions, and symbol definitions visually verified against supplied PDF pages 22-26."
SP16-EQ-038,СП 16.13330.2017 «Стальные конструкции»,7.3.8,,26,38,local stability of centrally compressed solid-section members,normative calculation expression,Table 10 diagram group 2 limiting flange-outstand slenderness.,member_relative_slenderness,limiting_flange_relative_slenderness,dimensionless,not_applicable,standard_core/local_stability.py,flange_slenderness_limit_eq38,implemented,normal_boundary_unit_sign_and_domain_tests_passed,implementation_self_check_passed_no_standard_worked_example,"Formula, branch conditions, caps, substitutions, and symbol definitions visually verified against supplied PDF pages 22-26."
SP16-EQ-039,СП 16.13330.2017 «Стальные конструкции»,7.3.8,,26,39,local stability of centrally compressed solid-section members,normative calculation expression,Table 10 diagram group 3 limiting flange-outstand slenderness.,member_relative_slenderness,limiting_flange_relative_slenderness,dimensionless,not_applicable,standard_core/local_stability.py,flange_slenderness_limit_eq39,implemented,normal_boundary_unit_sign_and_domain_tests_passed,implementation_self_check_passed_no_standard_worked_example,"Formula, branch conditions, caps, substitutions, and symbol definitions visually verified against supplied PDF pages 22-26."
SP16-EQ-040,СП 16.13330.2017 «Стальные конструкции»,7.3.8,,26,40,local stability of centrally compressed solid-section members,normative calculation expression,Table 10 diagram group 4 limiting flange-outstand slenderness.,member_relative_slenderness,limiting_flange_relative_slenderness,dimensionless,not_applicable,standard_core/local_stability.py,flange_slenderness_limit_eq40,implemented,normal_boundary_unit_sign_and_domain_tests_passed,implementation_self_check_passed_no_standard_worked_example,"Formula, branch conditions, caps, substitutions, and symbol definitions visually verified against supplied PDF pages 22-26."
SP16-EQ-041,СП 16.13330.2017 «Стальные конструкции»,8.2.1,,27,41,bending member strength,normative calculation expression,Class-1 one-plane elastic bending strength utilization.,bending_moment_n_mm; minimum_net_section_modulus_mm3; design_yield_resistance_n_mm2; working_condition_factor,dimensionless_utilization,dimensionless,not_applicable,standard_core/bending_members.py,elastic_bending_utilization_eq41,implemented,normal_boundary_unit_sign_and_domain_tests_passed,implementation_self_check_passed_no_standard_worked_example,"Stage N4 current-SP16 remediation: equation (61) reverified against current 8.2.8; formula uses alpha_f*r, not legacy c_xf*r. Frozen first API parameter retained but ignored. Linked applicability gates remain explicit."
SP16-EQ-042,СП 16.13330.2017 «Стальные конструкции»,8.2.1,,27,42,bending member strength,normative calculation expression,Class-1 web shear strength utilization.,shear_force_n; first_moment_area_mm3; gross_second_moment_area_mm4; web_thickness_mm; design_shear_resistance_n_mm2; working_condition_factor,dimensionless_utilization,dimensionless,not_applicable,standard_core/bending_members.py,elastic_shear_utilization_eq42,implemented,normal_boundary_unit_sign_and_domain_tests_passed,implementation_self_check_passed_no_standard_worked_example,"Stage N4 current-SP16 remediation: equation (61) reverified against current 8.2.8; formula uses alpha_f*r, not legacy c_xf*r. Frozen first API parameter retained but ignored. Linked applicability gates remain explicit."
SP16-EQ-043,СП 16.13330.2017 «Стальные конструкции»,8.2.1,,27,43,bending member strength,normative calculation expression,Class-1 signed biaxial bending and bimoment normal-stress utilization at a section point.,moment_x_n_mm; moment_y_n_mm; bimoment_n_mm2; net_inertia_x_mm4; net_inertia_y_mm4; net_sectorial_inertia_mm6; point_y_mm; point_x_mm; sectorial_coordinate_mm2; design_yield_resistance_n_mm2; working_condition_factor,dimensionless_utilization,dimensionless,not_applicable,standard_core/bending_members.py,elastic_combined_normal_utilization_eq43,implemented,normal_boundary_unit_sign_and_domain_tests_passed,implementation_self_check_passed_no_standard_worked_example,"Stage N4 current-SP16 remediation: equation (61) reverified against current 8.2.8; formula uses alpha_f*r, not legacy c_xf*r. Frozen first API parameter retained but ignored. Linked applicability gates remain explicit."
SP16-EQ-044,СП 16.13330.2017 «Стальные конструкции»,8.2.1,,27,44,bending member strength,normative calculation expression,Class-1 web equivalent-stress and separate shear-strength checks.,longitudinal_normal_stress_n_mm2; transverse_normal_stress_n_mm2; shear_stress_n_mm2; design_yield_resistance_n_mm2; design_shear_resistance_n_mm2; working_condition_factor,utilization_and_pass_flags,mixed_dimensionless_and_boolean,not_applicable,standard_core/bending_members.py,elastic_web_equivalent_stress_checks_eq44,implemented,normal_boundary_unit_sign_and_domain_tests_passed,implementation_self_check_passed_no_standard_worked_example,"Stage N4 current-SP16 remediation: equation (61) reverified against current 8.2.8; formula uses alpha_f*r, not legacy c_xf*r. Frozen first API parameter retained but ignored. Linked applicability gates remain explicit."
SP16-EQ-045,СП 16.13330.2017 «Стальные конструкции»,8.2.1,,28,45,bending member strength,normative calculation expression,Bolt-hole amplification factor for web shear checks.,hole_pitch_mm; hole_diameter_mm,dimensionless_factor,dimensionless,not_applicable,standard_core/bending_members.py,bolt_hole_factor_eq45,implemented,normal_boundary_unit_sign_and_domain_tests_passed,implementation_self_check_passed_no_standard_worked_example,"Stage N4 current-SP16 remediation: equation (61) reverified against current 8.2.8; formula uses alpha_f*r, not legacy c_xf*r. Frozen first API parameter retained but ignored. Linked applicability gates remain explicit."
SP16-EQ-046,СП 16.13330.2017 «Стальные конструкции»,8.2.2,,28,46,bending member strength,normative calculation expression,Local web compression strength utilization under a concentrated load.,local_compressive_stress_n_mm2; design_yield_resistance_n_mm2; working_condition_factor,dimensionless_utilization,dimensionless,not_applicable,standard_core/bending_members.py,local_web_compression_utilization_eq46,implemented,normal_boundary_unit_sign_and_domain_tests_passed,implementation_self_check_passed_no_standard_worked_example,"Stage N4 current-SP16 remediation: equation (61) reverified against current 8.2.8; formula uses alpha_f*r, not legacy c_xf*r. Frozen first API parameter retained but ignored. Linked applicability gates remain explicit."
SP16-EQ-047,СП 16.13330.2017 «Стальные конструкции»,8.2.2,,28,47,bending member strength,normative calculation expression,Local web compressive stress from force distribution length.,concentrated_force_n; effective_load_length_mm; web_thickness_mm,local_stress_n_mm2,N/mm2,not_applicable,standard_core/bending_members.py,local_web_compression_stress_eq47,implemented,normal_boundary_unit_sign_and_domain_tests_passed,implementation_self_check_passed_no_standard_worked_example,"Stage N4 current-SP16 remediation: equation (61) reverified against current 8.2.8; formula uses alpha_f*r, not legacy c_xf*r. Frozen first API parameter retained but ignored. Linked applicability gates remain explicit."
SP16-EQ-048,СП 16.13330.2017 «Стальные конструкции»,8.2.2,,28,48,bending member strength,normative calculation expression,Effective concentrated-load distribution length for Figure 6 cases a and b.,bearing_width_mm; flange_and_weld_or_fillet_height_mm,effective_length_mm,mm,not_applicable,standard_core/bending_members.py,effective_load_length_eq48,implemented,normal_boundary_unit_sign_and_domain_tests_passed,implementation_self_check_passed_no_standard_worked_example,"Stage N4 current-SP16 remediation: equation (61) reverified against current 8.2.8; formula uses alpha_f*r, not legacy c_xf*r. Frozen first API parameter retained but ignored. Linked applicability gates remain explicit."
SP16-EQ-049,СП 16.13330.2017 «Стальные конструкции»,8.2.2,,28,49,bending member strength,normative calculation expression,Effective concentrated-load distribution length for the crane-wheel case in Figure 6 c.,distribution_coefficient_psi; flange_and_rail_inertia_mm4; web_thickness_mm,effective_length_mm,mm,not_applicable,standard_core/bending_members.py,effective_load_length_crane_eq49,implemented,normal_boundary_unit_sign_and_domain_tests_passed,implementation_self_check_passed_no_standard_worked_example,"Stage N4 current-SP16 remediation: equation (61) reverified against current 8.2.8; formula uses alpha_f*r, not legacy c_xf*r. Frozen first API parameter retained but ignored. Linked applicability gates remain explicit."
SP16-EQ-050,СП 16.13330.2017 «Стальные конструкции»,8.2.3,,29,50,bending member strength,normative calculation expression,Class-2/3 major-axis plastic bending strength utilization.,moment_x_n_mm; coefficient_c_x; shear_reduction_beta; minimum_net_section_modulus_x_mm3; design_yield_resistance_n_mm2; working_condition_factor,dimensionless_utilization,dimensionless,not_applicable,standard_core/bending_members.py,plastic_bending_utilization_eq50,implemented,normal_boundary_unit_sign_and_domain_tests_passed,implementation_self_check_passed_no_standard_worked_example,"Stage N4 current-SP16 remediation: equation (61) reverified against current 8.2.8; formula uses alpha_f*r, not legacy c_xf*r. Frozen first API parameter retained but ignored. Linked applicability gates remain explicit."
SP16-EQ-051,СП 16.13330.2017 «Стальные конструкции»,8.2.3,,29,51,bending member strength,normative calculation expression,Class-2/3 biaxial plastic bending strength utilization.,moment_x_n_mm; moment_y_n_mm; coefficient_c_x; coefficient_c_y; shear_reduction_beta; minimum_net_section_modulus_x_mm3; minimum_net_section_modulus_y_mm3; design_yield_resistance_n_mm2; working_condition_factor,dimensionless_utilization,dimensionless,not_applicable,standard_core/bending_members.py,plastic_biaxial_bending_utilization_eq51,implemented,normal_boundary_unit_sign_and_domain_tests_passed,implementation_self_check_passed_no_standard_worked_example,"Stage N4 current-SP16 remediation: equation (61) reverified against current 8.2.8; formula uses alpha_f*r, not legacy c_xf*r. Frozen first API parameter retained but ignored. Linked applicability gates remain explicit."
SP16-EQ-052,СП 16.13330.2017 «Стальные конструкции»,8.2.3,,29,52,bending member strength,normative calculation expression,Shear-dependent plastic resistance reduction factor beta.,shear_stress_x_n_mm2; design_shear_resistance_n_mm2; flange_to_web_area_ratio,dimensionless_factor,dimensionless,not_applicable,standard_core/bending_members.py,plastic_shear_reduction_factor_eq52,implemented,normal_boundary_unit_sign_and_domain_tests_passed,implementation_self_check_passed_no_standard_worked_example,"Stage N4 current-SP16 remediation: equation (61) reverified against current 8.2.8; formula uses alpha_f*r, not legacy c_xf*r. Frozen first API parameter retained but ignored. Linked applicability gates remain explicit."
SP16-EQ-053,СП 16.13330.2017 «Стальные конструкции»,8.2.3,,30,53,bending member strength,normative calculation expression,Constrained-torsion strength utilization for a symmetric I-section.,moment_x_n_mm; bimoment_n_mm2; coefficient_c_x; shear_reduction_beta; minimum_net_section_modulus_x_mm3; coefficient_c_omega; minimum_net_sectorial_section_modulus_mm4; design_yield_resistance_n_mm2; working_condition_factor,dimensionless_utilization,dimensionless,not_applicable,standard_core/bending_members.py,constrained_torsion_utilization_eq53,implemented,normal_boundary_unit_sign_and_domain_tests_passed,implementation_self_check_passed_no_standard_worked_example,"Stage N4 current-SP16 remediation: equation (61) reverified against current 8.2.8; formula uses alpha_f*r, not legacy c_xf*r. Frozen first API parameter retained but ignored. Linked applicability gates remain explicit."
SP16-EQ-054,СП 16.13330.2017 «Стальные конструкции»,8.2.3,,30,54,bending member strength,normative calculation expression,Support-section web shear utilization in the x direction.,shear_force_x_n; web_area_mm2; design_shear_resistance_n_mm2; working_condition_factor,dimensionless_utilization,dimensionless,not_applicable,standard_core/bending_members.py,support_shear_x_utilization_eq54,implemented,normal_boundary_unit_sign_and_domain_tests_passed,implementation_self_check_passed_no_standard_worked_example,"Stage N4 current-SP16 remediation: equation (61) reverified against current 8.2.8; formula uses alpha_f*r, not legacy c_xf*r. Frozen first API parameter retained but ignored. Linked applicability gates remain explicit."
SP16-EQ-055,СП 16.13330.2017 «Стальные конструкции»,8.2.3,,30,55,bending member strength,normative calculation expression,Support-section flange shear utilization in the y direction.,shear_force_y_n; one_flange_area_mm2; design_shear_resistance_n_mm2; working_condition_factor,dimensionless_utilization,dimensionless,not_applicable,standard_core/bending_members.py,support_shear_y_utilization_eq55,implemented,normal_boundary_unit_sign_and_domain_tests_passed,implementation_self_check_passed_no_standard_worked_example,"Stage N4 current-SP16 remediation: equation (61) reverified against current 8.2.8; formula uses alpha_f*r, not legacy c_xf*r. Frozen first API parameter retained but ignored. Linked applicability gates remain explicit."
SP16-EQ-056,СП 16.13330.2017 «Стальные конструкции»,8.2.5,,30,56,bending member strength,normative calculation expression,Redistributed design moment from elastic and effective moments.,maximum_elastic_moment_n_mm; effective_moment_n_mm,design_moment_n_mm,N*mm,not_applicable,standard_core/bending_members.py,redistributed_design_moment_eq56,implemented,normal_boundary_unit_sign_and_domain_tests_passed,implementation_self_check_passed_no_standard_worked_example,"Stage N4 current-SP16 remediation: equation (61) reverified against current 8.2.8; formula uses alpha_f*r, not legacy c_xf*r. Frozen first API parameter retained but ignored. Linked applicability gates remain explicit."
SP16-EQ-057,СП 16.13330.2017 «Стальные конструкции»,8.2.5,,31,57,bending member strength,normative calculation expression,Effective moment for an end span with a hinged end support.,end_span_simple_beam_moments_n_mm; distances_to_end_support_mm; end_span_length_mm,design_moment_n_mm,N*mm,not_applicable,standard_core/bending_members.py,effective_moment_hinged_end_eq57,implemented,normal_boundary_unit_sign_and_domain_tests_passed,implementation_self_check_passed_no_standard_worked_example,"Stage N4 current-SP16 remediation: equation (61) reverified against current 8.2.8; formula uses alpha_f*r, not legacy c_xf*r. Frozen first API parameter retained but ignored. Linked applicability gates remain explicit."
SP16-EQ-058,СП 16.13330.2017 «Стальные конструкции»,8.2.5,,31,58,bending member strength,normative calculation expression,Effective moment for an intermediate span.,maximum_intermediate_simple_beam_moment_n_mm,design_moment_n_mm,N*mm,not_applicable,standard_core/bending_members.py,effective_moment_intermediate_span_eq58,implemented,normal_boundary_unit_sign_and_domain_tests_passed,implementation_self_check_passed_no_standard_worked_example,"Stage N4 current-SP16 remediation: equation (61) reverified against current 8.2.8; formula uses alpha_f*r, not legacy c_xf*r. Frozen first API parameter retained but ignored. Linked applicability gates remain explicit."
SP16-EQ-059,СП 16.13330.2017 «Стальные конструкции»,8.2.8,,31,59,bending member strength,normative calculation expression,Bimetal major-axis bending strength utilization.,moment_x_n_mm; coefficient_c_xr; shear_reduction_beta_r; net_section_modulus_x_mm3; web_design_yield_resistance_n_mm2; working_condition_factor,dimensionless_utilization,dimensionless,not_applicable,standard_core/bending_members.py,bimetal_bending_utilization_eq59,implemented,normal_boundary_unit_sign_and_domain_tests_passed,implementation_self_check_passed_no_standard_worked_example,"Stage N4 current-SP16 remediation: equation (61) reverified against current 8.2.8; formula uses alpha_f*r, not legacy c_xf*r. Frozen first API parameter retained but ignored. Linked applicability gates remain explicit."
SP16-EQ-060,СП 16.13330.2017 «Стальные конструкции»,8.2.8,,32,60,bending member strength,normative calculation expression,Bimetal biaxial bending strength utilization.,moment_x_n_mm; moment_y_n_mm; coefficient_c_xr; coefficient_c_yr; shear_reduction_beta_r; net_section_modulus_x_mm3; net_section_modulus_y_mm3; web_design_yield_resistance_n_mm2; flange_design_yield_resistance_n_mm2; working_condition_factor,dimensionless_utilization,dimensionless,not_applicable,standard_core/bending_members.py,bimetal_biaxial_bending_utilization_eq60,implemented,normal_boundary_unit_sign_and_domain_tests_passed,implementation_self_check_passed_no_standard_worked_example,"Stage N4 current-SP16 remediation: equation (61) reverified against current 8.2.8; formula uses alpha_f*r, not legacy c_xf*r. Frozen first API parameter retained but ignored. Linked applicability gates remain explicit."
SP16-EQ-061,СП 16.13330.2017 «Стальные конструкции»,8.2.8,,32,61,bending member strength,normative calculation expression,Bimetal major-axis coefficient c_xr.,legacy_flange_reference_coefficient_c_xf_ignored; flange_to_web_area_ratio; flange_to_web_yield_resistance_ratio,dimensionless_factor,dimensionless,not_applicable,standard_core/bending_members.py,bimetal_major_axis_coefficient_eq61,implemented,normal_boundary_unit_sign_and_domain_tests_passed,implementation_self_check_passed_no_standard_worked_example,"Stage N4 current-SP16 remediation: equation (61) reverified against current 8.2.8; formula uses alpha_f*r, not legacy c_xf*r. Frozen first API parameter retained but ignored. Linked applicability gates remain explicit."
SP16-EQ-062,СП 16.13330.2017 «Стальные конструкции»,8.2.8,,32,62,bending member strength,normative calculation expression,Bimetal shear-dependent reduction factor beta_r.,shear_stress_x_n_mm2; web_design_shear_resistance_n_mm2; flange_to_web_area_ratio; flange_to_web_yield_resistance_ratio,dimensionless_factor,dimensionless,not_applicable,standard_core/bending_members.py,bimetal_shear_reduction_factor_eq62,implemented,normal_boundary_unit_sign_and_domain_tests_passed,implementation_self_check_passed_no_standard_worked_example,"Stage N4 current-SP16 remediation: equation (61) reverified against current 8.2.8; formula uses alpha_f*r, not legacy c_xf*r. Frozen first API parameter retained but ignored. Linked applicability gates remain explicit."
SP16-EQ-063,СП 16.13330.2017 «Стальные конструкции»,8.3.3,,32,63,members in bending,normative calculation expression,Crane-runway web equivalent-stress interaction.,see structured public API docstring,crane_runway_equivalent_stress_utilization_eq63,"explicit N, mm, N/mm2, or dimensionless per function name",not_applicable,standard_core/crane_runway_and_bending_stability.py,crane_runway_equivalent_stress_utilization_eq63,implemented,normal_boundary_unit_sign_tested,implementation_self_check_passed_no_standard_worked_example,Visually verified against supplied PDF pages 32; implemented in v0.7.
SP16-EQ-064,СП 16.13330.2017 «Стальные конструкции»,8.3.3,,32,64,members in bending,normative calculation expression,Crane-runway web longitudinal normal-stress check.,see structured public API docstring,crane_runway_longitudinal_normal_utilization_eq64,"explicit N, mm, N/mm2, or dimensionless per function name",not_applicable,standard_core/crane_runway_and_bending_stability.py,crane_runway_longitudinal_normal_utilization_eq64,implemented,normal_boundary_unit_sign_tested,implementation_self_check_passed_no_standard_worked_example,Visually verified against supplied PDF pages 32; implemented in v0.7.
SP16-EQ-065,СП 16.13330.2017 «Стальные конструкции»,8.3.3,,32,65,members in bending,normative calculation expression,Crane-runway web transverse local normal-stress check.,see structured public API docstring,crane_runway_transverse_normal_utilization_eq65,"explicit N, mm, N/mm2, or dimensionless per function name",not_applicable,standard_core/crane_runway_and_bending_stability.py,crane_runway_transverse_normal_utilization_eq65,implemented,normal_boundary_unit_sign_tested,implementation_self_check_passed_no_standard_worked_example,Visually verified against supplied PDF pages 32; implemented in v0.7.
SP16-EQ-066,СП 16.13330.2017 «Стальные конструкции»,8.3.3,,32,66,members in bending,normative calculation expression,Crane-runway web combined shear-stress check.,see structured public API docstring,crane_runway_shear_utilization_eq66,"explicit N, mm, N/mm2, or dimensionless per function name",not_applicable,standard_core/crane_runway_and_bending_stability.py,crane_runway_shear_utilization_eq66,implemented,normal_boundary_unit_sign_tested,implementation_self_check_passed_no_standard_worked_example,Visually verified against supplied PDF pages 32; implemented in v0.7.
SP16-EQ-067,СП 16.13330.2017 «Стальные конструкции»,8.3.3,,33,67,members in bending,normative calculation expression,Crane-runway web stress-component definitions.,see structured public API docstring,crane_runway_stress_components_eq67,"explicit N, mm, N/mm2, or dimensionless per function name",not_applicable,standard_core/crane_runway_and_bending_stability.py,crane_runway_stress_components_eq67,implemented,normal_boundary_unit_sign_tested,implementation_self_check_passed_no_standard_worked_example,Visually verified against supplied PDF pages 33; implemented in v0.7.
SP16-EQ-068,СП 16.13330.2017 «Стальные конструкции»,8.3.3,,33,68,members in bending,normative calculation expression,Local torsional moment from wheel eccentricity and transverse load.,see structured public API docstring,crane_runway_local_torsional_moment_eq68,"explicit N, mm, N/mm2, or dimensionless per function name",not_applicable,standard_core/crane_runway_and_bending_stability.py,crane_runway_local_torsional_moment_eq68,implemented,normal_boundary_unit_sign_tested,implementation_self_check_passed_no_standard_worked_example,Visually verified against supplied PDF pages 33; implemented in v0.7.
SP16-EQ-069,СП 16.13330.2017 «Стальные конструкции»,8.4.1,,34,69,members in bending,normative calculation expression,Lateral-torsional stability under one-plane bending.,see structured public API docstring,lateral_torsional_stability_utilization_eq69,"explicit N, mm, N/mm2, or dimensionless per function name",not_applicable,standard_core/crane_runway_and_bending_stability.py,lateral_torsional_stability_utilization_eq69,implemented,normal_boundary_unit_sign_tested,implementation_self_check_passed_no_standard_worked_example,Visually verified against supplied PDF pages 34; implemented in v0.7.
SP16-EQ-070,СП 16.13330.2017 «Стальные конструкции»,8.4.1,,34,70,members in bending,normative calculation expression,Combined lateral-torsional stability with biaxial bending and bimoment.,see structured public API docstring,lateral_torsional_combined_utilization_eq70,"explicit N, mm, N/mm2, or dimensionless per function name",not_applicable,standard_core/crane_runway_and_bending_stability.py,lateral_torsional_combined_utilization_eq70,implemented,normal_boundary_unit_sign_tested,implementation_self_check_passed_no_standard_worked_example,Visually verified against supplied PDF pages 34; implemented in v0.7.
SP16-EQ-071,СП 16.13330.2017 «Стальные конструкции»,8.4.4,,35,71,members in bending,normative calculation expression,Table 11 limiting flange slenderness for upper-flange loading.,see structured public API docstring,table_11_limit_eq71,"explicit N, mm, N/mm2, or dimensionless per function name",not_applicable,standard_core/crane_runway_and_bending_stability.py,table_11_limit_eq71,implemented,normal_boundary_unit_sign_tested,implementation_self_check_passed_no_standard_worked_example,Visually verified against supplied PDF pages 35; implemented in v0.7.
SP16-EQ-072,СП 16.13330.2017 «Стальные конструкции»,8.4.4,,35,72,members in bending,normative calculation expression,Table 11 limiting flange slenderness for lower-flange loading.,see structured public API docstring,table_11_limit_eq72,"explicit N, mm, N/mm2, or dimensionless per function name",not_applicable,standard_core/crane_runway_and_bending_stability.py,table_11_limit_eq72,implemented,normal_boundary_unit_sign_tested,implementation_self_check_passed_no_standard_worked_example,Visually verified against supplied PDF pages 35; implemented in v0.7.
SP16-EQ-073,СП 16.13330.2017 «Стальные конструкции»,8.4.4,,35,73,members in bending,normative calculation expression,Table 11 limiting flange slenderness between braces or under pure bending.,see structured public API docstring,table_11_limit_eq73,"explicit N, mm, N/mm2, or dimensionless per function name",not_applicable,standard_core/crane_runway_and_bending_stability.py,table_11_limit_eq73,implemented,normal_boundary_unit_sign_tested,implementation_self_check_passed_no_standard_worked_example,Visually verified against supplied PDF pages 35; implemented in v0.7.
SP16-EQ-074,СП 16.13330.2017 «Стальные конструкции»,8.4.5,,35,74,members in bending,normative calculation expression,Equivalent compressed-flange axial force for restraint design.,see structured public API docstring,compressed_flange_equivalent_force_eq74,"explicit N, mm, N/mm2, or dimensionless per function name",not_applicable,standard_core/crane_runway_and_bending_stability.py,compressed_flange_equivalent_force_eq74,implemented,normal_boundary_unit_sign_tested,implementation_self_check_passed_no_standard_worked_example,Visually verified against supplied PDF pages 35; implemented in v0.7.
SP16-EQ-075,СП 16.13330.2017 «Стальные конструкции»,8.4.5,,36,75,members in bending,normative calculation expression,Continuous-restraint fictitious force per unit length.,see structured public API docstring,continuous_bracing_force_per_length_eq75,"explicit N, mm, N/mm2, or dimensionless per function name",not_applicable,standard_core/crane_runway_and_bending_stability.py,continuous_bracing_force_per_length_eq75,implemented,normal_boundary_unit_sign_tested,implementation_self_check_passed_no_standard_worked_example,Visually verified against supplied PDF pages 36; implemented in v0.7.
SP16-EQ-076,СП 16.13330.2017 «Стальные конструкции»,8.4.6,,36,76,members in bending,normative calculation expression,Class-2/3 Table 11 reduction multiplier.,see structured public API docstring,class_2_3_stability_reduction_eq76,"explicit N, mm, N/mm2, or dimensionless per function name",not_applicable,standard_core/crane_runway_and_bending_stability.py,class_2_3_stability_reduction_eq76,implemented,normal_boundary_unit_sign_tested,implementation_self_check_passed_no_standard_worked_example,Visually verified against supplied PDF pages 36; implemented in v0.7.
SP16-EQ-077,СП 16.13330.2017 «Стальные конструкции»,8.4.6,,36,77,members in bending,normative calculation expression,Class-2/3 coefficient c1x from moment and shear-reduced plastic coefficient.,see structured public API docstring,class_2_3_coefficient_eq77,"explicit N, mm, N/mm2, or dimensionless per function name",not_applicable,standard_core/crane_runway_and_bending_stability.py,class_2_3_coefficient_eq77,implemented,normal_boundary_unit_sign_tested,implementation_self_check_passed_no_standard_worked_example,Visually verified against supplied PDF pages 36; implemented in v0.7.
SP16-EQ-078,СП 16.13330.2017 «Стальные конструкции»,8.5.2,,37,78,members in bending,normative calculation expression,Implemented scalar calculation for equation (78) in clauses 8.5.2-8.5.19; visually verified against the supplied PDF.,explicit unit-suffixed engineering inputs; see structured function docstring,"stress, coefficient, slenderness, height, or utilization as defined by the equation","N, mm, N/mm2, and dimensionless as identified in function arguments",not_applicable,standard_core/bending_member_local_stability.py,bending_normal_stress_eq78,implemented,tests/test_bending_member_local_stability.py,implementation_self_check_BLS-EQ-078,Formula transcription was visually checked on PDF pages 37-47. No normative worked example was present; validation is arithmetic and table-consistency checking.
SP16-EQ-079,СП 16.13330.2017 «Стальные конструкции»,8.5.2,,37,79,members in bending,normative calculation expression,Implemented scalar calculation for equation (79) in clauses 8.5.2-8.5.19; visually verified against the supplied PDF.,explicit unit-suffixed engineering inputs; see structured function docstring,"stress, coefficient, slenderness, height, or utilization as defined by the equation","N, mm, N/mm2, and dimensionless as identified in function arguments",not_applicable,standard_core/bending_member_local_stability.py,average_web_shear_stress_eq79,implemented,tests/test_bending_member_local_stability.py,implementation_self_check_BLS-EQ-079,Formula transcription was visually checked on PDF pages 37-47. No normative worked example was present; validation is arithmetic and table-consistency checking.
SP16-EQ-080,СП 16.13330.2017 «Стальные конструкции»,8.5.3,,37,80,members in bending,normative calculation expression,Implemented scalar calculation for equation (80) in clauses 8.5.2-8.5.19; visually verified against the supplied PDF.,explicit unit-suffixed engineering inputs; see structured function docstring,"stress, coefficient, slenderness, height, or utilization as defined by the equation","N, mm, N/mm2, and dimensionless as identified in function arguments",not_applicable,standard_core/bending_member_local_stability.py,symmetric_web_buckling_utilization_eq80,implemented,tests/test_bending_member_local_stability.py,implementation_self_check_BLS-EQ-080,Formula transcription was visually checked on PDF pages 37-47. No normative worked example was present; validation is arithmetic and table-consistency checking.
SP16-EQ-081,СП 16.13330.2017 «Стальные конструкции»,8.5.3,,37,81,members in bending,normative calculation expression,Implemented scalar calculation for equation (81) in clauses 8.5.2-8.5.19; visually verified against the supplied PDF.,explicit unit-suffixed engineering inputs; see structured function docstring,"stress, coefficient, slenderness, height, or utilization as defined by the equation","N, mm, N/mm2, and dimensionless as identified in function arguments",not_applicable,standard_core/bending_member_local_stability.py,critical_normal_web_stress_eq81,implemented,tests/test_bending_member_local_stability.py,implementation_self_check_BLS-EQ-081,Formula transcription was visually checked on PDF pages 37-47. No normative worked example was present; validation is arithmetic and table-consistency checking.
SP16-EQ-082,СП 16.13330.2017 «Стальные конструкции»,8.5.3,,37,82,members in bending,normative calculation expression,Implemented scalar calculation for equation (82) in clauses 8.5.2-8.5.19; visually verified against the supplied PDF.,explicit unit-suffixed engineering inputs; see structured function docstring,"stress, coefficient, slenderness, height, or utilization as defined by the equation","N, mm, N/mm2, and dimensionless as identified in function arguments",not_applicable,standard_core/bending_member_local_stability.py,critical_local_web_stress_eq82,implemented,tests/test_bending_member_local_stability.py,implementation_self_check_BLS-EQ-082,Formula transcription was visually checked on PDF pages 37-47. No normative worked example was present; validation is arithmetic and table-consistency checking.
SP16-EQ-083,СП 16.13330.2017 «Стальные конструкции»,8.5.3,,38,83,members in bending,normative calculation expression,Implemented scalar calculation for equation (83) in clauses 8.5.2-8.5.19; visually verified against the supplied PDF.,explicit unit-suffixed engineering inputs; see structured function docstring,"stress, coefficient, slenderness, height, or utilization as defined by the equation","N, mm, N/mm2, and dimensionless as identified in function arguments",not_applicable,standard_core/bending_member_local_stability.py,critical_web_shear_stress_eq83,implemented,tests/test_bending_member_local_stability.py,implementation_self_check_BLS-EQ-083,Formula transcription was visually checked on PDF pages 37-47. No normative worked example was present; validation is arithmetic and table-consistency checking.
SP16-EQ-084,СП 16.13330.2017 «Стальные конструкции»,8.5.4,,38,84,members in bending,normative calculation expression,Implemented scalar calculation for equation (84) in clauses 8.5.2-8.5.19; visually verified against the supplied PDF.,explicit unit-suffixed engineering inputs; see structured function docstring,"stress, coefficient, slenderness, height, or utilization as defined by the equation","N, mm, N/mm2, and dimensionless as identified in function arguments",not_applicable,standard_core/bending_member_local_stability.py,flange_restraint_parameter_eq84,implemented,tests/test_bending_member_local_stability.py,implementation_self_check_BLS-EQ-084,Formula transcription was visually checked on PDF pages 37-47. No normative worked example was present; validation is arithmetic and table-consistency checking.
SP16-EQ-085,СП 16.13330.2017 «Стальные конструкции»,8.5.7,,40,85,members in bending,normative calculation expression,Implemented scalar calculation for equation (85) in clauses 8.5.2-8.5.19; visually verified against the supplied PDF.,explicit unit-suffixed engineering inputs; see structured function docstring,"stress, coefficient, slenderness, height, or utilization as defined by the equation","N, mm, N/mm2, and dimensionless as identified in function arguments",not_applicable,standard_core/bending_member_local_stability.py,asymmetric_tension_flange_web_utilization_eq85,implemented,tests/test_bending_member_local_stability.py,implementation_self_check_BLS-EQ-085,Formula transcription was visually checked on PDF pages 37-47. No normative worked example was present; validation is arithmetic and table-consistency checking.
SP16-EQ-086,СП 16.13330.2017 «Стальные конструкции»,8.5.8,,41,86,members in bending,normative calculation expression,Implemented scalar calculation for equation (86) in clauses 8.5.2-8.5.19; visually verified against the supplied PDF.,explicit unit-suffixed engineering inputs; see structured function docstring,"stress, coefficient, slenderness, height, or utilization as defined by the equation","N, mm, N/mm2, and dimensionless as identified in function arguments",not_applicable,standard_core/bending_member_local_stability.py,class_2_3_symmetric_web_utilization_eq86,implemented,tests/test_bending_member_local_stability.py,implementation_self_check_BLS-EQ-086,Formula transcription was visually checked on PDF pages 37-47. No normative worked example was present; validation is arithmetic and table-consistency checking.
SP16-EQ-087,СП 16.13330.2017 «Стальные конструкции»,8.5.8,,41,87,members in bending,normative calculation expression,Implemented scalar calculation for equation (87) in clauses 8.5.2-8.5.19; visually verified against the supplied PDF.,explicit unit-suffixed engineering inputs; see structured function docstring,"stress, coefficient, slenderness, height, or utilization as defined by the equation","N, mm, N/mm2, and dimensionless as identified in function arguments",not_applicable,standard_core/bending_member_local_stability.py,class_2_3_asymmetric_web_utilization_eq87,implemented,tests/test_bending_member_local_stability.py,implementation_self_check_BLS-EQ-087,Formula transcription was visually checked on PDF pages 37-47. No normative worked example was present; validation is arithmetic and table-consistency checking.
SP16-EQ-088,СП 16.13330.2017 «Стальные конструкции»,8.5.8,,41,88,members in bending,normative calculation expression,Implemented scalar calculation for equation (88) in clauses 8.5.2-8.5.19; visually verified against the supplied PDF.,explicit unit-suffixed engineering inputs; see structured function docstring,"stress, coefficient, slenderness, height, or utilization as defined by the equation","N, mm, N/mm2, and dimensionless as identified in function arguments",not_applicable,standard_core/bending_member_local_stability.py,compressed_web_zone_height_eq88,implemented,tests/test_bending_member_local_stability.py,implementation_self_check_BLS-EQ-088,Formula transcription was visually checked on PDF pages 37-47. No normative worked example was present; validation is arithmetic and table-consistency checking.
SP16-EQ-089,СП 16.13330.2017 «Стальные конструкции»,8.5.12,,43,89,members in bending,normative calculation expression,Implemented scalar calculation for equation (89) in clauses 8.5.2-8.5.19; visually verified against the supplied PDF.,explicit unit-suffixed engineering inputs; see structured function docstring,"stress, coefficient, slenderness, height, or utilization as defined by the equation","N, mm, N/mm2, and dimensionless as identified in function arguments",not_applicable,standard_core/bending_member_local_stability.py,upper_plate_utilization_eq89,implemented,tests/test_bending_member_local_stability.py,implementation_self_check_BLS-EQ-089,Formula transcription was visually checked on PDF pages 37-47. No normative worked example was present; validation is arithmetic and table-consistency checking.
SP16-EQ-090,СП 16.13330.2017 «Стальные конструкции»,8.5.12,,43,90,members in bending,normative calculation expression,Implemented scalar calculation for equation (90) in clauses 8.5.2-8.5.19; visually verified against the supplied PDF.,explicit unit-suffixed engineering inputs; see structured function docstring,"stress, coefficient, slenderness, height, or utilization as defined by the equation","N, mm, N/mm2, and dimensionless as identified in function arguments",not_applicable,standard_core/bending_member_local_stability.py,upper_plate_critical_normal_no_local_eq90,implemented,tests/test_bending_member_local_stability.py,implementation_self_check_BLS-EQ-090,Formula transcription was visually checked on PDF pages 37-47. No normative worked example was present; validation is arithmetic and table-consistency checking.
SP16-EQ-091,СП 16.13330.2017 «Стальные конструкции»,8.5.12,,43,91,members in bending,normative calculation expression,Implemented scalar calculation for equation (91) in clauses 8.5.2-8.5.19; visually verified against the supplied PDF.,explicit unit-suffixed engineering inputs; see structured function docstring,"stress, coefficient, slenderness, height, or utilization as defined by the equation","N, mm, N/mm2, and dimensionless as identified in function arguments",not_applicable,standard_core/bending_member_local_stability.py,upper_plate_critical_normal_with_local_eq91,implemented,tests/test_bending_member_local_stability.py,implementation_self_check_BLS-EQ-091,Formula transcription was visually checked on PDF pages 37-47. No normative worked example was present; validation is arithmetic and table-consistency checking.
SP16-EQ-092,СП 16.13330.2017 «Стальные конструкции»,8.5.12,,43,92,members in bending,normative calculation expression,Implemented scalar calculation for equation (92) in clauses 8.5.2-8.5.19; visually verified against the supplied PDF.,explicit unit-suffixed engineering inputs; see structured function docstring,"stress, coefficient, slenderness, height, or utilization as defined by the equation","N, mm, N/mm2, and dimensionless as identified in function arguments",not_applicable,standard_core/bending_member_local_stability.py,upper_plate_critical_local_eq92,implemented,tests/test_bending_member_local_stability.py,implementation_self_check_BLS-EQ-092,Formula transcription was visually checked on PDF pages 37-47. No normative worked example was present; validation is arithmetic and table-consistency checking.
SP16-EQ-093,СП 16.13330.2017 «Стальные конструкции»,8.5.12,,43,93,members in bending,normative calculation expression,Implemented scalar calculation for equation (93) in clauses 8.5.2-8.5.19; visually verified against the supplied PDF.,explicit unit-suffixed engineering inputs; see structured function docstring,"stress, coefficient, slenderness, height, or utilization as defined by the equation","N, mm, N/mm2, and dimensionless as identified in function arguments",not_applicable,standard_core/bending_member_local_stability.py,upper_plate_psi_and_slenderness_eq93,implemented,tests/test_bending_member_local_stability.py,implementation_self_check_BLS-EQ-093,Formula transcription was visually checked on PDF pages 37-47. No normative worked example was present; validation is arithmetic and table-consistency checking.
SP16-EQ-094,СП 16.13330.2017 «Стальные конструкции»,8.5.12,,44,94,members in bending,normative calculation expression,Implemented scalar calculation for equation (94) in clauses 8.5.2-8.5.19; visually verified against the supplied PDF.,explicit unit-suffixed engineering inputs; see structured function docstring,"stress, coefficient, slenderness, height, or utilization as defined by the equation","N, mm, N/mm2, and dimensionless as identified in function arguments",not_applicable,standard_core/bending_member_local_stability.py,lower_plate_utilization_eq94,implemented,tests/test_bending_member_local_stability.py,implementation_self_check_BLS-EQ-094,Formula transcription was visually checked on PDF pages 37-47. No normative worked example was present; validation is arithmetic and table-consistency checking.
SP16-EQ-095,СП 16.13330.2017 «Стальные конструкции»,8.5.12,,44,95,members in bending,normative calculation expression,Implemented scalar calculation for equation (95) in clauses 8.5.2-8.5.19; visually verified against the supplied PDF.,explicit unit-suffixed engineering inputs; see structured function docstring,"stress, coefficient, slenderness, height, or utilization as defined by the equation","N, mm, N/mm2, and dimensionless as identified in function arguments",not_applicable,standard_core/bending_member_local_stability.py,lower_plate_critical_normal_eq95,implemented,tests/test_bending_member_local_stability.py,implementation_self_check_BLS-EQ-095,Formula transcription was visually checked on PDF pages 37-47. No normative worked example was present; validation is arithmetic and table-consistency checking.
SP16-EQ-096,СП 16.13330.2017 «Стальные конструкции»,8.5.12,,44,96,members in bending,normative calculation expression,Implemented scalar calculation for equation (96) in clauses 8.5.2-8.5.19; visually verified against the supplied PDF.,explicit unit-suffixed engineering inputs; see structured function docstring,"stress, coefficient, slenderness, height, or utilization as defined by the equation","N, mm, N/mm2, and dimensionless as identified in function arguments",not_applicable,standard_core/bending_member_local_stability.py,lower_plate_relative_slenderness_eq96,implemented,tests/test_bending_member_local_stability.py,implementation_self_check_BLS-EQ-096,Formula transcription was visually checked on PDF pages 37-47. No normative worked example was present; validation is arithmetic and table-consistency checking.
SP16-EQ-097,СП 16.13330.2017 «Стальные конструкции»,8.5.18,,46,97,members in bending,normative calculation expression,Implemented scalar calculation for equation (97) in clauses 8.5.2-8.5.19; visually verified against the supplied PDF.,explicit unit-suffixed engineering inputs; see structured function docstring,"stress, coefficient, slenderness, height, or utilization as defined by the equation","N, mm, N/mm2, and dimensionless as identified in function arguments",not_applicable,standard_core/bending_member_local_stability.py,flange_outstand_limit_eq97,implemented,tests/test_bending_member_local_stability.py,implementation_self_check_BLS-EQ-097,Formula transcription was visually checked on PDF pages 37-47. No normative worked example was present; validation is arithmetic and table-consistency checking.
SP16-EQ-098,СП 16.13330.2017 «Стальные конструкции»,8.5.18,,46,98,members in bending,normative calculation expression,Implemented scalar calculation for equation (98) in clauses 8.5.2-8.5.19; visually verified against the supplied PDF.,explicit unit-suffixed engineering inputs; see structured function docstring,"stress, coefficient, slenderness, height, or utilization as defined by the equation","N, mm, N/mm2, and dimensionless as identified in function arguments",not_applicable,standard_core/bending_member_local_stability.py,box_flange_plate_limit_eq98,implemented,tests/test_bending_member_local_stability.py,implementation_self_check_BLS-EQ-098,Formula transcription was visually checked on PDF pages 37-47. No normative worked example was present; validation is arithmetic and table-consistency checking.
SP16-EQ-099,СП 16.13330.2017 «Стальные конструкции»,8.5.19,,47,99,members in bending,normative calculation expression,Implemented scalar calculation for equation (99) in clauses 8.5.2-8.5.19; visually verified against the supplied PDF.,explicit unit-suffixed engineering inputs; see structured function docstring,"stress, coefficient, slenderness, height, or utilization as defined by the equation","N, mm, N/mm2, and dimensionless as identified in function arguments",not_applicable,standard_core/bending_member_local_stability.py,class_2_3_flange_outstand_limit_eq99,implemented,tests/test_bending_member_local_stability.py,implementation_self_check_BLS-EQ-099,Formula transcription was visually checked on PDF pages 37-47. No normative worked example was present; validation is arithmetic and table-consistency checking.
SP16-EQ-100,СП 16.13330.2017 «Стальные конструкции»,8.5.19,,47,100,members in bending,normative calculation expression,Implemented scalar calculation for equation (100) in clauses 8.5.2-8.5.19; visually verified against the supplied PDF.,explicit unit-suffixed engineering inputs; see structured function docstring,"stress, coefficient, slenderness, height, or utilization as defined by the equation","N, mm, N/mm2, and dimensionless as identified in function arguments",not_applicable,standard_core/bending_member_local_stability.py,class_2_3_box_flange_limit_eq100,implemented,tests/test_bending_member_local_stability.py,implementation_self_check_BLS-EQ-100,Formula transcription was visually checked on PDF pages 37-47. No normative worked example was present; validation is arithmetic and table-consistency checking.
SP16-EQ-101,СП 16.13330.2017 «Стальные конструкции»,8.6.2,,47,101,members in bending,normative calculation expression,Base-plate required thickness,maximum_unit_width_moment_n_mm_per_mm; design_yield_resistance_n_mm2; working_condition_factor,required_thickness_mm,N*mm/mm; N/mm2; mm,not_applicable,standard_core/base_plates_and_combined_force_strength.py,base_plate_required_thickness_eq101,implemented,passed: tests/test_base_plates_and_combined_force_strength.py,implementation_self_check_passed_no_standard_worked_example,"Formula transcribed by visual audit from supplied PDF pages 47-48; units, signs, applicability, and limitations are explicit in the public API."
SP16-EQ-102,СП 16.13330.2017 «Стальные конструкции»,8.6.2,,47,102,members in bending,normative calculation expression,Cantilever base-plate unit-width moment,foundation_pressure_n_mm2; cantilever_projection_mm,unit_width_moment_n_mm_per_mm,N/mm2; mm; N*mm/mm,not_applicable,standard_core/base_plates_and_combined_force_strength.py,base_plate_cantilever_moment_eq102,implemented,passed: tests/test_base_plates_and_combined_force_strength.py,implementation_self_check_passed_no_standard_worked_example,"Formula transcribed by visual audit from supplied PDF pages 47-48; units, signs, applicability, and limitations are explicit in the public API."
SP16-EQ-103,СП 16.13330.2017 «Стальные конструкции»,8.6.2,,47,103,members in bending,normative calculation expression,Four-side-supported base-plate moments,foundation_pressure_n_mm2; short_side_mm; alpha_1; alpha_2,two unit-width moments,N/mm2; mm; N*mm/mm,not_applicable,standard_core/base_plates_and_combined_force_strength.py,base_plate_four_side_moments_eq103,implemented,passed: tests/test_base_plates_and_combined_force_strength.py,implementation_self_check_passed_no_standard_worked_example,"Formula transcribed by visual audit from supplied PDF pages 47-48; units, signs, applicability, and limitations are explicit in the public API."
SP16-EQ-104,СП 16.13330.2017 «Стальные конструкции»,8.6.2,,47,104,members in bending,normative calculation expression,Three-side-supported base-plate moment,foundation_pressure_n_mm2; free_side_length_mm; alpha_3,unit_width_moment_n_mm_per_mm,N/mm2; mm; N*mm/mm,not_applicable,standard_core/base_plates_and_combined_force_strength.py,base_plate_three_side_moment_eq104,implemented,passed: tests/test_base_plates_and_combined_force_strength.py,implementation_self_check_passed_no_standard_worked_example,"Formula transcribed by visual audit from supplied PDF pages 47-48; units, signs, applicability, and limitations are explicit in the public API."
SP16-EQ-105,СП 16.13330.2017 «Стальные конструкции»,9.1.1,,48,105,members under axial force and bending,normative calculation expression,"Combined axial force, biaxial bending, and bimoment strength utilization","N; An; Mx; My; B; n; cx; cy; Wxn,min; Wyn,min; Womega,n,min; Ry; gamma_c",utilization,N; mm; N/mm2; dimensionless,not_applicable,standard_core/base_plates_and_combined_force_strength.py,combined_force_strength_utilization_eq105,implemented,passed: tests/test_base_plates_and_combined_force_strength.py,implementation_self_check_passed_no_standard_worked_example,"Formula transcribed by visual audit from supplied PDF pages 47-48; units, signs, applicability, and limitations are explicit in the public API."
SP16-EQ-106,СП 16.13330.2017 «Стальные конструкции»,9.1.1,,48,106,members under axial force and bending,normative calculation expression,Elastic point-stress utilization under combined force and bending,"signed N; An; signed Mx; y; Ixn; signed My; x; Iyn; signed B; omega; Iomega,n; Ry; gamma_c",utilization,N; mm; N/mm2; dimensionless,not_applicable,standard_core/base_plates_and_combined_force_strength.py,combined_force_point_utilization_eq106,implemented,passed: tests/test_base_plates_and_combined_force_strength.py,implementation_self_check_passed_no_standard_worked_example,"Formula transcribed by visual audit from supplied PDF pages 47-48; units, signs, applicability, and limitations are explicit in the public API."
SP16-EQ-107,СП 16.13330.2017 «Стальные конструкции»,9.1.3,,48,107,members under axial force and bending,normative calculation expression,High-strength asymmetric-section tension-fiber utilization,N; An; M; delta; Wtn; Ru; gamma_u; gamma_c,utilization,N; mm; N/mm2; dimensionless,not_applicable,standard_core/base_plates_and_combined_force_strength.py,high_strength_asymmetric_tension_fiber_utilization_eq107,implemented,passed: tests/test_base_plates_and_combined_force_strength.py,implementation_self_check_passed_no_standard_worked_example,"Formula transcribed by visual audit from supplied PDF pages 47-48; units, signs, applicability, and limitations are explicit in the public API."
SP16-EQ-108,СП 16.13330.2017 «Стальные конструкции»,9.1.3,,48,108,members under axial force and bending,normative calculation expression,Delta coefficient for high-strength asymmetric-section check,N; relative slenderness; A; Ry,delta,N; mm2; N/mm2; dimensionless,not_applicable,standard_core/base_plates_and_combined_force_strength.py,high_strength_asymmetric_delta_eq108,implemented,passed: tests/test_base_plates_and_combined_force_strength.py,implementation_self_check_passed_no_standard_worked_example,"Formula transcribed by visual audit from supplied PDF pages 47-48; units, signs, applicability, and limitations are explicit in the public API."
SP16-EQ-109,СП 16.13330.2017 «Стальные конструкции»,9.2.2,,48,109,members under axial force and bending,normative calculation expression,In-plane beam-column stability utilization N/(phi_e A R_y gamma_c).,explicit unit-labelled scalar inputs documented in public API,dimensionless coefficient/utilization or explicitly labelled scalar result,"N, mm, N/mm2, or dimensionless as documented",not_applicable,standard_core/beam_column_stability.py,beam_column_in_plane_utilization_eq109,implemented,passed: tests/test_beam_column_stability.py,implementation_self_check_passed,Formula visually transcribed from Section 9.2 and implemented without hidden interpolation or geometry classification.
SP16-EQ-110,СП 16.13330.2017 «Стальные конструкции»,9.2.2,,49,110,members under axial force and bending,normative calculation expression,Effective relative eccentricity m_eff=eta*m.,explicit unit-labelled scalar inputs documented in public API,dimensionless coefficient/utilization or explicitly labelled scalar result,"N, mm, N/mm2, or dimensionless as documented",not_applicable,standard_core/beam_column_stability.py,effective_relative_eccentricity_eq110,implemented,passed: tests/test_beam_column_stability.py,implementation_self_check_passed,Formula visually transcribed from Section 9.2 and implemented without hidden interpolation or geometry classification.
SP16-EQ-111,СП 16.13330.2017 «Стальные конструкции»,9.2.4,,50,111,members under axial force and bending,normative calculation expression,Out-of-plane beam-column stability utilization N/(c phi_y A R_y gamma_c).,explicit unit-labelled scalar inputs documented in public API,dimensionless coefficient/utilization or explicitly labelled scalar result,"N, mm, N/mm2, or dimensionless as documented",not_applicable,standard_core/beam_column_stability.py,beam_column_out_of_plane_utilization_eq111,implemented,passed: tests/test_beam_column_stability.py,implementation_self_check_passed,Formula visually transcribed from Section 9.2 and implemented without hidden interpolation or geometry classification.
SP16-EQ-112,СП 16.13330.2017 «Стальные конструкции»,9.2.5,,50,112,members under axial force and bending,normative calculation expression,Out-of-plane coefficient c for m_x<=5.,explicit unit-labelled scalar inputs documented in public API,dimensionless coefficient/utilization or explicitly labelled scalar result,"N, mm, N/mm2, or dimensionless as documented",not_applicable,standard_core/beam_column_stability.py,out_of_plane_coefficient_c_eq112,implemented,passed: tests/test_beam_column_stability.py,implementation_self_check_passed,Formula visually transcribed from Section 9.2 and implemented without hidden interpolation or geometry classification.
SP16-EQ-113,СП 16.13330.2017 «Стальные конструкции»,9.2.5,,50,113,members under axial force and bending,normative calculation expression,Out-of-plane coefficient c for m_x>=10.,explicit unit-labelled scalar inputs documented in public API,dimensionless coefficient/utilization or explicitly labelled scalar result,"N, mm, N/mm2, or dimensionless as documented",not_applicable,standard_core/beam_column_stability.py,out_of_plane_coefficient_c_eq113,implemented,passed: tests/test_beam_column_stability.py,implementation_self_check_passed,Formula visually transcribed from Section 9.2 and implemented without hidden interpolation or geometry classification.
SP16-EQ-114,СП 16.13330.2017 «Стальные конструкции»,9.2.5,,50,114,members under axial force and bending,normative calculation expression,Linear interpolation of c for 5<m_x<10.,explicit unit-labelled scalar inputs documented in public API,dimensionless coefficient/utilization or explicitly labelled scalar result,"N, mm, N/mm2, or dimensionless as documented",not_applicable,standard_core/beam_column_stability.py,out_of_plane_coefficient_c_eq114,implemented,passed: tests/test_beam_column_stability.py,implementation_self_check_passed,Formula visually transcribed from Section 9.2 and implemented without hidden interpolation or geometry classification.
SP16-EQ-115,СП 16.13330.2017 «Стальные конструкции»,9.2.8,,52,115,members under axial force and bending,normative calculation expression,Additional central-compression stability utilization outside the bending plane.,explicit unit-labelled scalar inputs documented in public API,dimensionless coefficient/utilization or explicitly labelled scalar result,"N, mm, N/mm2, or dimensionless as documented",not_applicable,standard_core/beam_column_stability.py,central_compression_out_of_plane_utilization_eq115,implemented,passed: tests/test_beam_column_stability.py,implementation_self_check_passed,Formula visually transcribed from Section 9.2 and implemented without hidden interpolation or geometry classification.
SP16-EQ-116,СП 16.13330.2017 «Стальные конструкции»,9.2.9,,52,116,members under axial force and bending,normative calculation expression,Biaxial beam-column stability utilization.,explicit unit-labelled scalar inputs documented in public API,dimensionless coefficient/utilization or explicitly labelled scalar result,"N, mm, N/mm2, or dimensionless as documented",not_applicable,standard_core/beam_column_stability.py,biaxial_beam_column_utilization_eq116,implemented,passed: tests/test_beam_column_stability.py,implementation_self_check_passed,Formula visually transcribed from Section 9.2 and implemented without hidden interpolation or geometry classification.
SP16-EQ-117,СП 16.13330.2017 «Стальные конструкции»,9.2.9,,52,117,members under axial force and bending,normative calculation expression,Biaxial stability coefficient phi_exy.,explicit unit-labelled scalar inputs documented in public API,dimensionless coefficient/utilization or explicitly labelled scalar result,"N, mm, N/mm2, or dimensionless as documented",not_applicable,standard_core/beam_column_stability.py,biaxial_stability_coefficient_eq117,implemented,passed: tests/test_beam_column_stability.py,implementation_self_check_passed,Formula visually transcribed from Section 9.2 and implemented without hidden interpolation or geometry classification.
SP16-EQ-118,СП 16.13330.2017 «Стальные конструкции»,9.2.9,,52,118,members under axial force and bending,normative calculation expression,Relative eccentricity m_x.,explicit unit-labelled scalar inputs documented in public API,dimensionless coefficient/utilization or explicitly labelled scalar result,"N, mm, N/mm2, or dimensionless as documented",not_applicable,standard_core/beam_column_stability.py,relative_eccentricity_x_eq118,implemented,passed: tests/test_beam_column_stability.py,implementation_self_check_passed,Formula visually transcribed from Section 9.2 and implemented without hidden interpolation or geometry classification.
SP16-EQ-119,СП 16.13330.2017 «Стальные конструкции»,9.2.9,,52,119,members under axial force and bending,normative calculation expression,Relative eccentricity m_y.,explicit unit-labelled scalar inputs documented in public API,dimensionless coefficient/utilization or explicitly labelled scalar result,"N, mm, N/mm2, or dimensionless as documented",not_applicable,standard_core/beam_column_stability.py,relative_eccentricity_y_eq119,implemented,passed: tests/test_beam_column_stability.py,implementation_self_check_passed,Formula visually transcribed from Section 9.2 and implemented without hidden interpolation or geometry classification.
SP16-EQ-120,СП 16.13330.2017 «Стальные конструкции»,9.2.10,,52,120,members under axial force and bending,normative calculation expression,Box-section major-axis interaction utilization.,explicit unit-labelled scalar inputs documented in public API,dimensionless coefficient/utilization or explicitly labelled scalar result,"N, mm, N/mm2, or dimensionless as documented",not_applicable,standard_core/beam_column_stability.py,box_major_axis_utilization_eq120,implemented,passed: tests/test_beam_column_stability.py,implementation_self_check_passed,Formula visually transcribed from Section 9.2 and implemented without hidden interpolation or geometry classification.
SP16-EQ-121,СП 16.13330.2017 «Стальные конструкции»,9.2.10,,53,121,members under axial force and bending,normative calculation expression,Box-section minor-axis interaction utilization.,explicit unit-labelled scalar inputs documented in public API,dimensionless coefficient/utilization or explicitly labelled scalar result,"N, mm, N/mm2, or dimensionless as documented",not_applicable,standard_core/beam_column_stability.py,box_minor_axis_utilization_eq121,implemented,passed: tests/test_beam_column_stability.py,implementation_self_check_passed,Formula visually transcribed from Section 9.2 and implemented without hidden interpolation or geometry classification.
SP16-EQ-122,СП 16.13330.2017 «Стальные конструкции»,9.2.10,,53,122,members under axial force and bending,normative calculation expression,Box-section delta_x or delta_y reduction coefficient.,explicit unit-labelled scalar inputs documented in public API,dimensionless coefficient/utilization or explicitly labelled scalar result,"N, mm, N/mm2, or dimensionless as documented",not_applicable,standard_core/beam_column_stability.py,box_delta_eq122,implemented,passed: tests/test_beam_column_stability.py,implementation_self_check_passed,Formula visually transcribed from Section 9.2 and implemented without hidden interpolation or geometry classification.
SP16-EQ-123,СП 16.13330.2017 «Стальные конструкции»,9.3.2,,53,123,built-up beam-columns and combined local stability,normative calculation expression,Implemented equation (123) for Sections 9.3-9.4 with visually verified formula and domain.,"explicit unit-labelled force, section, stress, and slenderness parameters",dimensionless coefficient/limit or force as named by function,"N, mm, N/mm2, or dimensionless as explicit in API",not_applicable,standard_core/built_up_beam_columns_and_combined_local_stability.py,built_up_relative_eccentricity_eq123,implemented,passed: tests/test_built_up_beam_columns_and_combined_local_stability.py,implementation_self_check_passed,Formula visually transcribed from supplied PDF pages 53-57; no unstated interpolation or default is applied.
SP16-EQ-124,СП 16.13330.2017 «Стальные конструкции»,9.3.3,,54,124,built-up beam-columns and combined local stability,normative calculation expression,Implemented equation (124) for Sections 9.3-9.4 with visually verified formula and domain.,"explicit unit-labelled force, section, stress, and slenderness parameters",dimensionless coefficient/limit or force as named by function,"N, mm, N/mm2, or dimensionless as explicit in API",not_applicable,standard_core/built_up_beam_columns_and_combined_local_stability.py,biaxial_branch_additional_force_eq124,implemented,passed: tests/test_built_up_beam_columns_and_combined_local_stability.py,implementation_self_check_passed,Formula visually transcribed from supplied PDF pages 53-57; no unstated interpolation or default is applied.
SP16-EQ-125,СП 16.13330.2017 «Стальные конструкции»,9.4.2,,55,125,built-up beam-columns and combined local stability,normative calculation expression,Implemented equation (125) for Sections 9.3-9.4 with visually verified formula and domain.,"explicit unit-labelled force, section, stress, and slenderness parameters",dimensionless coefficient/limit or force as named by function,"N, mm, N/mm2, or dimensionless as explicit in API",not_applicable,standard_core/built_up_beam_columns_and_combined_local_stability.py,web_limit_eq125,implemented,passed: tests/test_built_up_beam_columns_and_combined_local_stability.py,implementation_self_check_passed,Formula visually transcribed from supplied PDF pages 53-57; no unstated interpolation or default is applied.
SP16-EQ-126,СП 16.13330.2017 «Стальные конструкции»,9.4.2,,55,126,built-up beam-columns and combined local stability,normative calculation expression,Implemented equation (126) for Sections 9.3-9.4 with visually verified formula and domain.,"explicit unit-labelled force, section, stress, and slenderness parameters",dimensionless coefficient/limit or force as named by function,"N, mm, N/mm2, or dimensionless as explicit in API",not_applicable,standard_core/built_up_beam_columns_and_combined_local_stability.py,web_limit_eq126,implemented,passed: tests/test_built_up_beam_columns_and_combined_local_stability.py,implementation_self_check_passed,Formula visually transcribed from supplied PDF pages 53-57; no unstated interpolation or default is applied.
SP16-EQ-127,СП 16.13330.2017 «Стальные конструкции»,9.4.2,,55,127,built-up beam-columns and combined local stability,normative calculation expression,Implemented equation (127) for Sections 9.3-9.4 with visually verified formula and domain.,"explicit unit-labelled force, section, stress, and slenderness parameters",dimensionless coefficient/limit or force as named by function,"N, mm, N/mm2, or dimensionless as explicit in API",not_applicable,standard_core/built_up_beam_columns_and_combined_local_stability.py,web_limit_eq127,implemented,passed: tests/test_built_up_beam_columns_and_combined_local_stability.py,implementation_self_check_passed,Formula visually transcribed from supplied PDF pages 53-57; no unstated interpolation or default is applied.
SP16-EQ-128,СП 16.13330.2017 «Стальные конструкции»,9.4.2,,55,128,built-up beam-columns and combined local stability,normative calculation expression,Implemented equation (128) for Sections 9.3-9.4 with visually verified formula and domain.,"explicit unit-labelled force, section, stress, and slenderness parameters",dimensionless coefficient/limit or force as named by function,"N, mm, N/mm2, or dimensionless as explicit in API",not_applicable,standard_core/built_up_beam_columns_and_combined_local_stability.py,web_limit_eq128,implemented,passed: tests/test_built_up_beam_columns_and_combined_local_stability.py,implementation_self_check_passed,Formula visually transcribed from supplied PDF pages 53-57; no unstated interpolation or default is applied.
SP16-EQ-129,СП 16.13330.2017 «Стальные конструкции»,9.4.2,,55,129,built-up beam-columns and combined local stability,normative calculation expression,Implemented equation (129) for Sections 9.3-9.4 with visually verified formula and domain.,"explicit unit-labelled force, section, stress, and slenderness parameters",dimensionless coefficient/limit or force as named by function,"N, mm, N/mm2, or dimensionless as explicit in API",not_applicable,standard_core/built_up_beam_columns_and_combined_local_stability.py,web_limit_eq129,implemented,passed: tests/test_built_up_beam_columns_and_combined_local_stability.py,implementation_self_check_passed,Formula visually transcribed from supplied PDF pages 53-57; no unstated interpolation or default is applied.
SP16-EQ-130,СП 16.13330.2017 «Стальные конструкции»,9.4.2,,55,130,built-up beam-columns and combined local stability,normative calculation expression,Implemented equation (130) for Sections 9.3-9.4 with visually verified formula and domain.,"explicit unit-labelled force, section, stress, and slenderness parameters",dimensionless coefficient/limit or force as named by function,"N, mm, N/mm2, or dimensionless as explicit in API",not_applicable,standard_core/built_up_beam_columns_and_combined_local_stability.py,web_limit_eq130,implemented,passed: tests/test_built_up_beam_columns_and_combined_local_stability.py,implementation_self_check_passed,Formula visually transcribed from supplied PDF pages 53-57; no unstated interpolation or default is applied.
SP16-EQ-131,СП 16.13330.2017 «Стальные конструкции»,9.4.3,,56,131,built-up beam-columns and combined local stability,normative calculation expression,Implemented equation (131) for Sections 9.3-9.4 with visually verified formula and domain.,"explicit unit-labelled force, section, stress, and slenderness parameters",dimensionless coefficient/limit or force as named by function,"N, mm, N/mm2, or dimensionless as explicit in API",not_applicable,standard_core/built_up_beam_columns_and_combined_local_stability.py,web_limit_adjustment_eq131,implemented,passed: tests/test_built_up_beam_columns_and_combined_local_stability.py,implementation_self_check_passed,Formula visually transcribed from supplied PDF pages 53-57; no unstated interpolation or default is applied.
SP16-EQ-132,СП 16.13330.2017 «Стальные конструкции»,9.4.7,,57,132,built-up beam-columns and combined local stability,normative calculation expression,Implemented equation (132) for Sections 9.3-9.4 with visually verified formula and domain.,"explicit unit-labelled force, section, stress, and slenderness parameters",dimensionless coefficient/limit or force as named by function,"N, mm, N/mm2, or dimensionless as explicit in API",not_applicable,standard_core/built_up_beam_columns_and_combined_local_stability.py,flange_limit_eq132,implemented,passed: tests/test_built_up_beam_columns_and_combined_local_stability.py,implementation_self_check_passed,Formula visually transcribed from supplied PDF pages 53-57; no unstated interpolation or default is applied.
SP16-EQ-133,СП 16.13330.2017 «Стальные конструкции»,9.4.7,,57,133,built-up beam-columns and combined local stability,normative calculation expression,Implemented equation (133) for Sections 9.3-9.4 with visually verified formula and domain.,"explicit unit-labelled force, section, stress, and slenderness parameters",dimensionless coefficient/limit or force as named by function,"N, mm, N/mm2, or dimensionless as explicit in API",not_applicable,standard_core/built_up_beam_columns_and_combined_local_stability.py,flange_limit_eq133,implemented,passed: tests/test_built_up_beam_columns_and_combined_local_stability.py,implementation_self_check_passed,Formula visually transcribed from supplied PDF pages 53-57; no unstated interpolation or default is applied.
SP16-EQ-134,СП 16.13330.2017 «Стальные конструкции»,9.4.7,,57,134,built-up beam-columns and combined local stability,normative calculation expression,Implemented equation (134) for Sections 9.3-9.4 with visually verified formula and domain.,"explicit unit-labelled force, section, stress, and slenderness parameters",dimensionless coefficient/limit or force as named by function,"N, mm, N/mm2, or dimensionless as explicit in API",not_applicable,standard_core/built_up_beam_columns_and_combined_local_stability.py,flange_limit_eq134,implemented,passed: tests/test_built_up_beam_columns_and_combined_local_stability.py,implementation_self_check_passed,Formula visually transcribed from supplied PDF pages 53-57; no unstated interpolation or default is applied.
SP16-EQ-135,СП 16.13330.2017 «Стальные конструкции»,9.4.7,,57,135,built-up beam-columns and combined local stability,normative calculation expression,Implemented equation (135) for Sections 9.3-9.4 with visually verified formula and domain.,"explicit unit-labelled force, section, stress, and slenderness parameters",dimensionless coefficient/limit or force as named by function,"N, mm, N/mm2, or dimensionless as explicit in API",not_applicable,standard_core/built_up_beam_columns_and_combined_local_stability.py,flange_limit_eq135,implemented,passed: tests/test_built_up_beam_columns_and_combined_local_stability.py,implementation_self_check_passed,Formula visually transcribed from supplied PDF pages 53-57; no unstated interpolation or default is applied.
SP16-EQ-136,СП 16.13330.2017 «Стальные конструкции»,10.1.2,,58,136,effective lengths and limiting slenderness,normative calculation expression,Расчетное выражение (136) к п. 10.1.2: Расчетные длины сжимающими или растягивающими усилиями на участках (число участков равной длины. Детальная расшифровка символов отложена до визуального аудита,pending_symbol_level_extraction_and_visual_verification,pending_symbol_level_extraction_and_visual_verification,pending_clause_specific_unit_extraction,not_applicable_or_pending,standard_core/effective_lengths_and_limiting_slenderness.py,truss_chord_effective_length_in_plane_eq136,implemented,passed,passed,Visually transcribed from Section 10 pages 58-70; scalar formula implemented with explicit domain checks and no unstated extrapolation.
SP16-EQ-137,СП 16.13330.2017 «Стальные конструкции»,10.1.2,,59,137,effective lengths and limiting slenderness,normative calculation expression,Расчетное выражение (137) к п. 10.1.2: Расчетные длины сжимающими или растягивающими усилиями на участках (число участков равной длины. Детальная расшифровка символов отложена до визуального аудита,pending_symbol_level_extraction_and_visual_verification,pending_symbol_level_extraction_and_visual_verification,pending_clause_specific_unit_extraction,not_applicable_or_pending,standard_core/effective_lengths_and_limiting_slenderness.py,truss_chord_effective_length_out_of_plane_eq137,implemented,passed,passed,Visually transcribed from Section 10 pages 58-70; scalar formula implemented with explicit domain checks and no unstated extrapolation.
SP16-EQ-138,СП 16.13330.2017 «Стальные конструкции»,10.1.2,,60,138,effective lengths and limiting slenderness,normative calculation expression,Расчетное выражение (138) к п. 10.1.2: Расчетные длины сжимающими или растягивающими усилиями на участках (число участков равной длины. Детальная расшифровка символов отложена до визуального аудита,pending_symbol_level_extraction_and_visual_verification,pending_symbol_level_extraction_and_visual_verification,pending_clause_specific_unit_extraction,not_applicable_or_pending,standard_core/effective_lengths_and_limiting_slenderness.py,built_up_column_branch_effective_length_in_plane_eq138,implemented,passed,passed,Current Change-6 text verified; equation (138) enforces printed lower bound lef >= 0.6*l. Legacy 0.61*l transcription remediated in Stage N7.
SP16-EQ-139,СП 16.13330.2017 «Стальные конструкции»,10.1.2,,60,139,effective lengths and limiting slenderness,normative calculation expression,Расчетное выражение (139) к п. 10.1.2: Расчетные длины сжимающими или растягивающими усилиями на участках (число участков равной длины. Детальная расшифровка символов отложена до визуального аудита,pending_symbol_level_extraction_and_visual_verification,pending_symbol_level_extraction_and_visual_verification,pending_clause_specific_unit_extraction,not_applicable_or_pending,standard_core/effective_lengths_and_limiting_slenderness.py,built_up_column_branch_effective_length_out_of_plane_eq139,implemented,passed,passed,"Current Change-6 text verified; equation (139) enforces printed lower bound lef,1 >= 0.5*l1. Legacy 0.51*l1 transcription remediated in Stage N7."
SP16-EQ-140,СП 16.13330.2017 «Стальные конструкции»,10.3.1,,65,140,effective lengths and limiting slenderness,normative calculation expression,Расчетное выражение (140) к п. 10.3.1: Расчетные длины определять по формуле. Детальная расшифровка символов отложена до визуального аудита,pending_symbol_level_extraction_and_visual_verification,pending_symbol_level_extraction_and_visual_verification,pending_clause_specific_unit_extraction,not_applicable_or_pending,standard_core/effective_lengths_and_limiting_slenderness.py,column_effective_length_eq140,implemented,passed,passed,Visually transcribed from Section 10 pages 58-70; scalar formula implemented with explicit domain checks and no unstated extrapolation.
SP16-EQ-141,СП 16.13330.2017 «Стальные конструкции»,10.3.4,,66,141,effective lengths and limiting slenderness,normative calculation expression,Расчетное выражение (141) к п. 10.3.4: Коэффициенты расчетной длины m колонн постоянного сечения в плоскости свободных или несвободных рам. Детальная расшифровка символов отложена до визуального аудита,pending_symbol_level_extraction_and_visual_verification,pending_symbol_level_extraction_and_visual_verification,pending_clause_specific_unit_extraction,not_applicable_or_pending,standard_core/effective_lengths_and_limiting_slenderness.py,sway_frame_mu_eq141,implemented,passed,passed,Current execution follows official FAU FCS clarification letter No. Исх-8076 dated 10.11.2023: mu = 2*sqrt(1+0.38/n); printed typo is not executed.
SP16-EQ-142,СП 16.13330.2017 «Стальные конструкции»,10.3.4,,67,142,effective lengths and limiting slenderness,normative calculation expression,Расчетное выражение (142) к п. 10.3.4: Коэффициенты расчетной длины m колонн постоянного сечения в плоскости свободных или несвободных рам. Детальная расшифровка символов отложена до визуального аудита,pending_symbol_level_extraction_and_visual_verification,pending_symbol_level_extraction_and_visual_verification,pending_clause_specific_unit_extraction,not_applicable_or_pending,standard_core/effective_lengths_and_limiting_slenderness.py,sway_frame_mu_eq142,implemented,passed,passed,Visually transcribed from Section 10 pages 58-70; scalar formula implemented with explicit domain checks and no unstated extrapolation.
SP16-EQ-143,СП 16.13330.2017 «Стальные конструкции»,10.3.4,,67,143,effective lengths and limiting slenderness,normative calculation expression,Расчетное выражение (143) к п. 10.3.4: Коэффициенты расчетной длины m колонн постоянного сечения в плоскости свободных или несвободных рам. Детальная расшифровка символов отложена до визуального аудита,pending_symbol_level_extraction_and_visual_verification,pending_symbol_level_extraction_and_visual_verification,pending_clause_specific_unit_extraction,not_applicable_or_pending,standard_core/effective_lengths_and_limiting_slenderness.py,sway_frame_mu_eq143,implemented,passed,passed,Visually transcribed from Section 10 pages 58-70; scalar formula implemented with explicit domain checks and no unstated extrapolation.
SP16-EQ-144,СП 16.13330.2017 «Стальные конструкции»,10.3.4,,67,144,effective lengths and limiting slenderness,normative calculation expression,Расчетное выражение (144) к п. 10.3.4: Коэффициенты расчетной длины m колонн постоянного сечения в плоскости свободных или несвободных рам. Детальная расшифровка символов отложена до визуального аудита,pending_symbol_level_extraction_and_visual_verification,pending_symbol_level_extraction_and_visual_verification,pending_clause_specific_unit_extraction,not_applicable_or_pending,standard_core/effective_lengths_and_limiting_slenderness.py,sway_frame_mu_eq144,implemented,passed,passed,Visually transcribed from Section 10 pages 58-70; scalar formula implemented with explicit domain checks and no unstated extrapolation.
SP16-EQ-145,СП 16.13330.2017 «Стальные конструкции»,10.3.4,,68,145,effective lengths and limiting slenderness,normative calculation expression,Расчетное выражение (145) к п. 10.3.4: Коэффициенты расчетной длины m колонн постоянного сечения в плоскости свободных или несвободных рам. Детальная расшифровка символов отложена до визуального аудита,pending_symbol_level_extraction_and_visual_verification,pending_symbol_level_extraction_and_visual_verification,pending_clause_specific_unit_extraction,not_applicable_or_pending,standard_core/effective_lengths_and_limiting_slenderness.py,nonsway_frame_mu_eq145,implemented,passed,passed,Visually transcribed from Section 10 pages 58-70; scalar formula implemented with explicit domain checks and no unstated extrapolation.
SP16-EQ-146,СП 16.13330.2017 «Стальные конструкции»,10.3.6,,69,146,effective lengths and limiting slenderness,normative calculation expression,Расчетное выражение (146) к п. 10.3.6: При неравномерном нагружении верхних узлов колонн в свободной одноэтажной раме и наличии жесткого. Детальная расшифровка символов отложена до визуального аудита,pending_symbol_level_extraction_and_visual_verification,pending_symbol_level_extraction_and_visual_verification,pending_clause_specific_unit_extraction,not_applicable_or_pending,standard_core/effective_lengths_and_limiting_slenderness.py,nonuniform_sway_frame_effective_length_eq146,implemented,passed,passed,Visually transcribed from Section 10 pages 58-70; scalar formula implemented with explicit domain checks and no unstated extrapolation.
SP16-EQ-147,СП 16.13330.2017 «Стальные конструкции»,10.3.8,,69,147,effective lengths and limiting slenderness,normative calculation expression,"Расчетное выражение (147) к п. 10.3.8: Коэффициенты расчетной длины жесткого диска покрытия) и многоэтажных рам, при учете влияния характера деформирования системы под нагрузкой следует уменьшать умножением на коэффици……",pending_symbol_level_extraction_and_visual_verification,pending_symbol_level_extraction_and_visual_verification,pending_clause_specific_unit_extraction,not_applicable_or_pending,standard_core/effective_lengths_and_limiting_slenderness.py,frame_deformation_reduction_factor_eq147,implemented,passed,passed,Visually transcribed from Section 10 pages 58-70; scalar formula implemented with explicit domain checks and no unstated extrapolation.
SP16-EQ-148,СП 16.13330.2017 «Стальные конструкции»,11.1.1,,72,148,plate and shell structures,normative calculation expression,Membrane equivalent-stress strength check for a momentless shell state.,sigma_x_n_mm2;sigma_y_n_mm2;tau_xy_n_mm2;design_yield_resistance_n_mm2;working_condition_factor,utilization,dimensionless,static design state,standard_core/sheet_structures_strength_and_stability.py,membrane_strength_utilization_eq148,implemented,passed: tests/test_sheet_structures_strength_and_stability.py,V13-SP16-EQ-148: pass,Formula visually transcribed from supplied PDF pages 72-77; domain checks and stated interpolation rules are explicit.
SP16-EQ-149,СП 16.13330.2017 «Стальные конструкции»,11.1.2,,73,149,plate and shell structures,normative calculation expression,Meridional membrane stress from projected pressure force.,projected_pressure_force_n;radius_mm;thickness_mm;beta_degrees,stress_or_geometric_result,N/mm2,static design state,standard_core/sheet_structures_strength_and_stability.py,meridional_stress_eq149,implemented,passed: tests/test_sheet_structures_strength_and_stability.py,V13-SP16-EQ-149: pass,Formula visually transcribed from supplied PDF pages 72-77; domain checks and stated interpolation rules are explicit.
SP16-EQ-150,СП 16.13330.2017 «Стальные конструкции»,11.1.2,,73,150,plate and shell structures,normative calculation expression,Circumferential membrane stress from pressure and curvature equilibrium.,pressure_n_mm2;thickness_mm;meridional_stress_n_mm2;meridional_radius_mm;circumferential_radius_mm,stress_or_geometric_result,N/mm2,static design state,standard_core/sheet_structures_strength_and_stability.py,circumferential_stress_eq150,implemented,passed: tests/test_sheet_structures_strength_and_stability.py,V13-SP16-EQ-150: pass,Formula visually transcribed from supplied PDF pages 72-77; domain checks and stated interpolation rules are explicit.
SP16-EQ-151,СП 16.13330.2017 «Стальные конструкции»,11.1.3,,73,151,plate and shell structures,normative calculation expression,Closed cylindrical-shell membrane stresses under uniform internal pressure.,pressure_n_mm2;radius_mm;thickness_mm,stress_or_geometric_result,N/mm2,static design state,standard_core/sheet_structures_strength_and_stability.py,cylindrical_internal_pressure_stresses_eq151,implemented,passed: tests/test_sheet_structures_strength_and_stability.py,V13-SP16-EQ-151: pass,Formula visually transcribed from supplied PDF pages 72-77; domain checks and stated interpolation rules are explicit.
SP16-EQ-152,СП 16.13330.2017 «Стальные конструкции»,11.1.3,,73,152,plate and shell structures,normative calculation expression,Spherical-shell membrane stresses under uniform internal pressure.,pressure_n_mm2;radius_mm;thickness_mm,stress_or_geometric_result,N/mm2,static design state,standard_core/sheet_structures_strength_and_stability.py,spherical_internal_pressure_stresses_eq152,implemented,passed: tests/test_sheet_structures_strength_and_stability.py,V13-SP16-EQ-152: pass,Formula visually transcribed from supplied PDF pages 72-77; domain checks and stated interpolation rules are explicit.
SP16-EQ-153,СП 16.13330.2017 «Стальные конструкции»,11.1.3,,73,153,plate and shell structures,normative calculation expression,Conical-shell membrane stresses under uniform internal pressure.,pressure_n_mm2;radius_mm;thickness_mm;beta_degrees,stress_or_geometric_result,N/mm2,static design state,standard_core/sheet_structures_strength_and_stability.py,conical_internal_pressure_stresses_eq153,implemented,passed: tests/test_sheet_structures_strength_and_stability.py,V13-SP16-EQ-153: pass,Formula visually transcribed from supplied PDF pages 72-77; domain checks and stated interpolation rules are explicit.
SP16-EQ-154,СП 16.13330.2017 «Стальные конструкции»,11.2.1,,74,154,plate and shell structures,normative calculation expression,Axial stability utilization of a closed circular cylindrical shell.,axial_compressive_stress_n_mm2;critical_stress_n_mm2;working_condition_factor,utilization,dimensionless,static design state,standard_core/sheet_structures_strength_and_stability.py,cylindrical_axial_stability_utilization_eq154,implemented,passed: tests/test_sheet_structures_strength_and_stability.py,V13-SP16-EQ-154: pass,Formula visually transcribed from supplied PDF pages 72-77; domain checks and stated interpolation rules are explicit.
SP16-EQ-155,СП 16.13330.2017 «Стальные конструкции»,11.2.1,,74,155,plate and shell structures,normative calculation expression,Coefficient psi for axial cylindrical-shell critical stress.,radius_to_thickness_ratio;design_yield_resistance_n_mm2;elastic_modulus_n_mm2,stress_or_geometric_result,dimensionless,static design state,standard_core/sheet_structures_strength_and_stability.py,cylindrical_psi_eq155,implemented,passed: tests/test_sheet_structures_strength_and_stability.py,V13-SP16-EQ-155: pass,Formula visually transcribed from supplied PDF pages 72-77; domain checks and stated interpolation rules are explicit.
SP16-EQ-156,СП 16.13330.2017 «Стальные конструкции»,11.2.2,,75,156,plate and shell structures,normative calculation expression,Local stability utilization of a compressed or eccentrically compressed tube.,axial_force_n;relative_slenderness;gross_area_mm2;relative_eccentricity_m;design_yield_resistance_n_mm2;axial_critical_stress_n_mm2;radius_mm;thickness_mm;elastic_modulus_n_mm2,utilization,dimensionless,static design state,standard_core/sheet_structures_strength_and_stability.py,tube_local_stability_utilization_eq156,implemented,passed: tests/test_sheet_structures_strength_and_stability.py,V13-SP16-EQ-156: pass,Formula visually transcribed from supplied PDF pages 72-77; domain checks and stated interpolation rules are explicit.
SP16-EQ-157,СП 16.13330.2017 «Стальные конструкции»,11.2.3,,75,157,plate and shell structures,normative calculation expression,Curved-panel b/t limit for compressive stress not exceeding 0.8Ry.,elastic_modulus_n_mm2;compressive_stress_n_mm2,stress_or_geometric_result,dimensionless,static design state,standard_core/sheet_structures_strength_and_stability.py,cylindrical_panel_limit_eq157,implemented,passed: tests/test_sheet_structures_strength_and_stability.py,V13-SP16-EQ-157: pass,Formula visually transcribed from supplied PDF pages 72-77; domain checks and stated interpolation rules are explicit.
SP16-EQ-158,СП 16.13330.2017 «Стальные конструкции»,11.2.3,,75,158,plate and shell structures,normative calculation expression,Curved-panel b/t limit at compressive stress equal to Ry.,design_yield_resistance_n_mm2;elastic_modulus_n_mm2,stress_or_geometric_result,dimensionless,static design state,standard_core/sheet_structures_strength_and_stability.py,cylindrical_panel_limit_eq158,implemented,passed: tests/test_sheet_structures_strength_and_stability.py,V13-SP16-EQ-158: pass,Formula visually transcribed from supplied PDF pages 72-77; domain checks and stated interpolation rules are explicit.
SP16-EQ-159,СП 16.13330.2017 «Стальные конструкции»,11.2.4,,75,159,plate and shell structures,normative calculation expression,External-pressure stability utilization of a cylindrical shell.,hoop_compressive_stress_n_mm2;critical_hoop_stress_n_mm2;working_condition_factor,utilization,dimensionless,static design state,standard_core/sheet_structures_strength_and_stability.py,cylindrical_external_pressure_utilization_eq159,implemented,passed: tests/test_sheet_structures_strength_and_stability.py,V13-SP16-EQ-159: pass,Formula visually transcribed from supplied PDF pages 72-77; domain checks and stated interpolation rules are explicit.
SP16-EQ-160,СП 16.13330.2017 «Стальные конструкции»,11.2.4,,75,160,plate and shell structures,normative calculation expression,Critical hoop stress for a finite-length cylindrical shell under external pressure.,elastic_modulus_n_mm2;radius_mm;length_mm;thickness_mm,stress_or_geometric_result,N/mm2,static design state,standard_core/sheet_structures_strength_and_stability.py,cylindrical_external_pressure_critical_stress_eq160,implemented,passed: tests/test_sheet_structures_strength_and_stability.py,V13-SP16-EQ-160: pass,Formula visually transcribed from supplied PDF pages 72-77; domain checks and stated interpolation rules are explicit.
SP16-EQ-161,СП 16.13330.2017 «Стальные конструкции»,11.2.4,,75,161,plate and shell structures,normative calculation expression,Critical hoop stress for a long cylindrical shell under external pressure.,elastic_modulus_n_mm2;radius_mm;thickness_mm,stress_or_geometric_result,N/mm2,static design state,standard_core/sheet_structures_strength_and_stability.py,cylindrical_external_pressure_critical_stress_eq161,implemented,passed: tests/test_sheet_structures_strength_and_stability.py,V13-SP16-EQ-161: pass,Formula visually transcribed from supplied PDF pages 72-77; domain checks and stated interpolation rules are explicit.
SP16-EQ-162,СП 16.13330.2017 «Стальные конструкции»,11.2.5,,76,162,plate and shell structures,normative calculation expression,Combined axial compression and external-pressure stability interaction for a cylinder.,axial_compressive_stress_n_mm2;axial_critical_stress_n_mm2;hoop_compressive_stress_n_mm2;hoop_critical_stress_n_mm2;working_condition_factor,utilization,dimensionless,static design state,standard_core/sheet_structures_strength_and_stability.py,cylindrical_combined_stability_utilization_eq162,implemented,passed: tests/test_sheet_structures_strength_and_stability.py,V13-SP16-EQ-162: pass,Formula visually transcribed from supplied PDF pages 72-77; domain checks and stated interpolation rules are explicit.
SP16-EQ-163,СП 16.13330.2017 «Стальные конструкции»,11.2.6,,76,163,plate and shell structures,normative calculation expression,Axial stability utilization of a conical shell.,axial_force_n;critical_force_n;working_condition_factor,utilization,dimensionless,static design state,standard_core/sheet_structures_strength_and_stability.py,conical_axial_stability_utilization_eq163,implemented,passed: tests/test_sheet_structures_strength_and_stability.py,V13-SP16-EQ-163: pass,Formula visually transcribed from supplied PDF pages 72-77; domain checks and stated interpolation rules are explicit.
SP16-EQ-164,СП 16.13330.2017 «Стальные конструкции»,11.2.6,,76,164,plate and shell structures,normative calculation expression,Critical axial force of a conical shell.,thickness_mm;axial_critical_stress_n_mm2;equivalent_radius_mm;beta_degrees,stress_or_geometric_result,N,static design state,standard_core/sheet_structures_strength_and_stability.py,conical_critical_force_eq164,implemented,passed: tests/test_sheet_structures_strength_and_stability.py,V13-SP16-EQ-164: pass,Formula visually transcribed from supplied PDF pages 72-77; domain checks and stated interpolation rules are explicit.
SP16-EQ-165,СП 16.13330.2017 «Стальные конструкции»,11.2.6,,76,165,plate and shell structures,normative calculation expression,Equivalent radius of a conical shell.,top_radius_mm;bottom_radius_mm;beta_degrees,stress_or_geometric_result,mm,static design state,standard_core/sheet_structures_strength_and_stability.py,conical_equivalent_radius_eq165,implemented,passed: tests/test_sheet_structures_strength_and_stability.py,V13-SP16-EQ-165: pass,Formula visually transcribed from supplied PDF pages 72-77; domain checks and stated interpolation rules are explicit.
SP16-EQ-166,СП 16.13330.2017 «Стальные конструкции»,11.2.7,,76,166,plate and shell structures,normative calculation expression,External-pressure stability utilization of a conical shell.,hoop_compressive_stress_n_mm2;critical_hoop_stress_n_mm2;working_condition_factor,utilization,dimensionless,static design state,standard_core/sheet_structures_strength_and_stability.py,conical_external_pressure_utilization_eq166,implemented,passed: tests/test_sheet_structures_strength_and_stability.py,V13-SP16-EQ-166: pass,Formula visually transcribed from supplied PDF pages 72-77; domain checks and stated interpolation rules are explicit.
SP16-EQ-167,СП 16.13330.2017 «Стальные конструкции»,11.2.7,,77,167,plate and shell structures,normative calculation expression,Critical hoop stress of a conical shell under external pressure.,elastic_modulus_n_mm2;equivalent_radius_mm;cone_height_mm;thickness_mm,stress_or_geometric_result,N/mm2,static design state,standard_core/sheet_structures_strength_and_stability.py,conical_external_pressure_critical_stress_eq167,implemented,passed: tests/test_sheet_structures_strength_and_stability.py,V13-SP16-EQ-167: pass,Formula visually transcribed from supplied PDF pages 72-77; domain checks and stated interpolation rules are explicit.
SP16-EQ-168,СП 16.13330.2017 «Стальные конструкции»,11.2.8,,77,168,plate and shell structures,normative calculation expression,Combined axial force and external-pressure interaction for a conical shell.,axial_force_n;critical_force_n;hoop_compressive_stress_n_mm2;critical_hoop_stress_n_mm2;working_condition_factor,utilization,dimensionless,static design state,standard_core/sheet_structures_strength_and_stability.py,conical_combined_stability_utilization_eq168,implemented,passed: tests/test_sheet_structures_strength_and_stability.py,V13-SP16-EQ-168: pass,Formula visually transcribed from supplied PDF pages 72-77; domain checks and stated interpolation rules are explicit.
SP16-EQ-169,СП 16.13330.2017 «Стальные конструкции»,11.2.9,,77,169,plate and shell structures,normative calculation expression,External-pressure stability utilization of a spherical shell or segment.,pressure_n_mm2;radius_mm;thickness_mm;critical_stress_n_mm2;working_condition_factor,utilization,dimensionless,static design state,standard_core/sheet_structures_strength_and_stability.py,spherical_external_pressure_utilization_eq169,implemented,passed: tests/test_sheet_structures_strength_and_stability.py,V13-SP16-EQ-169: pass,Formula visually transcribed from supplied PDF pages 72-77; domain checks and stated interpolation rules are explicit.
SP16-EQ-170,СП 16.13330.2017 «Стальные конструкции»,12.1.2,,77,170,fatigue,normative calculation expression,"Fatigue utilization from maximum absolute net-section stress, cycle factor, fatigue resistance, and asymmetry factor.",explicit unit-bearing fatigue inputs; see public function docstring,dimensionless utilization or cycle factor alpha,dimensionless except stress inputs in N/mm2,load-cycle count where applicable,standard_core/fatigue_design.py,fatigue_utilization_eq170,implemented,passed: tests/test_fatigue_design.py,V14-SP16-EQ-170: pass,Visually transcribed from Section 12 pages 77-79; assumptions and boundaries are explicit.
SP16-EQ-171,СП 16.13330.2017 «Стальные конструкции»,12.1.2,,78,171,fatigue,normative calculation expression,Cycle-count factor alpha for fatigue groups 1 and 2.,explicit unit-bearing fatigue inputs; see public function docstring,dimensionless utilization or cycle factor alpha,dimensionless except stress inputs in N/mm2,load-cycle count where applicable,standard_core/fatigue_design.py,cycle_factor_group_1_2_eq171,implemented,passed: tests/test_fatigue_design.py,V14-SP16-EQ-171: pass,Visually transcribed from Section 12 pages 77-79; assumptions and boundaries are explicit.
SP16-EQ-172,СП 16.13330.2017 «Стальные конструкции»,12.1.2,,78,172,fatigue,normative calculation expression,Cycle-count factor alpha for fatigue groups 3 through 8.,explicit unit-bearing fatigue inputs; see public function docstring,dimensionless utilization or cycle factor alpha,dimensionless except stress inputs in N/mm2,load-cycle count where applicable,standard_core/fatigue_design.py,cycle_factor_group_3_8_eq172,implemented,passed: tests/test_fatigue_design.py,V14-SP16-EQ-172: pass,Visually transcribed from Section 12 pages 77-79; assumptions and boundaries are explicit.
SP16-EQ-173,СП 16.13330.2017 «Стальные конструкции»,12.2,,79,173,fatigue,normative calculation expression,Crane-runway web fatigue interaction expression.,explicit unit-bearing fatigue inputs; see public function docstring,dimensionless utilization or cycle factor alpha,dimensionless except stress inputs in N/mm2,load-cycle count where applicable,standard_core/fatigue_design.py,crane_runway_web_fatigue_utilization_eq173,implemented,passed: tests/test_fatigue_design.py,V14-SP16-EQ-173: pass,Visually transcribed from Section 12 pages 77-79; assumptions and boundaries are explicit.
SP16-EQ-174,СП 16.13330.2017 «Стальные конструкции»,13.5,,81,174,brittle fracture and welded connections,normative calculation expression,Summation of five lamellar-tearing risk factors.,explicit unit-labelled clause inputs,"dimensionless utilization, stress, force, or risk factor as stated","N, mm, N/mm2, percent, or dimensionless as function name/docstring states",not_applicable,standard_core/brittle_fracture_and_welded_connections.py,lamellar_tearing_risk_sum_eq174,implemented,passed: tests/test_brittle_fracture_and_welded_connections.py,V15-EQ174: pass,"Formula visually transcribed from supplied PDF pages 81-90; sign, boundary, and unit conventions are explicit and no missing coefficient is invented."
SP16-EQ-175,СП 16.13330.2017 «Стальные конструкции»,14.1.14,,86,175,brittle fracture and welded connections,normative calculation expression,Axial strength utilization of a butt-welded connection.,explicit unit-labelled clause inputs,"dimensionless utilization, stress, force, or risk factor as stated","N, mm, N/mm2, percent, or dimensionless as function name/docstring states",not_applicable,standard_core/brittle_fracture_and_welded_connections.py,butt_weld_axial_utilization_eq175,implemented,passed: tests/test_brittle_fracture_and_welded_connections.py,V15-EQ175: pass,"Formula visually transcribed from supplied PDF pages 81-90; sign, boundary, and unit conventions are explicit and no missing coefficient is invented."
SP16-EQ-176,СП 16.13330.2017 «Стальные конструкции»,14.1.16,,87,176,brittle fracture and welded connections,normative calculation expression,Axial fillet-weld utilization in the weld-metal plane.,explicit unit-labelled clause inputs,"dimensionless utilization, stress, force, or risk factor as stated","N, mm, N/mm2, percent, or dimensionless as function name/docstring states",not_applicable,standard_core/brittle_fracture_and_welded_connections.py,fillet_weld_axial_metal_utilization_eq176,implemented,passed: tests/test_brittle_fracture_and_welded_connections.py,V15-EQ176: pass,"Formula visually transcribed from supplied PDF pages 81-90; sign, boundary, and unit conventions are explicit and no missing coefficient is invented."
SP16-EQ-177,СП 16.13330.2017 «Стальные конструкции»,14.1.16,,87,177,brittle fracture and welded connections,normative calculation expression,Axial fillet-weld utilization in the fusion-boundary plane.,explicit unit-labelled clause inputs,"dimensionless utilization, stress, force, or risk factor as stated","N, mm, N/mm2, percent, or dimensionless as function name/docstring states",not_applicable,standard_core/brittle_fracture_and_welded_connections.py,fillet_weld_axial_fusion_utilization_eq177,implemented,passed: tests/test_brittle_fracture_and_welded_connections.py,V15-EQ177: pass,"Formula visually transcribed from supplied PDF pages 81-90; sign, boundary, and unit conventions are explicit and no missing coefficient is invented."
SP16-EQ-178,СП 16.13330.2017 «Стальные конструкции»,14.1.17,,87,178,brittle fracture and welded connections,normative calculation expression,Out-of-plane moment utilization in the weld-metal plane.,explicit unit-labelled clause inputs,"dimensionless utilization, stress, force, or risk factor as stated","N, mm, N/mm2, percent, or dimensionless as function name/docstring states",not_applicable,standard_core/brittle_fracture_and_welded_connections.py,fillet_weld_out_of_plane_moment_metal_utilization_eq178,implemented,passed: tests/test_brittle_fracture_and_welded_connections.py,V15-EQ178: pass,"Formula visually transcribed from supplied PDF pages 81-90; sign, boundary, and unit conventions are explicit and no missing coefficient is invented."
SP16-EQ-179,СП 16.13330.2017 «Стальные конструкции»,14.1.17,,87,179,brittle fracture and welded connections,normative calculation expression,Out-of-plane moment utilization in the fusion-boundary plane.,explicit unit-labelled clause inputs,"dimensionless utilization, stress, force, or risk factor as stated","N, mm, N/mm2, percent, or dimensionless as function name/docstring states",not_applicable,standard_core/brittle_fracture_and_welded_connections.py,fillet_weld_out_of_plane_moment_fusion_utilization_eq179,implemented,passed: tests/test_brittle_fracture_and_welded_connections.py,V15-EQ179: pass,"Formula visually transcribed from supplied PDF pages 81-90; sign, boundary, and unit conventions are explicit and no missing coefficient is invented."
SP16-EQ-180,СП 16.13330.2017 «Стальные конструкции»,14.1.18,,87,180,brittle fracture and welded connections,normative calculation expression,In-plane moment utilization in the weld-metal plane.,explicit unit-labelled clause inputs,"dimensionless utilization, stress, force, or risk factor as stated","N, mm, N/mm2, percent, or dimensionless as function name/docstring states",not_applicable,standard_core/brittle_fracture_and_welded_connections.py,fillet_weld_in_plane_moment_metal_utilization_eq180,implemented,passed: tests/test_brittle_fracture_and_welded_connections.py,V15-EQ180: pass,"Formula visually transcribed from supplied PDF pages 81-90; sign, boundary, and unit conventions are explicit and no missing coefficient is invented."
SP16-EQ-181,СП 16.13330.2017 «Стальные конструкции»,14.1.18,,87,181,brittle fracture and welded connections,normative calculation expression,In-plane moment utilization in the fusion-boundary plane.,explicit unit-labelled clause inputs,"dimensionless utilization, stress, force, or risk factor as stated","N, mm, N/mm2, percent, or dimensionless as function name/docstring states",not_applicable,standard_core/brittle_fracture_and_welded_connections.py,fillet_weld_in_plane_moment_fusion_utilization_eq181,implemented,passed: tests/test_brittle_fracture_and_welded_connections.py,V15-EQ181: pass,"Formula visually transcribed from supplied PDF pages 81-90; sign, boundary, and unit conventions are explicit and no missing coefficient is invented."
SP16-EQ-182,СП 16.13330.2017 «Стальные конструкции»,14.1.19,,88,182,brittle fracture and welded connections,normative calculation expression,Combined fillet-weld checks in both calculation planes.,explicit unit-labelled clause inputs,"dimensionless utilization, stress, force, or risk factor as stated","N, mm, N/mm2, percent, or dimensionless as function name/docstring states",not_applicable,standard_core/brittle_fracture_and_welded_connections.py,combined_fillet_weld_utilizations_eq182,implemented,passed: tests/test_brittle_fracture_and_welded_connections.py,V15-EQ182: pass,"Formula visually transcribed from supplied PDF pages 81-90; sign, boundary, and unit conventions are explicit and no missing coefficient is invented."
SP16-EQ-183,СП 16.13330.2017 «Стальные конструкции»,14.1.19,,88,183,brittle fracture and welded connections,normative calculation expression,"Resultant shear stress from axial-force, shear-force, and moment components.",explicit unit-labelled clause inputs,"dimensionless utilization, stress, force, or risk factor as stated","N, mm, N/mm2, percent, or dimensionless as function name/docstring states",not_applicable,standard_core/brittle_fracture_and_welded_connections.py,resultant_shear_stress_eq183,implemented,passed: tests/test_brittle_fracture_and_welded_connections.py,V15-EQ183: pass,"Formula visually transcribed from supplied PDF pages 81-90; sign, boundary, and unit conventions are explicit and no missing coefficient is invented."
SP16-EQ-184,СП 16.13330.2017 «Стальные конструкции»,14.1.20,,90,184,brittle fracture and welded connections,normative calculation expression,Arc spot-weld shear capacity.,explicit unit-labelled clause inputs,"dimensionless utilization, stress, force, or risk factor as stated","N, mm, N/mm2, percent, or dimensionless as function name/docstring states",not_applicable,standard_core/brittle_fracture_and_welded_connections.py,spot_weld_shear_capacity_eq184,implemented,passed: tests/test_brittle_fracture_and_welded_connections.py,V15-EQ184: pass,"Formula visually transcribed from supplied PDF pages 81-90; sign, boundary, and unit conventions are explicit and no missing coefficient is invented."
SP16-EQ-185,СП 16.13330.2017 «Стальные конструкции»,14.1.20,,90,185,brittle fracture and welded connections,normative calculation expression,Arc spot-weld connected-element tear-out capacity.,explicit unit-labelled clause inputs,"dimensionless utilization, stress, force, or risk factor as stated","N, mm, N/mm2, percent, or dimensionless as function name/docstring states",not_applicable,standard_core/brittle_fracture_and_welded_connections.py,spot_weld_tearout_capacity_eq185,implemented,passed: tests/test_brittle_fracture_and_welded_connections.py,V15-EQ185: pass,"Formula visually transcribed from supplied PDF pages 81-90; sign, boundary, and unit conventions are explicit and no missing coefficient is invented."
SP16-EQ-186,СП 16.13330.2017 «Стальные конструкции»,14.2.9,,92,186,bolted and friction connections,normative calculation expression,One-bolt shear capacity,unit-explicit function arguments,"capacity, utilization, or required count",N or dimensionless as documented,not applicable,standard_core/bolted_and_friction_connections.py,bolt_shear_capacity_eq186,implemented,tests/test_bolted_and_friction_connections.py,implementation_self_check_passed,Formula visually verified against PDF pages 92-95; no complete worked example identified.
SP16-EQ-187,СП 16.13330.2017 «Стальные конструкции»,14.2.9,,92,187,bolted and friction connections,normative calculation expression,One-bolt bearing capacity,unit-explicit function arguments,"capacity, utilization, or required count",N or dimensionless as documented,not applicable,standard_core/bolted_and_friction_connections.py,bolt_bearing_capacity_eq187,implemented,tests/test_bolted_and_friction_connections.py,implementation_self_check_passed,Formula visually verified against PDF pages 92-95; no complete worked example identified.
SP16-EQ-188,СП 16.13330.2017 «Стальные конструкции»,14.2.9,,92,188,bolted and friction connections,normative calculation expression,One-bolt tension capacity,unit-explicit function arguments,"capacity, utilization, or required count",N or dimensionless as documented,not applicable,standard_core/bolted_and_friction_connections.py,bolt_tension_capacity_eq188,implemented,tests/test_bolted_and_friction_connections.py,implementation_self_check_passed,Formula visually verified against PDF pages 92-95; no complete worked example identified.
SP16-EQ-189,СП 16.13330.2017 «Стальные конструкции»,14.2.10,,93,189,bolted and friction connections,normative calculation expression,Required bolt count for centroidal force,unit-explicit function arguments,"capacity, utilization, or required count",N or dimensionless as documented,not applicable,standard_core/bolted_and_friction_connections.py,required_bolt_count_eq189,implemented,tests/test_bolted_and_friction_connections.py,implementation_self_check_passed,Formula visually verified against PDF pages 92-95; no complete worked example identified.
SP16-EQ-190,СП 16.13330.2017 «Стальные конструкции»,14.2.13,,93,190,bolted and friction connections,normative calculation expression,Combined bolt shear-tension interaction,unit-explicit function arguments,"capacity, utilization, or required count",N or dimensionless as documented,not applicable,standard_core/bolted_and_friction_connections.py,bolt_shear_tension_interaction_eq190,implemented,tests/test_bolted_and_friction_connections.py,implementation_self_check_passed,Formula visually verified against PDF pages 92-95; no complete worked example identified.
SP16-EQ-191,СП 16.13330.2017 «Стальные конструкции»,14.3.3,,94,191,bolted and friction connections,normative calculation expression,Resistance per friction plane and bolt,unit-explicit function arguments,"capacity, utilization, or required count",N or dimensionless as documented,not applicable,standard_core/bolted_and_friction_connections.py,friction_plane_capacity_eq191,implemented,tests/test_bolted_and_friction_connections.py,implementation_self_check_passed,Formula visually verified against PDF pages 92-95; no complete worked example identified.
SP16-EQ-192,СП 16.13330.2017 «Стальные конструкции»,14.3.4,,95,192,bolted and friction connections,normative calculation expression,Required friction-bolt count,unit-explicit function arguments,"capacity, utilization, or required count",N or dimensionless as documented,not applicable,standard_core/bolted_and_friction_connections.py,required_friction_bolt_count_eq192,implemented,tests/test_bolted_and_friction_connections.py,implementation_self_check_passed,Formula visually verified against PDF pages 92-95; no complete worked example identified.
SP16-EQ-193,СП 16.13330.2017 «Стальные конструкции»,14.4.1,,96,193,built-up beam flange connections,normative calculation expression,Stationary-load welded flange connection check along the weld-metal plane: |T|/(n beta_f k_f R_wf gamma_c).,shear_flow_t_n_mm; weld_line_count; weld_coefficient_beta_f; weld_leg_mm; weld_metal_design_resistance_n_mm2; working_condition_factor,dimensionless utilization,dimensionless,not_applicable,standard_core/built_up_beam_flange_connections.py,stationary_weld_metal_utilization_eq193,implemented,passed: tests/test_built_up_beam_flange_connections.py,implementation_self_check_passed,Formula visually transcribed from supplied PDF page 96; symbols and routing definitions checked against page 97.
SP16-EQ-194,СП 16.13330.2017 «Стальные конструкции»,14.4.1,,96,194,built-up beam flange connections,normative calculation expression,Stationary-load welded flange connection check along the fusion-boundary plane: |T|/(n beta_z k_f R_wz gamma_c).,shear_flow_t_n_mm; weld_line_count; weld_coefficient_beta_z; weld_leg_mm; fusion_boundary_design_resistance_n_mm2; working_condition_factor,dimensionless utilization,dimensionless,not_applicable,standard_core/built_up_beam_flange_connections.py,stationary_fusion_boundary_utilization_eq194,implemented,passed: tests/test_built_up_beam_flange_connections.py,implementation_self_check_passed,Formula visually transcribed from supplied PDF page 96; symbols and routing definitions checked against page 97.
SP16-EQ-195,СП 16.13330.2017 «Стальные конструкции»,14.4.1,,96,195,built-up beam flange connections,normative calculation expression,Stationary-load friction flange connection check: |T| s/(Q_bh k gamma_c).,shear_flow_t_n_mm; bolt_pitch_mm; friction_plane_capacity_n; friction_plane_count; working_condition_factor,dimensionless utilization,dimensionless,not_applicable,standard_core/built_up_beam_flange_connections.py,stationary_friction_utilization_eq195,implemented,passed: tests/test_built_up_beam_flange_connections.py,implementation_self_check_passed,Formula visually transcribed from supplied PDF page 96; symbols and routing definitions checked against page 97.
SP16-EQ-196,СП 16.13330.2017 «Стальные конструкции»,14.4.1,,96,196,built-up beam flange connections,normative calculation expression,Moving-load two-sided welded flange connection check along the weld-metal plane.,shear_flow_t_n_mm; local_pressure_v_n_mm; weld_coefficient_beta_f; weld_leg_mm; weld_metal_design_resistance_n_mm2; working_condition_factor,dimensionless utilization,dimensionless,not_applicable,standard_core/built_up_beam_flange_connections.py,moving_weld_metal_utilization_eq196,implemented,passed: tests/test_built_up_beam_flange_connections.py,implementation_self_check_passed,Formula visually transcribed from supplied PDF page 96; symbols and routing definitions checked against page 97.
SP16-EQ-197,СП 16.13330.2017 «Стальные конструкции»,14.4.1,,96,197,built-up beam flange connections,normative calculation expression,Moving-load two-sided welded flange connection check along the fusion-boundary plane.,shear_flow_t_n_mm; local_pressure_v_n_mm; weld_coefficient_beta_z; weld_leg_mm; fusion_boundary_design_resistance_n_mm2; working_condition_factor,dimensionless utilization,dimensionless,not_applicable,standard_core/built_up_beam_flange_connections.py,moving_fusion_boundary_utilization_eq197,implemented,passed: tests/test_built_up_beam_flange_connections.py,implementation_self_check_passed,Formula visually transcribed from supplied PDF page 96; symbols and routing definitions checked against page 97.
SP16-EQ-198,СП 16.13330.2017 «Стальные конструкции»,14.4.1,,96,198,built-up beam flange connections,normative calculation expression,Moving-load friction flange connection check with alpha-weighted local pressure.,shear_flow_t_n_mm; local_pressure_v_n_mm; alpha; bolt_pitch_mm; friction_plane_capacity_n; friction_plane_count; working_condition_factor,dimensionless utilization,dimensionless,not_applicable,standard_core/built_up_beam_flange_connections.py,moving_friction_utilization_eq198,implemented,passed: tests/test_built_up_beam_flange_connections.py,implementation_self_check_passed,Formula visually transcribed from supplied PDF page 96; symbols and routing definitions checked against page 97.
SP16-EQ-199,СП 16.13330.2017 «Стальные конструкции»,15.12.2,,108,199,building and structural detailing requirements,normative calculation expression,Cylindrical-hinge local-bearing utilization: F/(1.25 r l R_lp gamma_c) <= 1.,"support_force_n, hinge_radius_mm, hinge_length_mm, local_bearing_design_resistance_n_mm2, working_condition_factor",cylindrical_hinge_local_bearing_utilization,"N, mm, N/mm2, dimensionless",not_applicable,standard_core/structural_detailing_and_support_bearings.py,cylindrical_hinge_local_bearing_utilization_eq199,implemented,passed: tests/test_structural_detailing_and_support_bearings.py,V18-SP16-EQ-199: pass,Visually verified on supplied PDF page 108. Printed factor 1.25 and contact-angle applicability >=90 degrees are preserved.
SP16-EQ-200,СП 16.13330.2017 «Стальные конструкции»,15.12.3,,108,200,building and structural detailing requirements,normative calculation expression,Roller diametral-compression utilization: F/(n d l R_cd gamma_c) <= 1.,"support_force_n, roller_count, roller_diameter_mm, roller_length_mm, diametral_compression_design_resistance_n_mm2, working_condition_factor",roller_diametral_compression_utilization,"N, mm, N/mm2, dimensionless",not_applicable,standard_core/structural_detailing_and_support_bearings.py,roller_diametral_compression_utilization_eq200,implemented,passed: tests/test_structural_detailing_and_support_bearings.py,V18-SP16-EQ-200: pass,Visually verified on supplied PDF page 108. No unstated load-distribution coefficient is introduced.
SP16-EQ-201,СП 16.13330.2017 «Стальные конструкции»,16.5,,109,201,overhead-line and switchyard support structures,normative calculation expression,"Расчетное выражение (201) к п. 16.5: При определении приведенной гибкости по таблице 8 наибольшую гибкость всего стержня вычислять по формулам для четырехгранного стержня с параллельными поясами, шарнирно опертого по….…","l, b",lambda_max,consistent lengths; dimensionless,not_applicable,standard_core/overhead_line_and_switchyard_supports.py,maximum_slenderness_eq201,implemented,passed: tests/test_overhead_line_and_switchyard_supports.py,V19-SP16-EQ-201: pass,Formula visually transcribed from Section 16 and implemented with explicit domain checks; no complete normative worked example was identified.
SP16-EQ-202,СП 16.13330.2017 «Стальные конструкции»,16.5,,109,202,overhead-line and switchyard support structures,normative calculation expression,"Расчетное выражение (202) к п. 16.5: При определении приведенной гибкости по таблице 8 наибольшую гибкость всего стержня вычислять по формулам для четырехгранного стержня с параллельными поясами, шарнирно опертого по….…","l, b",lambda_max,consistent lengths; dimensionless,not_applicable,standard_core/overhead_line_and_switchyard_supports.py,maximum_slenderness_eq202,implemented,passed: tests/test_overhead_line_and_switchyard_supports.py,V19-SP16-EQ-202: pass,Formula visually transcribed from Section 16 and implemented with explicit domain checks; no complete normative worked example was identified.
SP16-EQ-203,СП 16.13330.2017 «Стальные конструкции»,16.5,,109,203,overhead-line and switchyard support structures,normative calculation expression,"Расчетное выражение (203) к п. 16.5: При определении приведенной гибкости по таблице 8 наибольшую гибкость всего стержня вычислять по формулам для четырехгранного стержня с параллельными поясами, шарнирно опертого по….…","h, b_v, b_n, mu",lambda_max,consistent lengths; dimensionless,not_applicable,standard_core/overhead_line_and_switchyard_supports.py,maximum_slenderness_eq203,implemented,passed: tests/test_overhead_line_and_switchyard_supports.py,V19-SP16-EQ-203: pass,Formula visually transcribed from Section 16 and implemented with explicit domain checks; no complete normative worked example was identified.
SP16-EQ-204,СП 16.13330.2017 «Стальные конструкции»,16.6,,110,204,overhead-line and switchyard support structures,normative calculation expression,Расчетное выражение (204) к п. 16.6: Расчет на устойчивость при сжатии с изгибом сквозного стержня с решетками постоянного по длине сечения. Детальная расшифровка символов отложена до визуального аудита,"M, N, b, beta",m,"N, mm, Nmm; dimensionless",not_applicable,standard_core/overhead_line_and_switchyard_supports.py,relative_eccentricity_eq204,implemented,passed: tests/test_overhead_line_and_switchyard_supports.py,V19-SP16-EQ-204: pass,Formula visually transcribed from Section 16 and implemented with explicit domain checks; no complete normative worked example was identified.
SP16-EQ-205,СП 16.13330.2017 «Стальные конструкции»,16.6,,110,205,overhead-line and switchyard support structures,normative calculation expression,Расчетное выражение (205) к п. 16.6: Расчет на устойчивость при сжатии с изгибом сквозного стержня с решетками постоянного по длине сечения. Детальная расшифровка символов отложена до визуального аудита,"M, N, b, beta",m,"N, mm, Nmm; dimensionless",not_applicable,standard_core/overhead_line_and_switchyard_supports.py,relative_eccentricity_eq205,implemented,passed: tests/test_overhead_line_and_switchyard_supports.py,V19-SP16-EQ-205: pass,Formula visually transcribed from Section 16 and implemented with explicit domain checks; no complete normative worked example was identified.
SP16-EQ-206,СП 16.13330.2017 «Стальные конструкции»,16.8,,111,206,overhead-line and switchyard support structures,normative calculation expression,Расчетное выражение (206) к п. 16.8: При проверке устойчивости отдельных поясов стержня сквозного сечения опор с оттяжками при сжатии с. Детальная расшифровка символов отложена до визуального аудита,"M_q, beta, N, delta, f_q, f_n",M,"N, mm, Nmm",not_applicable,standard_core/overhead_line_and_switchyard_supports.py,guyed_rectangular_moment_eq206,implemented,passed: tests/test_overhead_line_and_switchyard_supports.py,V19-SP16-EQ-206: pass,Formula visually transcribed from Section 16 and implemented with explicit domain checks; no complete normative worked example was identified.
SP16-EQ-207,СП 16.13330.2017 «Стальные конструкции»,16.9,,111,207,overhead-line and switchyard support structures,normative calculation expression,Расчетное выражение (207) к п. 16.9: Поперечную силу Q в шарнирно опертой по концам стойке с решетками постоянного по длине прямоугольного. Детальная расшифровка символов отложена до визуального аудита,"Q_max, beta, N, delta, l, f_q, f_n",Q,"N, mm",not_applicable,standard_core/overhead_line_and_switchyard_supports.py,guyed_rectangular_shear_eq207,implemented,passed: tests/test_overhead_line_and_switchyard_supports.py,V19-SP16-EQ-207: pass,Formula visually transcribed from Section 16 and implemented with explicit domain checks; no complete normative worked example was identified.
SP16-EQ-208,СП 16.13330.2017 «Стальные конструкции»,16.10,,111,208,overhead-line and switchyard support structures,normative calculation expression,Расчетное выражение (208) к п. 16.10: Для шарнирно опертой по концам решетчатой стойки постоянного по длине треугольного сквозного сечения. Детальная расшифровка символов отложена до визуального аудита,"M_x, M_y, b",N_ad,"N, mm, Nmm",not_applicable,standard_core/overhead_line_and_switchyard_supports.py,triangular_additional_chord_force_eq208,implemented,passed: tests/test_overhead_line_and_switchyard_supports.py,V19-SP16-EQ-208: pass,Formula visually transcribed from Section 16 and implemented with explicit domain checks; no complete normative worked example was identified.
SP16-EQ-209,СП 16.13330.2017 «Стальные конструкции»,16.12,,112,209,overhead-line and switchyard support structures,normative calculation expression,"Расчетное выражение (209) к п. 16.12: Расчет на устойчивость сжатых элементов конструкций из одиночных уголков (поясов, решетки) следует. Детальная расшифровка символов отложена до визуального аудита","c/b, lambda_bar, N_md/N_m",alpha_m,dimensionless,not_applicable,standard_core/overhead_line_and_switchyard_supports.py,bolted_angle_chord_factor_eq209,implemented,passed: tests/test_overhead_line_and_switchyard_supports.py,V19-SP16-EQ-209: pass,Formula visually transcribed from Section 16 and implemented with explicit domain checks; no complete normative worked example was identified.
SP16-EQ-210,СП 16.13330.2017 «Стальные конструкции»,16.12,,112,210,overhead-line and switchyard support structures,normative calculation expression,"Расчетное выражение (210) к п. 16.12: Расчет на устойчивость сжатых элементов конструкций из одиночных уголков (поясов, решетки) следует. Детальная расшифровка символов отложена до визуального аудита","c/b, lambda_bar, N_md/N_m",alpha_m,dimensionless,not_applicable,standard_core/overhead_line_and_switchyard_supports.py,bolted_angle_chord_factor_eq210,implemented,passed: tests/test_overhead_line_and_switchyard_supports.py,V19-SP16-EQ-210: pass,Formula visually transcribed from Section 16 and implemented with explicit domain checks; no complete normative worked example was identified.
SP16-EQ-211,СП 16.13330.2017 «Стальные конструкции»,16.12,,112,211,overhead-line and switchyard support structures,normative calculation expression,"Расчетное выражение (211) к п. 16.12: Расчет на устойчивость сжатых элементов конструкций из одиночных уголков (поясов, решетки) следует. Детальная расшифровка символов отложена до визуального аудита","c/b, N_md/N_m",alpha_d,dimensionless,not_applicable,standard_core/overhead_line_and_switchyard_supports.py,bolted_angle_brace_factor_eq211,implemented,passed: tests/test_overhead_line_and_switchyard_supports.py,V19-SP16-EQ-211: pass,Formula visually transcribed from Section 16 and implemented with explicit domain checks; no complete normative worked example was identified.
SP16-EQ-212,СП 16.13330.2017 «Стальные конструкции»,16.12,,112,212,overhead-line and switchyard support structures,normative calculation expression,"Расчетное выражение (212) к п. 16.12: Расчет на устойчивость сжатых элементов конструкций из одиночных уголков (поясов, решетки) следует. Детальная расшифровка символов отложена до визуального аудита","c/b, N_md/N_m",alpha_d,dimensionless,not_applicable,standard_core/overhead_line_and_switchyard_supports.py,bolted_angle_brace_factor_eq212,implemented,passed: tests/test_overhead_line_and_switchyard_supports.py,V19-SP16-EQ-212: pass,Formula visually transcribed from Section 16 and implemented with explicit domain checks; no complete normative worked example was identified.
SP16-EQ-213,СП 16.13330.2017 «Стальные конструкции»,16.20,,114,213,overhead-line and switchyard support structures,normative calculation expression,Расчетное выражение (213) к п. 16.20: Расчет на устойчивость стенок опор из многогранных труб при числе граней от 8 до 12 следует выполнять по. Детальная расшифровка символов отложена до визуального аудита,"sigma_1, sigma_cr, gamma_c",utilization,N/mm2; dimensionless,not_applicable,standard_core/overhead_line_and_switchyard_supports.py,polygonal_tube_wall_stability_utilization_eq213,implemented,passed: tests/test_overhead_line_and_switchyard_supports.py,V19-SP16-EQ-213: pass,Formula visually transcribed from Section 16 and implemented with explicit domain checks; no complete normative worked example was identified.
SP16-EQ-214,СП 16.13330.2017 «Стальные конструкции»,16.20,,114,214,overhead-line and switchyard support structures,normative calculation expression,Расчетное выражение (214) к п. 16.20: Расчет на устойчивость стенок опор из многогранных труб при числе граней от 8 до 12 следует выполнять по. Детальная расшифровка символов отложена до визуального аудита,"lambda_w_bar, sigma_1, sigma_2, R_y",sigma_cr,N/mm2; dimensionless,not_applicable,standard_core/overhead_line_and_switchyard_supports.py,polygonal_tube_critical_stress_eq214,implemented,passed: tests/test_overhead_line_and_switchyard_supports.py,V19-SP16-EQ-214: pass,Formula visually transcribed from Section 16 and implemented with explicit domain checks; no complete normative worked example was identified.
SP16-EQ-215,СП 16.13330.2017 «Стальные конструкции»,17.16,,117,215,antenna structures,normative calculation expression,Minimum distance from rope termination to low-frequency vibration damper: s >= 0.41e-3 d sqrt(P/m).,rope_or_wire_diameter_mm (d); pretension_n (P); mass_per_length_kg_m (m),minimum_damper_distance_m (s),d mm; P N; m kg/m; s m,not_applicable,standard_core/antenna_structures.py,vibration_damper_distance_eq215,implemented,normal_boundary_unit_sign_tested,implementation_self_check_passed_no_standard_worked_example,Formula visually verified on supplied PDF page 117; printed coefficient 0.41e-3 and square-root structure retained exactly.
SP16-EQ-216,СП 16.13330.2017 «Стальные конструкции»,18.3.13,,122,216,reconstruction and strengthening,normative calculation expression,Strength utilization for symmetrically strengthened centrally compressed members: N/(A Ry gamma_N gamma_c).,"N,A,Ry,gamma_N,gamma_c",utilization,dimensionless,not_applicable,standard_core/reconstruction_assessment.py,symmetric_compression_strength_utilization_eq216,implemented,passed: tests/test_reconstruction_assessment.py,V21-SP16-EQ-216: pass,"Formula visually verified against supplied PDF pages 122-125; symbol mapping, sign convention, applicability and external inputs are documented."
SP16-EQ-217,СП 16.13330.2017 «Стальные конструкции»,18.3.13,,122,217,reconstruction and strengthening,normative calculation expression,Point stress utilization for asymmetrically strengthened tension/compression and eccentric-compression members.,"N,A,Mx,Ix,y,My,Iy,x,Ry,gamma_M,gamma_c",signed_stress_and_utilization,N/mm2 and dimensionless,not_applicable,standard_core/reconstruction_assessment.py,asymmetric_strength_utilization_eq217,implemented,passed: tests/test_reconstruction_assessment.py,V21-SP16-EQ-217: pass,"Formula visually verified against supplied PDF pages 122-125; symbol mapping, sign convention, applicability and external inputs are documented."
SP16-EQ-218,СП 16.13330.2017 «Стальные конструкции»,18.3.14,,122,218,reconstruction and strengthening,normative calculation expression,In-plane stability utilization of a strengthened solid-section member.,"N,phi_e,A,Ry_eff,gamma_c",utilization,dimensionless,not_applicable,standard_core/reconstruction_assessment.py,strengthened_member_stability_utilization_eq218,implemented,passed: tests/test_reconstruction_assessment.py,V21-SP16-EQ-218: pass,"Formula visually verified against supplied PDF pages 122-125; symbol mapping, sign convention, applicability and external inputs are documented."
SP16-EQ-219,СП 16.13330.2017 «Стальные конструкции»,18.3.14,,123,219,reconstruction and strengthening,normative calculation expression,Relative eccentricity of strengthened section m_f=e_f A/W_c.,"e_f,A,W_c",m_f,dimensionless,not_applicable,standard_core/reconstruction_assessment.py,reduced_relative_eccentricity_eq219,implemented,passed: tests/test_reconstruction_assessment.py,V21-SP16-EQ-219: pass,"Formula visually verified against supplied PDF pages 122-125; symbol mapping, sign convention, applicability and external inputs are documented."
SP16-EQ-220,СП 16.13330.2017 «Стальные конструкции»,18.3.14,,123,220,reconstruction and strengthening,normative calculation expression,Equivalent eccentricity e_f=e+f_j+k_fw f_w.,"e,f_j,k_fw,f_w",e_f,mm,not_applicable,standard_core/reconstruction_assessment.py,equivalent_eccentricity_eq220,implemented,passed: tests/test_reconstruction_assessment.py,V21-SP16-EQ-220: pass,"Formula visually verified against supplied PDF pages 122-125; symbol mapping, sign convention, applicability and external inputs are documented."
SP16-EQ-221,СП 16.13330.2017 «Стальные конструкции»,18.3.14,,123,221,reconstruction and strengthening,normative calculation expression,Retained initial deflection after simultaneous attachment of strengthening elements.,"f0,alpha_N,sum(Ir),I0",f_j,mm,not_applicable,standard_core/reconstruction_assessment.py,post_strengthening_initial_deflection_eq221,implemented,passed: tests/test_reconstruction_assessment.py,V21-SP16-EQ-221: pass,"Formula visually verified against supplied PDF pages 122-125; symbol mapping, sign convention, applicability and external inputs are documented."
SP16-EQ-222,СП 16.13330.2017 «Стальные конструкции»,18.3.14,,124,222,reconstruction and strengthening,normative calculation expression,Residual deflection caused by welding strengthening elements.,"alpha_w,alpha_N,l0,n_i,V_i,y_i",f_w,consistent equation-222 length unit,not_applicable,standard_core/reconstruction_assessment.py,welding_residual_deflection_eq222,implemented,passed: tests/test_reconstruction_assessment.py,V21-SP16-EQ-222: pass,"Formula visually verified against supplied PDF pages 122-125; symbol mapping, sign convention, applicability and external inputs are documented."
SP16-EQ-223,СП 16.13330.2017 «Стальные конструкции»,18.3.15,,125,223,reconstruction and strengthening,normative calculation expression,"Effective strengthened-section design resistance Ry,ef=Ry sqrt(k).","Ry,k",Ry_eff,N/mm2,not_applicable,standard_core/reconstruction_assessment.py,effective_design_resistance_eq223,implemented,passed: tests/test_reconstruction_assessment.py,V21-SP16-EQ-223: pass,"Formula visually verified against supplied PDF pages 122-125; symbol mapping, sign convention, applicability and external inputs are documented."
SP16-EQ-224,СП 16.13330.2017 «Стальные конструкции»,18.3.15,,125,224,reconstruction and strengthening,normative calculation expression,Composite material/property factor k for the effective stability resistance.,"Rya,Ry,A,Aa,I,Ia",k,dimensionless,not_applicable,standard_core/reconstruction_assessment.py,composite_resistance_factor_eq224,implemented,passed: tests/test_reconstruction_assessment.py,V21-SP16-EQ-224: pass,"Formula visually verified against supplied PDF pages 122-125; symbol mapping, sign convention, applicability and external inputs are documented."
SP16-EQ-Ж-001,СП 16.13330.2017 «Стальные конструкции»,Ж.2,Ж,164,Ж.1,lateral-torsional stability coefficient,annex calculation expression,Annex Ж equation (Ж.1) for bending stability coefficient calculation.,see structured public API docstring,annex_zh_phi_b_eq_zh1,explicit per function docstring,not_applicable,standard_core/crane_runway_and_bending_stability.py,annex_zh_phi_b_eq_zh1,implemented,normal_boundary_unit_sign_tested,implementation_self_check_passed_no_standard_worked_example,Visually verified against supplied PDF page 164; added to the equation inventory in v0.7 because the initial inventory counted only main-text equations.
SP16-EQ-Ж-002,СП 16.13330.2017 «Стальные конструкции»,Ж.2,Ж,164,Ж.2,lateral-torsional stability coefficient,annex calculation expression,Annex Ж equation (Ж.2) for bending stability coefficient calculation.,see structured public API docstring,annex_zh_phi_b_eq_zh2,explicit per function docstring,not_applicable,standard_core/crane_runway_and_bending_stability.py,annex_zh_phi_b_eq_zh2,implemented,normal_boundary_unit_sign_tested,implementation_self_check_passed_no_standard_worked_example,Visually verified against supplied PDF page 164; added to the equation inventory in v0.7 because the initial inventory counted only main-text equations.
SP16-EQ-Ж-003,СП 16.13330.2017 «Стальные конструкции»,Ж.2,Ж,164,Ж.3,lateral-torsional stability coefficient,annex calculation expression,Annex Ж equation (Ж.3) for bending stability coefficient calculation.,see structured public API docstring,annex_zh_phi1_eq_zh3,explicit per function docstring,not_applicable,standard_core/crane_runway_and_bending_stability.py,annex_zh_phi1_eq_zh3,implemented,normal_boundary_unit_sign_tested,implementation_self_check_passed_no_standard_worked_example,Visually verified against supplied PDF page 164; added to the equation inventory in v0.7 because the initial inventory counted only main-text equations.
SP16-EQ-Ж-004,СП 16.13330.2017 «Стальные конструкции»,Ж.3,Ж,164,Ж.4,lateral-torsional stability coefficient,annex calculation expression,Annex Ж equation (Ж.4) for bending stability coefficient calculation.,see structured public API docstring,annex_zh_alpha_rolled_eq_zh4,explicit per function docstring,not_applicable,standard_core/crane_runway_and_bending_stability.py,annex_zh_alpha_rolled_eq_zh4,implemented,normal_boundary_unit_sign_tested,implementation_self_check_passed_no_standard_worked_example,Visually verified against supplied PDF page 164; added to the equation inventory in v0.7 because the initial inventory counted only main-text equations.
SP16-EQ-Ж-005,СП 16.13330.2017 «Стальные конструкции»,Ж.3,Ж,164,Ж.5,lateral-torsional stability coefficient,annex calculation expression,Annex Ж equation (Ж.5) for bending stability coefficient calculation.,see structured public API docstring,annex_zh_alpha_built_up_eq_zh5,explicit per function docstring,not_applicable,standard_core/crane_runway_and_bending_stability.py,annex_zh_alpha_built_up_eq_zh5,implemented,normal_boundary_unit_sign_tested,implementation_self_check_passed_no_standard_worked_example,Visually verified against supplied PDF page 164; added to the equation inventory in v0.7 because the initial inventory counted only main-text equations.
SP16-EQ-Ж-006,СП 16.13330.2017 «Стальные конструкции»,Ж.4,Ж,165,Ж.6,lateral-torsional stability coefficient,annex calculation expression,Annex Ж equation (Ж.6) for bending stability coefficient calculation.,see structured public API docstring,annex_zh_monosymmetric_phi1_eq_zh6,explicit per function docstring,not_applicable,standard_core/crane_runway_and_bending_stability.py,annex_zh_monosymmetric_phi1_eq_zh6,implemented,normal_boundary_unit_sign_tested,implementation_self_check_passed_no_standard_worked_example,Visually verified against supplied PDF page 165; added to the equation inventory in v0.7 because the initial inventory counted only main-text equations.
SP16-EQ-Ж-007,СП 16.13330.2017 «Стальные конструкции»,Ж.4,Ж,165,Ж.7,lateral-torsional stability coefficient,annex calculation expression,Annex Ж equation (Ж.7) for bending stability coefficient calculation.,see structured public API docstring,annex_zh_monosymmetric_phi2_eq_zh7,explicit per function docstring,not_applicable,standard_core/crane_runway_and_bending_stability.py,annex_zh_monosymmetric_phi2_eq_zh7,implemented,normal_boundary_unit_sign_tested,implementation_self_check_passed_no_standard_worked_example,Visually verified against supplied PDF page 165; added to the equation inventory in v0.7 because the initial inventory counted only main-text equations.
SP16-EQ-Ж-008,СП 16.13330.2017 «Стальные конструкции»,Ж.4,Ж,165,Ж.8,lateral-torsional stability coefficient,annex calculation expression,Annex Ж equation (Ж.8) for bending stability coefficient calculation.,see structured public API docstring,annex_zh_flange_inertia_ratio_n_eq_zh8,explicit per function docstring,not_applicable,standard_core/crane_runway_and_bending_stability.py,annex_zh_flange_inertia_ratio_n_eq_zh8,implemented,normal_boundary_unit_sign_tested,implementation_self_check_passed_no_standard_worked_example,Visually verified against supplied PDF page 165; added to the equation inventory in v0.7 because the initial inventory counted only main-text equations.
SP16-EQ-Ж-009,СП 16.13330.2017 «Стальные конструкции»,Ж.4,Ж,165,Ж.9,lateral-torsional stability coefficient,annex calculation expression,Annex Ж equation (Ж.9) for bending stability coefficient calculation.,see structured public API docstring,annex_zh_psi_a_eq_zh9,explicit per function docstring,not_applicable,standard_core/crane_runway_and_bending_stability.py,annex_zh_psi_a_eq_zh9,implemented,normal_boundary_unit_sign_tested,implementation_self_check_passed_no_standard_worked_example,Visually verified against supplied PDF page 165; added to the equation inventory in v0.7 because the initial inventory counted only main-text equations.
SP16-EQ-Ж-010,СП 16.13330.2017 «Стальные конструкции»,Ж.5,Ж,168,Ж.10,lateral-torsional stability coefficient,annex calculation expression,Annex Ж equation (Ж.10) for bending stability coefficient calculation.,see structured public API docstring,annex_zh_delta_eq_zh10,explicit per function docstring,not_applicable,standard_core/crane_runway_and_bending_stability.py,annex_zh_delta_eq_zh10,implemented,normal_boundary_unit_sign_tested,implementation_self_check_passed_no_standard_worked_example,Visually verified against supplied PDF page 168; added to the equation inventory in v0.7 because the initial inventory counted only main-text equations.
SP16-EQ-Ж-011,СП 16.13330.2017 «Стальные конструкции»,Ж.5,Ж,168,Ж.11,lateral-torsional stability coefficient,annex calculation expression,Annex Ж equation (Ж.11) for bending stability coefficient calculation.,see structured public API docstring,annex_zh_mu_eq_zh11,explicit per function docstring,not_applicable,standard_core/crane_runway_and_bending_stability.py,annex_zh_mu_eq_zh11,implemented,normal_boundary_unit_sign_tested,implementation_self_check_passed_no_standard_worked_example,Visually verified against supplied PDF page 168; added to the equation inventory in v0.7 because the initial inventory counted only main-text equations.
SP16-EQ-Ж-012,СП 16.13330.2017 «Стальные конструкции»,Ж.5,Ж,168,Ж.12,lateral-torsional stability coefficient,annex calculation expression,Annex Ж equation (Ж.12) for bending stability coefficient calculation.,see structured public API docstring,annex_zh_beta_eq_zh12,explicit per function docstring,not_applicable,standard_core/crane_runway_and_bending_stability.py,annex_zh_beta_eq_zh12,implemented,normal_boundary_unit_sign_tested,implementation_self_check_passed_no_standard_worked_example,Visually verified against supplied PDF page 168; added to the equation inventory in v0.7 because the initial inventory counted only main-text equations.
SP16-EQ-Ж-013,СП 16.13330.2017 «Стальные конструкции»,Ж.5,Ж,168,Ж.13,lateral-torsional stability coefficient,annex calculation expression,Annex Ж equation (Ж.13) for bending stability coefficient calculation.,see structured public API docstring,annex_zh_eta_eq_zh13,explicit per function docstring,not_applicable,standard_core/crane_runway_and_bending_stability.py,annex_zh_eta_eq_zh13,implemented,normal_boundary_unit_sign_tested,implementation_self_check_passed_no_standard_worked_example,Visually verified against supplied PDF page 168; added to the equation inventory in v0.7 because the initial inventory counted only main-text equations.
SP16-EQ-Д-001,СП 16.13330.2017 «Стальные конструкции»,Приложение Д,Д,159,Д.1,beam-column out-of-plane stability,annex calculation expression,Open-section maximum out-of-plane coefficient c_max.,explicit unit-labelled section and force parameters,dimensionless c_max or parameter bundle,mm-based section properties and dimensionless outputs,not_applicable,standard_core/beam_column_stability.py,annex_d_open_section_cmax_eq_d1,implemented,passed: tests/test_beam_column_stability.py,implementation_self_check_passed,Annex D formula visually transcribed; no unstated default or interpolation is applied.
SP16-EQ-Д-002,СП 16.13330.2017 «Стальные конструкции»,Приложение Д,Д,159,Д.2,beam-column out-of-plane stability,annex calculation expression,"Open-section rho, omega, mu, delta and B parameter bundle.",explicit unit-labelled section and force parameters,dimensionless c_max or parameter bundle,mm-based section properties and dimensionless outputs,not_applicable,standard_core/beam_column_stability.py,annex_d_open_section_parameters_eq_d2,implemented,passed: tests/test_beam_column_stability.py,implementation_self_check_passed,Annex D formula visually transcribed; no unstated default or interpolation is applied.
SP16-EQ-Д-004,СП 16.13330.2017 «Стальные конструкции»,Приложение Д,Д,160,Д.4,beam-column out-of-plane stability,annex calculation expression,Maximum c for a doubly symmetric I-section continuously braced along one flange.,explicit unit-labelled section and force parameters,dimensionless c_max or parameter bundle,mm-based section properties and dimensionless outputs,not_applicable,standard_core/beam_column_stability.py,annex_d_continuous_bracing_cmax_eq_d4,implemented,passed: tests/test_beam_column_stability.py,implementation_self_check_passed,Annex D formula visually transcribed; no unstated default or interpolation is applied.
