audit_id,standard_reference,item_type,implemented_function_or_data_file,test_file,validation_case,status,comments
SP16-EQ-001,6.6,equation,standard_core/material_resistance.py:foundation_anchor_bolt_tension_design_resistance_n_mm2,tests/test_material_resistance.py,V11-SP16-EQ-001,implemented,Formula visually verified against supplied PDF page 13; coefficient 0.8 and Ryn input transcribed.
SP16-EQ-002,6.6,equation,standard_core/material_resistance.py:u_bolt_tension_design_resistance_n_mm2,tests/test_material_resistance.py,V11-SP16-EQ-002,implemented,Formula visually verified against supplied PDF page 13; coefficient 0.85 and Ryn input transcribed.
SP16-EQ-003,6.7,equation,standard_core/material_resistance.py,tests/test_equations.py,,no_code_explanatory,Tracked to preserve equation-number continuity and prevent accidental invention of a deleted formula.
SP16-EQ-004,6.8,equation,standard_core/material_resistance.py:high_strength_wire_tension_design_resistance_n_mm2,tests/test_material_resistance.py,V11-SP16-EQ-004,implemented,Formula visually verified against supplied PDF page 13; coefficient 0.63 and Run input transcribed.
SP16-EQ-005,7.1.1,equation,standard_core/axial_members.py:axial_strength_utilization_yield; axial_strength_utilization_ultimate,tests/test_axial_members.py,V11-SP16-EQ-005,implemented,Formula and both explicitly stated resistance branches visually verified on PDF page 14. Applicability selection remains explicit.
SP16-EQ-006,7.1.2,equation,standard_core/axial_members.py:single_angle_connection_strength_utilization,tests/test_axial_members.py,V11-SP16-EQ-006,implemented,Equation visually verified on PDF page 14. Clause geometry and steel-grade restrictions are documented and not inferred.
SP16-EQ-007,7.1.3,equation,standard_core/axial_members.py:central_compression_stability_utilization,tests/test_axial_members.py,V11-SP16-EQ-007,implemented,Equation visually verified on PDF page 15. Local-stability prerequisites 7.3.2-7.3.9 remain external to this release.
SP16-EQ-007A,,equation,standard_core/axial_workflows.py:central_compression_stability_utilization_eq7a,tests/test_stage_n3_axial_workflows.py,N3-SP16-EQ-007A,implemented,
SP16-EQ-008,7.1.3,equation,standard_core/axial_members.py:central_compression_stability_coefficient,tests/test_axial_members.py,V11-SP16-EQ-008,implemented,Equation and rule text visually verified on PDF page 15. Rationalized algebraic form is used for numerical stability without changing the equation.
SP16-EQ-009,7.1.3,equation,standard_core/axial_members.py:stability_delta,tests/test_axial_members.py,V11-SP16-EQ-009,implemented,Formula visually verified on PDF page 15.
SP16-EQ-010,7.1.5,equation,standard_core.axial_members.open_u_section_torsional_flexural_utilization,tests/test_final_annex_and_release_consolidation.py,AXIAL-EQ-010-RECONSTRUCTION,implemented,Reconstructed and independently regression-tested against surviving historical v0.22 seed evidence.
SP16-EQ-011,7.1.5,equation,standard_core.axial_members.open_u_section_phi_1,tests/test_final_annex_and_release_consolidation.py,AXIAL-EQ-011-RECONSTRUCTION,implemented,Reconstructed and independently regression-tested against surviving historical v0.22 seed evidence.
SP16-EQ-012,7.2.2-7.2.3,equation,standard_core/built_up_axial_members.py:battened_effective_slenderness_type_1,tests/test_built_up_axial_members.py,V11-SP16-EQ-012,implemented,Formula and symbols visually verified against supplied PDF pages 18-21; no unprinted coefficient or interpolation rule was invented.
SP16-EQ-013,7.2.2-7.2.3,equation,standard_core/built_up_axial_members.py:battened_effective_slenderness_type_2,tests/test_built_up_axial_members.py,V11-SP16-EQ-013,implemented,Formula and symbols visually verified against supplied PDF pages 18-21; no unprinted coefficient or interpolation rule was invented.
SP16-EQ-014,7.2.2-7.2.3,equation,standard_core/built_up_axial_members.py:battened_effective_slenderness_type_3,tests/test_built_up_axial_members.py,V11-SP16-EQ-014,implemented,Formula and symbols visually verified against supplied PDF pages 18-21; no unprinted coefficient or interpolation rule was invented.
SP16-EQ-015,7.2.2-7.2.5,equation,standard_core/built_up_axial_members.py:lattice_effective_slenderness_type_1,tests/test_built_up_axial_members.py,V11-SP16-EQ-015,implemented,Formula and symbols visually verified against supplied PDF pages 18-21; no unprinted coefficient or interpolation rule was invented.
SP16-EQ-016,7.2.2-7.2.5,equation,standard_core/built_up_axial_members.py:lattice_effective_slenderness_type_2,tests/test_built_up_axial_members.py,V11-SP16-EQ-016,implemented,Formula and symbols visually verified against supplied PDF pages 18-21; no unprinted coefficient or interpolation rule was invented.
SP16-EQ-017,7.2.2-7.2.5,equation,standard_core/built_up_axial_members.py:lattice_effective_slenderness_type_3,tests/test_built_up_axial_members.py,V11-SP16-EQ-017,implemented,Formula and symbols visually verified against supplied PDF pages 18-21; no unprinted coefficient or interpolation rule was invented.
SP16-EQ-018,7.2.7,equation,standard_core/built_up_axial_members.py:fictitious_shear_force_n,tests/test_built_up_axial_members.py,V11-SP16-EQ-018,implemented,Formula and symbols visually verified against supplied PDF pages 18-21; no unprinted coefficient or interpolation rule was invented.
SP16-EQ-019,7.2.8,equation,standard_core/built_up_axial_members.py:batten_shear_force_n,tests/test_built_up_axial_members.py,V11-SP16-EQ-019,implemented,Formula and symbols visually verified against supplied PDF pages 18-21; no unprinted coefficient or interpolation rule was invented.
SP16-EQ-020,7.2.8,equation,standard_core/built_up_axial_members.py:batten_bending_moment_n_mm,tests/test_built_up_axial_members.py,V11-SP16-EQ-020,implemented,Formula and symbols visually verified against supplied PDF pages 18-21; no unprinted coefficient or interpolation rule was invented.
SP16-EQ-021,7.2.9,equation,standard_core/built_up_axial_members.py:lattice_diagonal_force_n,tests/test_built_up_axial_members.py,V11-SP16-EQ-021,implemented,Formula and symbols visually verified against supplied PDF pages 18-21; no unprinted coefficient or interpolation rule was invented.
SP16-EQ-022,7.2.9,equation,standard_core/built_up_axial_members.py:cross_lattice_additional_diagonal_force_n,tests/test_built_up_axial_members.py,V11-SP16-EQ-022,implemented,Formula and symbols visually verified against supplied PDF pages 18-21; no unprinted coefficient or interpolation rule was invented.
SP16-EQ-023,7.3.2,equation,standard_core/local_stability.py:wall_slenderness_limit_eq23,tests/test_local_stability.py,V11-SP16-EQ-023,implemented,"Formula, branch conditions, caps, substitutions, and symbol definitions visually verified against supplied PDF pages 22-26."
SP16-EQ-024,7.3.2,equation,standard_core/local_stability.py:wall_slenderness_limit_eq24,tests/test_local_stability.py,V11-SP16-EQ-024,implemented,"Formula, branch conditions, caps, substitutions, and symbol definitions visually verified against supplied PDF pages 22-26."
SP16-EQ-025,7.3.2,equation,standard_core/local_stability.py:wall_slenderness_limit_eq25,tests/test_local_stability.py,V11-SP16-EQ-025,implemented,"Formula, branch conditions, caps, substitutions, and symbol definitions visually verified against supplied PDF pages 22-26."
SP16-EQ-026,7.3.2,equation,standard_core/local_stability.py:wall_slenderness_limit_eq26,tests/test_local_stability.py,V11-SP16-EQ-026,implemented,"Formula, branch conditions, caps, substitutions, and symbol definitions visually verified against supplied PDF pages 22-26."
SP16-EQ-027,7.3.2,equation,standard_core/local_stability.py:wall_slenderness_limit_eq27,tests/test_local_stability.py,V11-SP16-EQ-027,implemented,"Formula, branch conditions, caps, substitutions, and symbol definitions visually verified against supplied PDF pages 22-26."
SP16-EQ-028,7.3.2,equation,standard_core/local_stability.py:wall_slenderness_limit_eq28,tests/test_local_stability.py,V11-SP16-EQ-028,implemented,"Formula, branch conditions, caps, substitutions, and symbol definitions visually verified against supplied PDF pages 22-26."
SP16-EQ-029,7.3.2,equation,standard_core/local_stability.py:wall_slenderness_limit_eq29,tests/test_local_stability.py,V11-SP16-EQ-029,implemented,"Formula, branch conditions, caps, substitutions, and symbol definitions visually verified against supplied PDF pages 22-26."
SP16-EQ-030,7.3.4,equation,standard_core/local_stability.py:longitudinal_stiffener_wall_limit_multiplier_eq30,tests/test_local_stability.py,V11-SP16-EQ-030,implemented,"Formula, branch conditions, caps, substitutions, and symbol definitions visually verified against supplied PDF pages 22-26."
SP16-EQ-031,7.3.6,equation,standard_core/local_stability.py:reduced_area_i_or_channel_eq31,tests/test_local_stability.py,V11-SP16-EQ-031,implemented,"Formula, branch conditions, caps, substitutions, and symbol definitions visually verified against supplied PDF pages 22-26."
SP16-EQ-032,7.3.6,equation,standard_core/local_stability.py:reduced_area_box_central_eq32,tests/test_local_stability.py,V11-SP16-EQ-032,implemented,"Formula, branch conditions, caps, substitutions, and symbol definitions visually verified against supplied PDF pages 22-26."
SP16-EQ-033,7.3.6,equation,standard_core/local_stability.py:reduced_area_box_eccentric_eq33,tests/test_local_stability.py,V11-SP16-EQ-033,implemented,"Formula, branch conditions, caps, substitutions, and symbol definitions visually verified against supplied PDF pages 22-26."
SP16-EQ-034,7.3.6,equation,standard_core/local_stability.py:reduced_web_height_i_section_eq34,tests/test_local_stability.py,V11-SP16-EQ-034,implemented,"Formula, branch conditions, caps, substitutions, and symbol definitions visually verified against supplied PDF pages 22-26."
SP16-EQ-035,7.3.6,equation,standard_core/local_stability.py:reduced_plate_dimension_box_eq35,tests/test_local_stability.py,V11-SP16-EQ-035,implemented,"Formula, branch conditions, caps, substitutions, and symbol definitions visually verified against supplied PDF pages 22-26."
SP16-EQ-036,7.3.6,equation,standard_core/local_stability.py:reduced_web_height_channel_eq36,tests/test_local_stability.py,V11-SP16-EQ-036,implemented,"Formula, branch conditions, caps, substitutions, and symbol definitions visually verified against supplied PDF pages 22-26."
SP16-EQ-037,7.3.8,equation,standard_core/local_stability.py:flange_slenderness_limit_eq37,tests/test_local_stability.py,V11-SP16-EQ-037,implemented,"Formula, branch conditions, caps, substitutions, and symbol definitions visually verified against supplied PDF pages 22-26."
SP16-EQ-038,7.3.8,equation,standard_core/local_stability.py:flange_slenderness_limit_eq38,tests/test_local_stability.py,V11-SP16-EQ-038,implemented,"Formula, branch conditions, caps, substitutions, and symbol definitions visually verified against supplied PDF pages 22-26."
SP16-EQ-039,7.3.8,equation,standard_core/local_stability.py:flange_slenderness_limit_eq39,tests/test_local_stability.py,V11-SP16-EQ-039,implemented,"Formula, branch conditions, caps, substitutions, and symbol definitions visually verified against supplied PDF pages 22-26."
SP16-EQ-040,7.3.8,equation,standard_core/local_stability.py:flange_slenderness_limit_eq40,tests/test_local_stability.py,V11-SP16-EQ-040,implemented,"Formula, branch conditions, caps, substitutions, and symbol definitions visually verified against supplied PDF pages 22-26."
SP16-EQ-041,8.2.1,equation,standard_core/bending_members.py:elastic_bending_utilization_eq41,tests/test_bending_members.py,V11-SP16-EQ-041,implemented,"Stage N4 current-SP16 remediation: equation (61) reverified against current 8.2.8; formula uses alpha_f*r, not legacy c_xf*r. Frozen first API parameter retained but ignored. Linked applicability gates remain explicit."
SP16-EQ-042,8.2.1,equation,standard_core/bending_members.py:elastic_shear_utilization_eq42,tests/test_bending_members.py,V11-SP16-EQ-042,implemented,"Stage N4 current-SP16 remediation: equation (61) reverified against current 8.2.8; formula uses alpha_f*r, not legacy c_xf*r. Frozen first API parameter retained but ignored. Linked applicability gates remain explicit."
SP16-EQ-043,8.2.1,equation,standard_core/bending_members.py:elastic_combined_normal_utilization_eq43,tests/test_bending_members.py,V11-SP16-EQ-043,implemented,"Stage N4 current-SP16 remediation: equation (61) reverified against current 8.2.8; formula uses alpha_f*r, not legacy c_xf*r. Frozen first API parameter retained but ignored. Linked applicability gates remain explicit."
SP16-EQ-044,8.2.1,equation,standard_core/bending_members.py:elastic_web_equivalent_stress_checks_eq44,tests/test_bending_members.py,V11-SP16-EQ-044,implemented,"Stage N4 current-SP16 remediation: equation (61) reverified against current 8.2.8; formula uses alpha_f*r, not legacy c_xf*r. Frozen first API parameter retained but ignored. Linked applicability gates remain explicit."
SP16-EQ-045,8.2.1,equation,standard_core/bending_members.py:bolt_hole_factor_eq45,tests/test_bending_members.py,V11-SP16-EQ-045,implemented,"Stage N4 current-SP16 remediation: equation (61) reverified against current 8.2.8; formula uses alpha_f*r, not legacy c_xf*r. Frozen first API parameter retained but ignored. Linked applicability gates remain explicit."
SP16-EQ-046,8.2.2,equation,standard_core/bending_members.py:local_web_compression_utilization_eq46,tests/test_bending_members.py,V11-SP16-EQ-046,implemented,"Stage N4 current-SP16 remediation: equation (61) reverified against current 8.2.8; formula uses alpha_f*r, not legacy c_xf*r. Frozen first API parameter retained but ignored. Linked applicability gates remain explicit."
SP16-EQ-047,8.2.2,equation,standard_core/bending_members.py:local_web_compression_stress_eq47,tests/test_bending_members.py,V11-SP16-EQ-047,implemented,"Stage N4 current-SP16 remediation: equation (61) reverified against current 8.2.8; formula uses alpha_f*r, not legacy c_xf*r. Frozen first API parameter retained but ignored. Linked applicability gates remain explicit."
SP16-EQ-048,8.2.2,equation,standard_core/bending_members.py:effective_load_length_eq48,tests/test_bending_members.py,V11-SP16-EQ-048,implemented,"Stage N4 current-SP16 remediation: equation (61) reverified against current 8.2.8; formula uses alpha_f*r, not legacy c_xf*r. Frozen first API parameter retained but ignored. Linked applicability gates remain explicit."
SP16-EQ-049,8.2.2,equation,standard_core/bending_members.py:effective_load_length_crane_eq49,tests/test_bending_members.py,V11-SP16-EQ-049,implemented,"Stage N4 current-SP16 remediation: equation (61) reverified against current 8.2.8; formula uses alpha_f*r, not legacy c_xf*r. Frozen first API parameter retained but ignored. Linked applicability gates remain explicit."
SP16-EQ-050,8.2.3,equation,standard_core/bending_members.py:plastic_bending_utilization_eq50,tests/test_bending_members.py,V11-SP16-EQ-050,implemented,"Stage N4 current-SP16 remediation: equation (61) reverified against current 8.2.8; formula uses alpha_f*r, not legacy c_xf*r. Frozen first API parameter retained but ignored. Linked applicability gates remain explicit."
SP16-EQ-051,8.2.3,equation,standard_core/bending_members.py:plastic_biaxial_bending_utilization_eq51,tests/test_bending_members.py,V11-SP16-EQ-051,implemented,"Stage N4 current-SP16 remediation: equation (61) reverified against current 8.2.8; formula uses alpha_f*r, not legacy c_xf*r. Frozen first API parameter retained but ignored. Linked applicability gates remain explicit."
SP16-EQ-052,8.2.3,equation,standard_core/bending_members.py:plastic_shear_reduction_factor_eq52,tests/test_bending_members.py,V11-SP16-EQ-052,implemented,"Stage N4 current-SP16 remediation: equation (61) reverified against current 8.2.8; formula uses alpha_f*r, not legacy c_xf*r. Frozen first API parameter retained but ignored. Linked applicability gates remain explicit."
SP16-EQ-053,8.2.3,equation,standard_core/bending_members.py:constrained_torsion_utilization_eq53,tests/test_bending_members.py,V11-SP16-EQ-053,implemented,"Stage N4 current-SP16 remediation: equation (61) reverified against current 8.2.8; formula uses alpha_f*r, not legacy c_xf*r. Frozen first API parameter retained but ignored. Linked applicability gates remain explicit."
SP16-EQ-054,8.2.3,equation,standard_core/bending_members.py:support_shear_x_utilization_eq54,tests/test_bending_members.py,V11-SP16-EQ-054,implemented,"Stage N4 current-SP16 remediation: equation (61) reverified against current 8.2.8; formula uses alpha_f*r, not legacy c_xf*r. Frozen first API parameter retained but ignored. Linked applicability gates remain explicit."
SP16-EQ-055,8.2.3,equation,standard_core/bending_members.py:support_shear_y_utilization_eq55,tests/test_bending_members.py,V11-SP16-EQ-055,implemented,"Stage N4 current-SP16 remediation: equation (61) reverified against current 8.2.8; formula uses alpha_f*r, not legacy c_xf*r. Frozen first API parameter retained but ignored. Linked applicability gates remain explicit."
SP16-EQ-056,8.2.5,equation,standard_core/bending_members.py:redistributed_design_moment_eq56,tests/test_bending_members.py,V11-SP16-EQ-056,implemented,"Stage N4 current-SP16 remediation: equation (61) reverified against current 8.2.8; formula uses alpha_f*r, not legacy c_xf*r. Frozen first API parameter retained but ignored. Linked applicability gates remain explicit."
SP16-EQ-057,8.2.5,equation,standard_core/bending_members.py:effective_moment_hinged_end_eq57,tests/test_bending_members.py,V11-SP16-EQ-057,implemented,"Stage N4 current-SP16 remediation: equation (61) reverified against current 8.2.8; formula uses alpha_f*r, not legacy c_xf*r. Frozen first API parameter retained but ignored. Linked applicability gates remain explicit."
SP16-EQ-058,8.2.5,equation,standard_core/bending_members.py:effective_moment_intermediate_span_eq58,tests/test_bending_members.py,V11-SP16-EQ-058,implemented,"Stage N4 current-SP16 remediation: equation (61) reverified against current 8.2.8; formula uses alpha_f*r, not legacy c_xf*r. Frozen first API parameter retained but ignored. Linked applicability gates remain explicit."
SP16-EQ-059,8.2.8,equation,standard_core/bending_members.py:bimetal_bending_utilization_eq59,tests/test_bending_members.py,V11-SP16-EQ-059,implemented,"Stage N4 current-SP16 remediation: equation (61) reverified against current 8.2.8; formula uses alpha_f*r, not legacy c_xf*r. Frozen first API parameter retained but ignored. Linked applicability gates remain explicit."
SP16-EQ-060,8.2.8,equation,standard_core/bending_members.py:bimetal_biaxial_bending_utilization_eq60,tests/test_bending_members.py,V11-SP16-EQ-060,implemented,"Stage N4 current-SP16 remediation: equation (61) reverified against current 8.2.8; formula uses alpha_f*r, not legacy c_xf*r. Frozen first API parameter retained but ignored. Linked applicability gates remain explicit."
SP16-EQ-061,8.2.8,equation,standard_core/bending_members.py:bimetal_major_axis_coefficient_eq61,tests/test_bending_members.py,V11-SP16-EQ-061,implemented,"Stage N4 current-SP16 remediation: equation (61) reverified against current 8.2.8; formula uses alpha_f*r, not legacy c_xf*r. Frozen first API parameter retained but ignored. Linked applicability gates remain explicit."
SP16-EQ-062,8.2.8,equation,standard_core/bending_members.py:bimetal_shear_reduction_factor_eq62,tests/test_bending_members.py,V11-SP16-EQ-062,implemented,"Stage N4 current-SP16 remediation: equation (61) reverified against current 8.2.8; formula uses alpha_f*r, not legacy c_xf*r. Frozen first API parameter retained but ignored. Linked applicability gates remain explicit."
SP16-EQ-063,8.3.3,equation,standard_core/crane_runway_and_bending_stability.py:crane_runway_equivalent_stress_utilization_eq63,tests/test_crane_runway_and_bending_stability.py,V11-SP16-EQ-063,implemented,Visually verified against supplied PDF pages 32; implemented in v0.7.
SP16-EQ-064,8.3.3,equation,standard_core/crane_runway_and_bending_stability.py:crane_runway_longitudinal_normal_utilization_eq64,tests/test_crane_runway_and_bending_stability.py,V11-SP16-EQ-064,implemented,Visually verified against supplied PDF pages 32; implemented in v0.7.
SP16-EQ-065,8.3.3,equation,standard_core/crane_runway_and_bending_stability.py:crane_runway_transverse_normal_utilization_eq65,tests/test_crane_runway_and_bending_stability.py,V11-SP16-EQ-065,implemented,Visually verified against supplied PDF pages 32; implemented in v0.7.
SP16-EQ-066,8.3.3,equation,standard_core/crane_runway_and_bending_stability.py:crane_runway_shear_utilization_eq66,tests/test_crane_runway_and_bending_stability.py,V11-SP16-EQ-066,implemented,Visually verified against supplied PDF pages 32; implemented in v0.7.
SP16-EQ-067,8.3.3,equation,standard_core/crane_runway_and_bending_stability.py:crane_runway_stress_components_eq67,tests/test_crane_runway_and_bending_stability.py,V11-SP16-EQ-067,implemented,Visually verified against supplied PDF pages 33; implemented in v0.7.
SP16-EQ-068,8.3.3,equation,standard_core/crane_runway_and_bending_stability.py:crane_runway_local_torsional_moment_eq68,tests/test_crane_runway_and_bending_stability.py,V11-SP16-EQ-068,implemented,Visually verified against supplied PDF pages 33; implemented in v0.7.
SP16-EQ-069,8.4.1,equation,standard_core/crane_runway_and_bending_stability.py:lateral_torsional_stability_utilization_eq69,tests/test_crane_runway_and_bending_stability.py,V11-SP16-EQ-069,implemented,Visually verified against supplied PDF pages 34; implemented in v0.7.
SP16-EQ-070,8.4.1,equation,standard_core/crane_runway_and_bending_stability.py:lateral_torsional_combined_utilization_eq70,tests/test_crane_runway_and_bending_stability.py,V11-SP16-EQ-070,implemented,Visually verified against supplied PDF pages 34; implemented in v0.7.
SP16-EQ-071,8.4.4,equation,standard_core/crane_runway_and_bending_stability.py:table_11_limit_eq71,tests/test_crane_runway_and_bending_stability.py,V11-SP16-EQ-071,implemented,Visually verified against supplied PDF pages 35; implemented in v0.7.
SP16-EQ-072,8.4.4,equation,standard_core/crane_runway_and_bending_stability.py:table_11_limit_eq72,tests/test_crane_runway_and_bending_stability.py,V11-SP16-EQ-072,implemented,Visually verified against supplied PDF pages 35; implemented in v0.7.
SP16-EQ-073,8.4.4,equation,standard_core/crane_runway_and_bending_stability.py:table_11_limit_eq73,tests/test_crane_runway_and_bending_stability.py,V11-SP16-EQ-073,implemented,Visually verified against supplied PDF pages 35; implemented in v0.7.
SP16-EQ-074,8.4.5,equation,standard_core/crane_runway_and_bending_stability.py:compressed_flange_equivalent_force_eq74,tests/test_crane_runway_and_bending_stability.py,V11-SP16-EQ-074,implemented,Visually verified against supplied PDF pages 35; implemented in v0.7.
SP16-EQ-075,8.4.5,equation,standard_core/crane_runway_and_bending_stability.py:continuous_bracing_force_per_length_eq75,tests/test_crane_runway_and_bending_stability.py,V11-SP16-EQ-075,implemented,Visually verified against supplied PDF pages 36; implemented in v0.7.
SP16-EQ-076,8.4.6,equation,standard_core/crane_runway_and_bending_stability.py:class_2_3_stability_reduction_eq76,tests/test_crane_runway_and_bending_stability.py,V11-SP16-EQ-076,implemented,Visually verified against supplied PDF pages 36; implemented in v0.7.
SP16-EQ-077,8.4.6,equation,standard_core/crane_runway_and_bending_stability.py:class_2_3_coefficient_eq77,tests/test_crane_runway_and_bending_stability.py,V11-SP16-EQ-077,implemented,Visually verified against supplied PDF pages 36; implemented in v0.7.
SP16-EQ-078,8.5.2,equation,standard_core/bending_member_local_stability.py:bending_normal_stress_eq78,tests/test_bending_member_local_stability.py,V11-SP16-EQ-078,implemented,Formula transcription was visually checked on PDF pages 37-47. No normative worked example was present; validation is arithmetic and table-consistency checking.
SP16-EQ-079,8.5.2,equation,standard_core/bending_member_local_stability.py:average_web_shear_stress_eq79,tests/test_bending_member_local_stability.py,V11-SP16-EQ-079,implemented,Formula transcription was visually checked on PDF pages 37-47. No normative worked example was present; validation is arithmetic and table-consistency checking.
SP16-EQ-080,8.5.3,equation,standard_core/bending_member_local_stability.py:symmetric_web_buckling_utilization_eq80,tests/test_bending_member_local_stability.py,V11-SP16-EQ-080,implemented,Formula transcription was visually checked on PDF pages 37-47. No normative worked example was present; validation is arithmetic and table-consistency checking.
SP16-EQ-081,8.5.3,equation,standard_core/bending_member_local_stability.py:critical_normal_web_stress_eq81,tests/test_bending_member_local_stability.py,V11-SP16-EQ-081,implemented,Formula transcription was visually checked on PDF pages 37-47. No normative worked example was present; validation is arithmetic and table-consistency checking.
SP16-EQ-082,8.5.3,equation,standard_core/bending_member_local_stability.py:critical_local_web_stress_eq82,tests/test_bending_member_local_stability.py,V11-SP16-EQ-082,implemented,Formula transcription was visually checked on PDF pages 37-47. No normative worked example was present; validation is arithmetic and table-consistency checking.
SP16-EQ-083,8.5.3,equation,standard_core/bending_member_local_stability.py:critical_web_shear_stress_eq83,tests/test_bending_member_local_stability.py,V11-SP16-EQ-083,implemented,Formula transcription was visually checked on PDF pages 37-47. No normative worked example was present; validation is arithmetic and table-consistency checking.
SP16-EQ-084,8.5.4,equation,standard_core/bending_member_local_stability.py:flange_restraint_parameter_eq84,tests/test_bending_member_local_stability.py,V11-SP16-EQ-084,implemented,Formula transcription was visually checked on PDF pages 37-47. No normative worked example was present; validation is arithmetic and table-consistency checking.
SP16-EQ-085,8.5.7,equation,standard_core/bending_member_local_stability.py:asymmetric_tension_flange_web_utilization_eq85,tests/test_bending_member_local_stability.py,V11-SP16-EQ-085,implemented,Formula transcription was visually checked on PDF pages 37-47. No normative worked example was present; validation is arithmetic and table-consistency checking.
SP16-EQ-086,8.5.8,equation,standard_core/bending_member_local_stability.py:class_2_3_symmetric_web_utilization_eq86,tests/test_bending_member_local_stability.py,V11-SP16-EQ-086,implemented,Formula transcription was visually checked on PDF pages 37-47. No normative worked example was present; validation is arithmetic and table-consistency checking.
SP16-EQ-087,8.5.8,equation,standard_core/bending_member_local_stability.py:class_2_3_asymmetric_web_utilization_eq87,tests/test_bending_member_local_stability.py,V11-SP16-EQ-087,implemented,Formula transcription was visually checked on PDF pages 37-47. No normative worked example was present; validation is arithmetic and table-consistency checking.
SP16-EQ-088,8.5.8,equation,standard_core/bending_member_local_stability.py:compressed_web_zone_height_eq88,tests/test_bending_member_local_stability.py,V11-SP16-EQ-088,implemented,Formula transcription was visually checked on PDF pages 37-47. No normative worked example was present; validation is arithmetic and table-consistency checking.
SP16-EQ-089,8.5.12,equation,standard_core/bending_member_local_stability.py:upper_plate_utilization_eq89,tests/test_bending_member_local_stability.py,V11-SP16-EQ-089,implemented,Formula transcription was visually checked on PDF pages 37-47. No normative worked example was present; validation is arithmetic and table-consistency checking.
SP16-EQ-090,8.5.12,equation,standard_core/bending_member_local_stability.py:upper_plate_critical_normal_no_local_eq90,tests/test_bending_member_local_stability.py,V11-SP16-EQ-090,implemented,Formula transcription was visually checked on PDF pages 37-47. No normative worked example was present; validation is arithmetic and table-consistency checking.
SP16-EQ-091,8.5.12,equation,standard_core/bending_member_local_stability.py:upper_plate_critical_normal_with_local_eq91,tests/test_bending_member_local_stability.py,V11-SP16-EQ-091,implemented,Formula transcription was visually checked on PDF pages 37-47. No normative worked example was present; validation is arithmetic and table-consistency checking.
SP16-EQ-092,8.5.12,equation,standard_core/bending_member_local_stability.py:upper_plate_critical_local_eq92,tests/test_bending_member_local_stability.py,V11-SP16-EQ-092,implemented,Formula transcription was visually checked on PDF pages 37-47. No normative worked example was present; validation is arithmetic and table-consistency checking.
SP16-EQ-093,8.5.12,equation,standard_core/bending_member_local_stability.py:upper_plate_psi_and_slenderness_eq93,tests/test_bending_member_local_stability.py,V11-SP16-EQ-093,implemented,Formula transcription was visually checked on PDF pages 37-47. No normative worked example was present; validation is arithmetic and table-consistency checking.
SP16-EQ-094,8.5.12,equation,standard_core/bending_member_local_stability.py:lower_plate_utilization_eq94,tests/test_bending_member_local_stability.py,V11-SP16-EQ-094,implemented,Formula transcription was visually checked on PDF pages 37-47. No normative worked example was present; validation is arithmetic and table-consistency checking.
SP16-EQ-095,8.5.12,equation,standard_core/bending_member_local_stability.py:lower_plate_critical_normal_eq95,tests/test_bending_member_local_stability.py,V11-SP16-EQ-095,implemented,Formula transcription was visually checked on PDF pages 37-47. No normative worked example was present; validation is arithmetic and table-consistency checking.
SP16-EQ-096,8.5.12,equation,standard_core/bending_member_local_stability.py:lower_plate_relative_slenderness_eq96,tests/test_bending_member_local_stability.py,V11-SP16-EQ-096,implemented,Formula transcription was visually checked on PDF pages 37-47. No normative worked example was present; validation is arithmetic and table-consistency checking.
SP16-EQ-097,8.5.18,equation,standard_core/bending_member_local_stability.py:flange_outstand_limit_eq97,tests/test_bending_member_local_stability.py,V11-SP16-EQ-097,implemented,Formula transcription was visually checked on PDF pages 37-47. No normative worked example was present; validation is arithmetic and table-consistency checking.
SP16-EQ-098,8.5.18,equation,standard_core/bending_member_local_stability.py:box_flange_plate_limit_eq98,tests/test_bending_member_local_stability.py,V11-SP16-EQ-098,implemented,Formula transcription was visually checked on PDF pages 37-47. No normative worked example was present; validation is arithmetic and table-consistency checking.
SP16-EQ-099,8.5.19,equation,standard_core/bending_member_local_stability.py:class_2_3_flange_outstand_limit_eq99,tests/test_bending_member_local_stability.py,V11-SP16-EQ-099,implemented,Formula transcription was visually checked on PDF pages 37-47. No normative worked example was present; validation is arithmetic and table-consistency checking.
SP16-EQ-100,8.5.19,equation,standard_core/bending_member_local_stability.py:class_2_3_box_flange_limit_eq100,tests/test_bending_member_local_stability.py,V11-SP16-EQ-100,implemented,Formula transcription was visually checked on PDF pages 37-47. No normative worked example was present; validation is arithmetic and table-consistency checking.
SP16-EQ-101,8.6.2,equation,standard_core/base_plates_and_combined_force_strength.py:base_plate_required_thickness_eq101,tests/test_base_plates_and_combined_force_strength.py,V11-SP16-EQ-101,implemented,"Formula transcribed by visual audit from supplied PDF pages 47-48; units, signs, applicability, and limitations are explicit in the public API."
SP16-EQ-102,8.6.2,equation,standard_core/base_plates_and_combined_force_strength.py:base_plate_cantilever_moment_eq102,tests/test_base_plates_and_combined_force_strength.py,V11-SP16-EQ-102,implemented,"Formula transcribed by visual audit from supplied PDF pages 47-48; units, signs, applicability, and limitations are explicit in the public API."
SP16-EQ-103,8.6.2,equation,standard_core/base_plates_and_combined_force_strength.py:base_plate_four_side_moments_eq103,tests/test_base_plates_and_combined_force_strength.py,V11-SP16-EQ-103,implemented,"Formula transcribed by visual audit from supplied PDF pages 47-48; units, signs, applicability, and limitations are explicit in the public API."
SP16-EQ-104,8.6.2,equation,standard_core/base_plates_and_combined_force_strength.py:base_plate_three_side_moment_eq104,tests/test_base_plates_and_combined_force_strength.py,V11-SP16-EQ-104,implemented,"Formula transcribed by visual audit from supplied PDF pages 47-48; units, signs, applicability, and limitations are explicit in the public API."
SP16-EQ-105,9.1.1,equation,standard_core/base_plates_and_combined_force_strength.py:combined_force_strength_utilization_eq105,tests/test_base_plates_and_combined_force_strength.py,V11-SP16-EQ-105,implemented,"Formula transcribed by visual audit from supplied PDF pages 47-48; units, signs, applicability, and limitations are explicit in the public API."
SP16-EQ-106,9.1.1,equation,standard_core/base_plates_and_combined_force_strength.py:combined_force_point_utilization_eq106,tests/test_base_plates_and_combined_force_strength.py,V11-SP16-EQ-106,implemented,"Formula transcribed by visual audit from supplied PDF pages 47-48; units, signs, applicability, and limitations are explicit in the public API."
SP16-EQ-107,9.1.3,equation,standard_core/base_plates_and_combined_force_strength.py:high_strength_asymmetric_tension_fiber_utilization_eq107,tests/test_base_plates_and_combined_force_strength.py,V11-SP16-EQ-107,implemented,"Formula transcribed by visual audit from supplied PDF pages 47-48; units, signs, applicability, and limitations are explicit in the public API."
SP16-EQ-108,9.1.3,equation,standard_core/base_plates_and_combined_force_strength.py:high_strength_asymmetric_delta_eq108,tests/test_base_plates_and_combined_force_strength.py,V11-SP16-EQ-108,implemented,"Formula transcribed by visual audit from supplied PDF pages 47-48; units, signs, applicability, and limitations are explicit in the public API."
SP16-EQ-109,9.2.2,equation,standard_core/beam_column_stability.py:beam_column_in_plane_utilization_eq109,tests/test_beam_column_stability.py,V11-SP16-EQ-109,implemented,Formula visually transcribed from Section 9.2 and implemented without hidden interpolation or geometry classification.
SP16-EQ-110,9.2.2,equation,standard_core/beam_column_stability.py:effective_relative_eccentricity_eq110,tests/test_beam_column_stability.py,V11-SP16-EQ-110,implemented,Formula visually transcribed from Section 9.2 and implemented without hidden interpolation or geometry classification.
SP16-EQ-111,9.2.4,equation,standard_core/beam_column_stability.py:beam_column_out_of_plane_utilization_eq111,tests/test_beam_column_stability.py,V11-SP16-EQ-111,implemented,Formula visually transcribed from Section 9.2 and implemented without hidden interpolation or geometry classification.
SP16-EQ-112,9.2.5,equation,standard_core/beam_column_stability.py:out_of_plane_coefficient_c_eq112,tests/test_beam_column_stability.py,V11-SP16-EQ-112,implemented,Formula visually transcribed from Section 9.2 and implemented without hidden interpolation or geometry classification.
SP16-EQ-113,9.2.5,equation,standard_core/beam_column_stability.py:out_of_plane_coefficient_c_eq113,tests/test_beam_column_stability.py,V11-SP16-EQ-113,implemented,Formula visually transcribed from Section 9.2 and implemented without hidden interpolation or geometry classification.
SP16-EQ-114,9.2.5,equation,standard_core/beam_column_stability.py:out_of_plane_coefficient_c_eq114,tests/test_beam_column_stability.py,V11-SP16-EQ-114,implemented,Formula visually transcribed from Section 9.2 and implemented without hidden interpolation or geometry classification.
SP16-EQ-115,9.2.8,equation,standard_core/beam_column_stability.py:central_compression_out_of_plane_utilization_eq115,tests/test_beam_column_stability.py,V11-SP16-EQ-115,implemented,Formula visually transcribed from Section 9.2 and implemented without hidden interpolation or geometry classification.
SP16-EQ-116,9.2.9,equation,standard_core/beam_column_stability.py:biaxial_beam_column_utilization_eq116,tests/test_beam_column_stability.py,V11-SP16-EQ-116,implemented,Formula visually transcribed from Section 9.2 and implemented without hidden interpolation or geometry classification.
SP16-EQ-117,9.2.9,equation,standard_core/beam_column_stability.py:biaxial_stability_coefficient_eq117,tests/test_beam_column_stability.py,V11-SP16-EQ-117,implemented,Formula visually transcribed from Section 9.2 and implemented without hidden interpolation or geometry classification.
SP16-EQ-118,9.2.9,equation,standard_core/beam_column_stability.py:relative_eccentricity_x_eq118,tests/test_beam_column_stability.py,V11-SP16-EQ-118,implemented,Formula visually transcribed from Section 9.2 and implemented without hidden interpolation or geometry classification.
SP16-EQ-119,9.2.9,equation,standard_core/beam_column_stability.py:relative_eccentricity_y_eq119,tests/test_beam_column_stability.py,V11-SP16-EQ-119,implemented,Formula visually transcribed from Section 9.2 and implemented without hidden interpolation or geometry classification.
SP16-EQ-120,9.2.10,equation,standard_core/beam_column_stability.py:box_major_axis_utilization_eq120,tests/test_beam_column_stability.py,V11-SP16-EQ-120,implemented,Formula visually transcribed from Section 9.2 and implemented without hidden interpolation or geometry classification.
SP16-EQ-121,9.2.10,equation,standard_core/beam_column_stability.py:box_minor_axis_utilization_eq121,tests/test_beam_column_stability.py,V11-SP16-EQ-121,implemented,Formula visually transcribed from Section 9.2 and implemented without hidden interpolation or geometry classification.
SP16-EQ-122,9.2.10,equation,standard_core/beam_column_stability.py:box_delta_eq122,tests/test_beam_column_stability.py,V11-SP16-EQ-122,implemented,Formula visually transcribed from Section 9.2 and implemented without hidden interpolation or geometry classification.
SP16-EQ-123,9.3.2,equation,standard_core/built_up_beam_columns_and_combined_local_stability.py:built_up_relative_eccentricity_eq123,tests/test_built_up_beam_columns_and_combined_local_stability.py,V11-SP16-EQ-123,implemented,Formula visually transcribed from supplied PDF pages 53-57; no unstated interpolation or default is applied.
SP16-EQ-124,9.3.3,equation,standard_core/built_up_beam_columns_and_combined_local_stability.py:biaxial_branch_additional_force_eq124,tests/test_built_up_beam_columns_and_combined_local_stability.py,V11-SP16-EQ-124,implemented,Formula visually transcribed from supplied PDF pages 53-57; no unstated interpolation or default is applied.
SP16-EQ-125,9.4.2,equation,standard_core/built_up_beam_columns_and_combined_local_stability.py:web_limit_eq125,tests/test_built_up_beam_columns_and_combined_local_stability.py,V11-SP16-EQ-125,implemented,Formula visually transcribed from supplied PDF pages 53-57; no unstated interpolation or default is applied.
SP16-EQ-126,9.4.2,equation,standard_core/built_up_beam_columns_and_combined_local_stability.py:web_limit_eq126,tests/test_built_up_beam_columns_and_combined_local_stability.py,V11-SP16-EQ-126,implemented,Formula visually transcribed from supplied PDF pages 53-57; no unstated interpolation or default is applied.
SP16-EQ-127,9.4.2,equation,standard_core/built_up_beam_columns_and_combined_local_stability.py:web_limit_eq127,tests/test_built_up_beam_columns_and_combined_local_stability.py,V11-SP16-EQ-127,implemented,Formula visually transcribed from supplied PDF pages 53-57; no unstated interpolation or default is applied.
SP16-EQ-128,9.4.2,equation,standard_core/built_up_beam_columns_and_combined_local_stability.py:web_limit_eq128,tests/test_built_up_beam_columns_and_combined_local_stability.py,V11-SP16-EQ-128,implemented,Formula visually transcribed from supplied PDF pages 53-57; no unstated interpolation or default is applied.
SP16-EQ-129,9.4.2,equation,standard_core/built_up_beam_columns_and_combined_local_stability.py:web_limit_eq129,tests/test_built_up_beam_columns_and_combined_local_stability.py,V11-SP16-EQ-129,implemented,Formula visually transcribed from supplied PDF pages 53-57; no unstated interpolation or default is applied.
SP16-EQ-130,9.4.2,equation,standard_core/built_up_beam_columns_and_combined_local_stability.py:web_limit_eq130,tests/test_built_up_beam_columns_and_combined_local_stability.py,V11-SP16-EQ-130,implemented,Formula visually transcribed from supplied PDF pages 53-57; no unstated interpolation or default is applied.
SP16-EQ-131,9.4.3,equation,standard_core/built_up_beam_columns_and_combined_local_stability.py:web_limit_adjustment_eq131,tests/test_built_up_beam_columns_and_combined_local_stability.py,V11-SP16-EQ-131,implemented,Formula visually transcribed from supplied PDF pages 53-57; no unstated interpolation or default is applied.
SP16-EQ-132,9.4.7,equation,standard_core/built_up_beam_columns_and_combined_local_stability.py:flange_limit_eq132,tests/test_built_up_beam_columns_and_combined_local_stability.py,V11-SP16-EQ-132,implemented,Formula visually transcribed from supplied PDF pages 53-57; no unstated interpolation or default is applied.
SP16-EQ-133,9.4.7,equation,standard_core/built_up_beam_columns_and_combined_local_stability.py:flange_limit_eq133,tests/test_built_up_beam_columns_and_combined_local_stability.py,V11-SP16-EQ-133,implemented,Formula visually transcribed from supplied PDF pages 53-57; no unstated interpolation or default is applied.
SP16-EQ-134,9.4.7,equation,standard_core/built_up_beam_columns_and_combined_local_stability.py:flange_limit_eq134,tests/test_built_up_beam_columns_and_combined_local_stability.py,V11-SP16-EQ-134,implemented,Formula visually transcribed from supplied PDF pages 53-57; no unstated interpolation or default is applied.
SP16-EQ-135,9.4.7,equation,standard_core/built_up_beam_columns_and_combined_local_stability.py:flange_limit_eq135,tests/test_built_up_beam_columns_and_combined_local_stability.py,V11-SP16-EQ-135,implemented,Formula visually transcribed from supplied PDF pages 53-57; no unstated interpolation or default is applied.
SP16-EQ-136,Section 10 equation (136),equation,standard_core.effective_lengths_and_limiting_slenderness.truss_chord_effective_length_in_plane_eq136,tests/test_effective_lengths_and_limiting_slenderness.py,V12-EQ-136,implemented,Scalar formula with explicit domain checks.
SP16-EQ-137,Section 10 equation (137),equation,standard_core.effective_lengths_and_limiting_slenderness.truss_chord_effective_length_out_of_plane_eq137,tests/test_effective_lengths_and_limiting_slenderness.py,V12-EQ-137,implemented,Scalar formula with explicit domain checks.
SP16-EQ-138,Section 10 equation (138),equation,standard_core.effective_lengths_and_limiting_slenderness.built_up_column_branch_effective_length_in_plane_eq138,tests/test_effective_lengths_and_limiting_slenderness.py,V12-EQ-138,implemented,Current Change-6 text verified; equation (138) enforces printed lower bound lef >= 0.6*l. Legacy 0.61*l transcription remediated in Stage N7.
SP16-EQ-139,Section 10 equation (139),equation,standard_core.effective_lengths_and_limiting_slenderness.built_up_column_branch_effective_length_out_of_plane_eq139,tests/test_effective_lengths_and_limiting_slenderness.py,V12-EQ-139,implemented,"Current Change-6 text verified; equation (139) enforces printed lower bound lef,1 >= 0.5*l1. Legacy 0.51*l1 transcription remediated in Stage N7."
SP16-EQ-140,Section 10 equation (140),equation,standard_core.effective_lengths_and_limiting_slenderness.column_effective_length_eq140,tests/test_effective_lengths_and_limiting_slenderness.py,V12-EQ-140,implemented,Scalar formula with explicit domain checks.
SP16-EQ-141,Section 10 equation (141),equation,standard_core.effective_lengths_and_limiting_slenderness.sway_frame_mu_eq141,tests/test_effective_lengths_and_limiting_slenderness.py,V12-EQ-141,implemented,Current execution follows official FAU FCS clarification letter No. Исх-8076 dated 10.11.2023: mu = 2*sqrt(1+0.38/n); printed typo is not executed.
SP16-EQ-142,Section 10 equation (142),equation,standard_core.effective_lengths_and_limiting_slenderness.sway_frame_mu_eq142,tests/test_effective_lengths_and_limiting_slenderness.py,V12-EQ-142,implemented,Scalar formula with explicit domain checks.
SP16-EQ-143,Section 10 equation (143),equation,standard_core.effective_lengths_and_limiting_slenderness.sway_frame_mu_eq143,tests/test_effective_lengths_and_limiting_slenderness.py,V12-EQ-143,implemented,Scalar formula with explicit domain checks.
SP16-EQ-144,Section 10 equation (144),equation,standard_core.effective_lengths_and_limiting_slenderness.sway_frame_mu_eq144,tests/test_effective_lengths_and_limiting_slenderness.py,V12-EQ-144,implemented,Scalar formula with explicit domain checks.
SP16-EQ-145,Section 10 equation (145),equation,standard_core.effective_lengths_and_limiting_slenderness.nonsway_frame_mu_eq145,tests/test_effective_lengths_and_limiting_slenderness.py,V12-EQ-145,implemented,Scalar formula with explicit domain checks.
SP16-EQ-146,Section 10 equation (146),equation,standard_core.effective_lengths_and_limiting_slenderness.nonuniform_sway_frame_effective_length_eq146,tests/test_effective_lengths_and_limiting_slenderness.py,V12-EQ-146,implemented,Scalar formula with explicit domain checks.
SP16-EQ-147,Section 10 equation (147),equation,standard_core.effective_lengths_and_limiting_slenderness.frame_deformation_reduction_factor_eq147,tests/test_effective_lengths_and_limiting_slenderness.py,V12-EQ-147,implemented,Scalar formula with explicit domain checks.
SP16-EQ-148,11.1.1,equation,standard_core.sheet_structures_strength_and_stability.membrane_strength_utilization_eq148,tests/test_sheet_structures_strength_and_stability.py,V13-SP16-EQ-148,implemented,"Visually audited Section 11 formula with explicit units, domain checks, and traceable validation."
SP16-EQ-149,11.1.2,equation,standard_core.sheet_structures_strength_and_stability.meridional_stress_eq149,tests/test_sheet_structures_strength_and_stability.py,V13-SP16-EQ-149,implemented,"Visually audited Section 11 formula with explicit units, domain checks, and traceable validation."
SP16-EQ-150,11.1.2,equation,standard_core.sheet_structures_strength_and_stability.circumferential_stress_eq150,tests/test_sheet_structures_strength_and_stability.py,V13-SP16-EQ-150,implemented,"Visually audited Section 11 formula with explicit units, domain checks, and traceable validation."
SP16-EQ-151,11.1.3,equation,standard_core.sheet_structures_strength_and_stability.cylindrical_internal_pressure_stresses_eq151,tests/test_sheet_structures_strength_and_stability.py,V13-SP16-EQ-151,implemented,"Visually audited Section 11 formula with explicit units, domain checks, and traceable validation."
SP16-EQ-152,11.1.3,equation,standard_core.sheet_structures_strength_and_stability.spherical_internal_pressure_stresses_eq152,tests/test_sheet_structures_strength_and_stability.py,V13-SP16-EQ-152,implemented,"Visually audited Section 11 formula with explicit units, domain checks, and traceable validation."
SP16-EQ-153,11.1.3,equation,standard_core.sheet_structures_strength_and_stability.conical_internal_pressure_stresses_eq153,tests/test_sheet_structures_strength_and_stability.py,V13-SP16-EQ-153,implemented,"Visually audited Section 11 formula with explicit units, domain checks, and traceable validation."
SP16-EQ-154,11.2.1,equation,standard_core.sheet_structures_strength_and_stability.cylindrical_axial_stability_utilization_eq154,tests/test_sheet_structures_strength_and_stability.py,V13-SP16-EQ-154,implemented,"Visually audited Section 11 formula with explicit units, domain checks, and traceable validation."
SP16-EQ-155,11.2.1,equation,standard_core.sheet_structures_strength_and_stability.cylindrical_psi_eq155,tests/test_sheet_structures_strength_and_stability.py,V13-SP16-EQ-155,implemented,"Visually audited Section 11 formula with explicit units, domain checks, and traceable validation."
SP16-EQ-156,11.2.2,equation,standard_core.sheet_structures_strength_and_stability.tube_local_stability_utilization_eq156,tests/test_sheet_structures_strength_and_stability.py,V13-SP16-EQ-156,implemented,"Visually audited Section 11 formula with explicit units, domain checks, and traceable validation."
SP16-EQ-157,11.2.3,equation,standard_core.sheet_structures_strength_and_stability.cylindrical_panel_limit_eq157,tests/test_sheet_structures_strength_and_stability.py,V13-SP16-EQ-157,implemented,"Visually audited Section 11 formula with explicit units, domain checks, and traceable validation."
SP16-EQ-158,11.2.3,equation,standard_core.sheet_structures_strength_and_stability.cylindrical_panel_limit_eq158,tests/test_sheet_structures_strength_and_stability.py,V13-SP16-EQ-158,implemented,"Visually audited Section 11 formula with explicit units, domain checks, and traceable validation."
SP16-EQ-159,11.2.4,equation,standard_core.sheet_structures_strength_and_stability.cylindrical_external_pressure_utilization_eq159,tests/test_sheet_structures_strength_and_stability.py,V13-SP16-EQ-159,implemented,"Visually audited Section 11 formula with explicit units, domain checks, and traceable validation."
SP16-EQ-160,11.2.4,equation,standard_core.sheet_structures_strength_and_stability.cylindrical_external_pressure_critical_stress_eq160,tests/test_sheet_structures_strength_and_stability.py,V13-SP16-EQ-160,implemented,"Visually audited Section 11 formula with explicit units, domain checks, and traceable validation."
SP16-EQ-161,11.2.4,equation,standard_core.sheet_structures_strength_and_stability.cylindrical_external_pressure_critical_stress_eq161,tests/test_sheet_structures_strength_and_stability.py,V13-SP16-EQ-161,implemented,"Visually audited Section 11 formula with explicit units, domain checks, and traceable validation."
SP16-EQ-162,11.2.5,equation,standard_core.sheet_structures_strength_and_stability.cylindrical_combined_stability_utilization_eq162,tests/test_sheet_structures_strength_and_stability.py,V13-SP16-EQ-162,implemented,"Visually audited Section 11 formula with explicit units, domain checks, and traceable validation."
SP16-EQ-163,11.2.6,equation,standard_core.sheet_structures_strength_and_stability.conical_axial_stability_utilization_eq163,tests/test_sheet_structures_strength_and_stability.py,V13-SP16-EQ-163,implemented,"Visually audited Section 11 formula with explicit units, domain checks, and traceable validation."
SP16-EQ-164,11.2.6,equation,standard_core.sheet_structures_strength_and_stability.conical_critical_force_eq164,tests/test_sheet_structures_strength_and_stability.py,V13-SP16-EQ-164,implemented,"Visually audited Section 11 formula with explicit units, domain checks, and traceable validation."
SP16-EQ-165,11.2.6,equation,standard_core.sheet_structures_strength_and_stability.conical_equivalent_radius_eq165,tests/test_sheet_structures_strength_and_stability.py,V13-SP16-EQ-165,implemented,"Visually audited Section 11 formula with explicit units, domain checks, and traceable validation."
SP16-EQ-166,11.2.7,equation,standard_core.sheet_structures_strength_and_stability.conical_external_pressure_utilization_eq166,tests/test_sheet_structures_strength_and_stability.py,V13-SP16-EQ-166,implemented,"Visually audited Section 11 formula with explicit units, domain checks, and traceable validation."
SP16-EQ-167,11.2.7,equation,standard_core.sheet_structures_strength_and_stability.conical_external_pressure_critical_stress_eq167,tests/test_sheet_structures_strength_and_stability.py,V13-SP16-EQ-167,implemented,"Visually audited Section 11 formula with explicit units, domain checks, and traceable validation."
SP16-EQ-168,11.2.8,equation,standard_core.sheet_structures_strength_and_stability.conical_combined_stability_utilization_eq168,tests/test_sheet_structures_strength_and_stability.py,V13-SP16-EQ-168,implemented,"Visually audited Section 11 formula with explicit units, domain checks, and traceable validation."
SP16-EQ-169,11.2.9,equation,standard_core.sheet_structures_strength_and_stability.spherical_external_pressure_utilization_eq169,tests/test_sheet_structures_strength_and_stability.py,V13-SP16-EQ-169,implemented,"Visually audited Section 11 formula with explicit units, domain checks, and traceable validation."
SP16-EQ-170,12.1.2,equation,standard_core/fatigue_design.py:fatigue_utilization_eq170,tests/test_fatigue_design.py,V14-SP16-EQ-170,implemented,Section 12 formula visually transcribed and tested.
SP16-EQ-171,12.1.2,equation,standard_core/fatigue_design.py:cycle_factor_group_1_2_eq171,tests/test_fatigue_design.py,V14-SP16-EQ-171,implemented,Section 12 formula visually transcribed and tested.
SP16-EQ-172,12.1.2,equation,standard_core/fatigue_design.py:cycle_factor_group_3_8_eq172,tests/test_fatigue_design.py,V14-SP16-EQ-172,implemented,Section 12 formula visually transcribed and tested.
SP16-EQ-173,12.2,equation,standard_core/fatigue_design.py:crane_runway_web_fatigue_utilization_eq173,tests/test_fatigue_design.py,V14-SP16-EQ-173,implemented,Section 12 formula visually transcribed and tested.
SP16-EQ-174,13.5,equation,standard_core.brittle_fracture_and_welded_connections.lamellar_tearing_risk_sum_eq174,tests/test_brittle_fracture_and_welded_connections.py,V15-EQ174,implemented,Section 13/14.1 formula visually transcribed and tested.
SP16-EQ-175,14.1.14,equation,standard_core.brittle_fracture_and_welded_connections.butt_weld_axial_utilization_eq175,tests/test_brittle_fracture_and_welded_connections.py,V15-EQ175,implemented,Section 13/14.1 formula visually transcribed and tested.
SP16-EQ-176,14.1.16,equation,standard_core.brittle_fracture_and_welded_connections.fillet_weld_axial_metal_utilization_eq176,tests/test_brittle_fracture_and_welded_connections.py,V15-EQ176,implemented,Section 13/14.1 formula visually transcribed and tested.
SP16-EQ-177,14.1.16,equation,standard_core.brittle_fracture_and_welded_connections.fillet_weld_axial_fusion_utilization_eq177,tests/test_brittle_fracture_and_welded_connections.py,V15-EQ177,implemented,Section 13/14.1 formula visually transcribed and tested.
SP16-EQ-178,14.1.17,equation,standard_core.brittle_fracture_and_welded_connections.fillet_weld_out_of_plane_moment_metal_utilization_eq178,tests/test_brittle_fracture_and_welded_connections.py,V15-EQ178,implemented,Section 13/14.1 formula visually transcribed and tested.
SP16-EQ-179,14.1.17,equation,standard_core.brittle_fracture_and_welded_connections.fillet_weld_out_of_plane_moment_fusion_utilization_eq179,tests/test_brittle_fracture_and_welded_connections.py,V15-EQ179,implemented,Section 13/14.1 formula visually transcribed and tested.
SP16-EQ-180,14.1.18,equation,standard_core.brittle_fracture_and_welded_connections.fillet_weld_in_plane_moment_metal_utilization_eq180,tests/test_brittle_fracture_and_welded_connections.py,V15-EQ180,implemented,Section 13/14.1 formula visually transcribed and tested.
SP16-EQ-181,14.1.18,equation,standard_core.brittle_fracture_and_welded_connections.fillet_weld_in_plane_moment_fusion_utilization_eq181,tests/test_brittle_fracture_and_welded_connections.py,V15-EQ181,implemented,Section 13/14.1 formula visually transcribed and tested.
SP16-EQ-182,14.1.19,equation,standard_core.brittle_fracture_and_welded_connections.combined_fillet_weld_utilizations_eq182,tests/test_brittle_fracture_and_welded_connections.py,V15-EQ182,implemented,Section 13/14.1 formula visually transcribed and tested.
SP16-EQ-183,14.1.19,equation,standard_core.brittle_fracture_and_welded_connections.resultant_shear_stress_eq183,tests/test_brittle_fracture_and_welded_connections.py,V15-EQ183,implemented,Section 13/14.1 formula visually transcribed and tested.
SP16-EQ-184,14.1.20,equation,standard_core.brittle_fracture_and_welded_connections.spot_weld_shear_capacity_eq184,tests/test_brittle_fracture_and_welded_connections.py,V15-EQ184,implemented,Section 13/14.1 formula visually transcribed and tested.
SP16-EQ-185,14.1.20,equation,standard_core.brittle_fracture_and_welded_connections.spot_weld_tearout_capacity_eq185,tests/test_brittle_fracture_and_welded_connections.py,V15-EQ185,implemented,Section 13/14.1 formula visually transcribed and tested.
SP16-EQ-186,14.2.9,equation,standard_core.bolted_and_friction_connections.bolt_shear_capacity_eq186,tests/test_bolted_and_friction_connections.py,V16-EQ186,implemented,Visually verified formula and self-check.
SP16-EQ-187,14.2.9,equation,standard_core.bolted_and_friction_connections.bolt_bearing_capacity_eq187,tests/test_bolted_and_friction_connections.py,V16-EQ187,implemented,Visually verified formula and self-check.
SP16-EQ-188,14.2.9,equation,standard_core.bolted_and_friction_connections.bolt_tension_capacity_eq188,tests/test_bolted_and_friction_connections.py,V16-EQ188,implemented,Visually verified formula and self-check.
SP16-EQ-189,14.2.10,equation,standard_core.bolted_and_friction_connections.required_bolt_count_eq189,tests/test_bolted_and_friction_connections.py,V16-EQ189,implemented,Visually verified formula and self-check.
SP16-EQ-190,14.2.13,equation,standard_core.bolted_and_friction_connections.bolt_shear_tension_interaction_eq190,tests/test_bolted_and_friction_connections.py,V16-EQ190,implemented,Visually verified formula and self-check.
SP16-EQ-191,14.3.3,equation,standard_core.bolted_and_friction_connections.friction_plane_capacity_eq191,tests/test_bolted_and_friction_connections.py,V16-EQ191,implemented,Visually verified formula and self-check.
SP16-EQ-192,14.3.4,equation,standard_core.bolted_and_friction_connections.required_friction_bolt_count_eq192,tests/test_bolted_and_friction_connections.py,V16-EQ192,implemented,Visually verified formula and self-check.
SP16-EQ-193,14.4.1 equation (193),equation,standard_core/built_up_beam_flange_connections.py:stationary_weld_metal_utilization_eq193,tests/test_built_up_beam_flange_connections.py,V17-SP16-EQ-193,implemented,Stationary-load welded flange connection check along the weld-metal plane: |T|/(n beta_f k_f R_wf gamma_c).
SP16-EQ-194,14.4.1 equation (194),equation,standard_core/built_up_beam_flange_connections.py:stationary_fusion_boundary_utilization_eq194,tests/test_built_up_beam_flange_connections.py,V17-SP16-EQ-194,implemented,Stationary-load welded flange connection check along the fusion-boundary plane: |T|/(n beta_z k_f R_wz gamma_c).
SP16-EQ-195,14.4.1 equation (195),equation,standard_core/built_up_beam_flange_connections.py:stationary_friction_utilization_eq195,tests/test_built_up_beam_flange_connections.py,V17-SP16-EQ-195,implemented,Stationary-load friction flange connection check: |T| s/(Q_bh k gamma_c).
SP16-EQ-196,14.4.1 equation (196),equation,standard_core/built_up_beam_flange_connections.py:moving_weld_metal_utilization_eq196,tests/test_built_up_beam_flange_connections.py,V17-SP16-EQ-196,implemented,Moving-load two-sided welded flange connection check along the weld-metal plane.
SP16-EQ-197,14.4.1 equation (197),equation,standard_core/built_up_beam_flange_connections.py:moving_fusion_boundary_utilization_eq197,tests/test_built_up_beam_flange_connections.py,V17-SP16-EQ-197,implemented,Moving-load two-sided welded flange connection check along the fusion-boundary plane.
SP16-EQ-198,14.4.1 equation (198),equation,standard_core/built_up_beam_flange_connections.py:moving_friction_utilization_eq198,tests/test_built_up_beam_flange_connections.py,V17-SP16-EQ-198,implemented,Moving-load friction flange connection check with alpha-weighted local pressure.
SP16-EQ-199,15.12.2,equation,standard_core/structural_detailing_and_support_bearings.py:cylindrical_hinge_local_bearing_utilization_eq199,tests/test_structural_detailing_and_support_bearings.py,V18-SP16-EQ-199,implemented,Visually verified against supplied PDF pages 97-98 or 108; no unstated interpolation or formula is introduced.
SP16-EQ-200,15.12.3,equation,standard_core/structural_detailing_and_support_bearings.py:roller_diametral_compression_utilization_eq200,tests/test_structural_detailing_and_support_bearings.py,V18-SP16-EQ-200,implemented,Visually verified against supplied PDF pages 97-98 or 108; no unstated interpolation or formula is introduced.
SP16-EQ-201,16.5,equation,standard_core.overhead_line_and_switchyard_supports.maximum_slenderness_eq201,tests/test_overhead_line_and_switchyard_supports.py,V19-SP16-EQ-201,implemented,Visually transcribed and directly tested.
SP16-EQ-202,16.5,equation,standard_core.overhead_line_and_switchyard_supports.maximum_slenderness_eq202,tests/test_overhead_line_and_switchyard_supports.py,V19-SP16-EQ-202,implemented,Visually transcribed and directly tested.
SP16-EQ-203,16.5,equation,standard_core.overhead_line_and_switchyard_supports.maximum_slenderness_eq203,tests/test_overhead_line_and_switchyard_supports.py,V19-SP16-EQ-203,implemented,Visually transcribed and directly tested.
SP16-EQ-204,16.6,equation,standard_core.overhead_line_and_switchyard_supports.relative_eccentricity_eq204,tests/test_overhead_line_and_switchyard_supports.py,V19-SP16-EQ-204,implemented,Visually transcribed and directly tested.
SP16-EQ-205,16.6,equation,standard_core.overhead_line_and_switchyard_supports.relative_eccentricity_eq205,tests/test_overhead_line_and_switchyard_supports.py,V19-SP16-EQ-205,implemented,Visually transcribed and directly tested.
SP16-EQ-206,16.8,equation,standard_core.overhead_line_and_switchyard_supports.guyed_rectangular_moment_eq206,tests/test_overhead_line_and_switchyard_supports.py,V19-SP16-EQ-206,implemented,Visually transcribed and directly tested.
SP16-EQ-207,16.9,equation,standard_core.overhead_line_and_switchyard_supports.guyed_rectangular_shear_eq207,tests/test_overhead_line_and_switchyard_supports.py,V19-SP16-EQ-207,implemented,Visually transcribed and directly tested.
SP16-EQ-208,16.10,equation,standard_core.overhead_line_and_switchyard_supports.triangular_additional_chord_force_eq208,tests/test_overhead_line_and_switchyard_supports.py,V19-SP16-EQ-208,implemented,Visually transcribed and directly tested.
SP16-EQ-209,16.12,equation,standard_core.overhead_line_and_switchyard_supports.bolted_angle_chord_factor_eq209,tests/test_overhead_line_and_switchyard_supports.py,V19-SP16-EQ-209,implemented,Visually transcribed and directly tested.
SP16-EQ-210,16.12,equation,standard_core.overhead_line_and_switchyard_supports.bolted_angle_chord_factor_eq210,tests/test_overhead_line_and_switchyard_supports.py,V19-SP16-EQ-210,implemented,Visually transcribed and directly tested.
SP16-EQ-211,16.12,equation,standard_core.overhead_line_and_switchyard_supports.bolted_angle_brace_factor_eq211,tests/test_overhead_line_and_switchyard_supports.py,V19-SP16-EQ-211,implemented,Visually transcribed and directly tested.
SP16-EQ-212,16.12,equation,standard_core.overhead_line_and_switchyard_supports.bolted_angle_brace_factor_eq212,tests/test_overhead_line_and_switchyard_supports.py,V19-SP16-EQ-212,implemented,Visually transcribed and directly tested.
SP16-EQ-213,16.20,equation,standard_core.overhead_line_and_switchyard_supports.polygonal_tube_wall_stability_utilization_eq213,tests/test_overhead_line_and_switchyard_supports.py,V19-SP16-EQ-213,implemented,Visually transcribed and directly tested.
SP16-EQ-214,16.20,equation,standard_core.overhead_line_and_switchyard_supports.polygonal_tube_critical_stress_eq214,tests/test_overhead_line_and_switchyard_supports.py,V19-SP16-EQ-214,implemented,Visually transcribed and directly tested.
SP16-EQ-215,17.16,equation,standard_core.antenna_structures.vibration_damper_distance_eq215,tests/test_antenna_structures.py,V20-SP16-EQ-215,implemented,Equation (215) visually transcribed from PDF page 117 and independently arithmetic-tested.
SP16-EQ-216,18.3.13,equation,standard_core/reconstruction_assessment.py:symmetric_compression_strength_utilization_eq216,tests/test_reconstruction_assessment.py,V21-SP16-EQ-216,implemented,Equation visually verified on PDF pages 122-125 and covered by direct arithmetic tests.
SP16-EQ-217,18.3.13,equation,standard_core/reconstruction_assessment.py:asymmetric_strength_utilization_eq217,tests/test_reconstruction_assessment.py,V21-SP16-EQ-217,implemented,Equation visually verified on PDF pages 122-125 and covered by direct arithmetic tests.
SP16-EQ-218,18.3.14,equation,standard_core/reconstruction_assessment.py:strengthened_member_stability_utilization_eq218,tests/test_reconstruction_assessment.py,V21-SP16-EQ-218,implemented,Equation visually verified on PDF pages 122-125 and covered by direct arithmetic tests.
SP16-EQ-219,18.3.14,equation,standard_core/reconstruction_assessment.py:reduced_relative_eccentricity_eq219,tests/test_reconstruction_assessment.py,V21-SP16-EQ-219,implemented,Equation visually verified on PDF pages 122-125 and covered by direct arithmetic tests.
SP16-EQ-220,18.3.14,equation,standard_core/reconstruction_assessment.py:equivalent_eccentricity_eq220,tests/test_reconstruction_assessment.py,V21-SP16-EQ-220,implemented,Equation visually verified on PDF pages 122-125 and covered by direct arithmetic tests.
SP16-EQ-221,18.3.14,equation,standard_core/reconstruction_assessment.py:post_strengthening_initial_deflection_eq221,tests/test_reconstruction_assessment.py,V21-SP16-EQ-221,implemented,Equation visually verified on PDF pages 122-125 and covered by direct arithmetic tests.
SP16-EQ-222,18.3.14,equation,standard_core/reconstruction_assessment.py:welding_residual_deflection_eq222,tests/test_reconstruction_assessment.py,V21-SP16-EQ-222,implemented,Equation visually verified on PDF pages 122-125 and covered by direct arithmetic tests.
SP16-EQ-223,18.3.15,equation,standard_core/reconstruction_assessment.py:effective_design_resistance_eq223,tests/test_reconstruction_assessment.py,V21-SP16-EQ-223,implemented,Equation visually verified on PDF pages 122-125 and covered by direct arithmetic tests.
SP16-EQ-224,18.3.15,equation,standard_core/reconstruction_assessment.py:composite_resistance_factor_eq224,tests/test_reconstruction_assessment.py,V21-SP16-EQ-224,implemented,Equation visually verified on PDF pages 122-125 and covered by direct arithmetic tests.
SP16-EQ-Ж-001,Ж.2,equation,standard_core/crane_runway_and_bending_stability.py:annex_zh_phi_b_eq_zh1,tests/test_crane_runway_and_bending_stability.py,V11-SP16-EQ-Ж-001,implemented,Visually verified against supplied PDF page 164; added to the equation inventory in v0.7 because the initial inventory counted only main-text equations.
SP16-EQ-Ж-002,Ж.2,equation,standard_core/crane_runway_and_bending_stability.py:annex_zh_phi_b_eq_zh2,tests/test_crane_runway_and_bending_stability.py,V11-SP16-EQ-Ж-002,implemented,Visually verified against supplied PDF page 164; added to the equation inventory in v0.7 because the initial inventory counted only main-text equations.
SP16-EQ-Ж-003,Ж.2,equation,standard_core/crane_runway_and_bending_stability.py:annex_zh_phi1_eq_zh3,tests/test_crane_runway_and_bending_stability.py,V11-SP16-EQ-Ж-003,implemented,Visually verified against supplied PDF page 164; added to the equation inventory in v0.7 because the initial inventory counted only main-text equations.
SP16-EQ-Ж-004,Ж.3,equation,standard_core/crane_runway_and_bending_stability.py:annex_zh_alpha_rolled_eq_zh4,tests/test_crane_runway_and_bending_stability.py,V11-SP16-EQ-Ж-004,implemented,Visually verified against supplied PDF page 164; added to the equation inventory in v0.7 because the initial inventory counted only main-text equations.
SP16-EQ-Ж-005,Ж.3,equation,standard_core/crane_runway_and_bending_stability.py:annex_zh_alpha_built_up_eq_zh5,tests/test_crane_runway_and_bending_stability.py,V11-SP16-EQ-Ж-005,implemented,Visually verified against supplied PDF page 164; added to the equation inventory in v0.7 because the initial inventory counted only main-text equations.
SP16-EQ-Ж-006,Ж.4,equation,standard_core/crane_runway_and_bending_stability.py:annex_zh_monosymmetric_phi1_eq_zh6,tests/test_crane_runway_and_bending_stability.py,V11-SP16-EQ-Ж-006,implemented,Visually verified against supplied PDF page 165; added to the equation inventory in v0.7 because the initial inventory counted only main-text equations.
SP16-EQ-Ж-007,Ж.4,equation,standard_core/crane_runway_and_bending_stability.py:annex_zh_monosymmetric_phi2_eq_zh7,tests/test_crane_runway_and_bending_stability.py,V11-SP16-EQ-Ж-007,implemented,Visually verified against supplied PDF page 165; added to the equation inventory in v0.7 because the initial inventory counted only main-text equations.
SP16-EQ-Ж-008,Ж.4,equation,standard_core/crane_runway_and_bending_stability.py:annex_zh_flange_inertia_ratio_n_eq_zh8,tests/test_crane_runway_and_bending_stability.py,V11-SP16-EQ-Ж-008,implemented,Visually verified against supplied PDF page 165; added to the equation inventory in v0.7 because the initial inventory counted only main-text equations.
SP16-EQ-Ж-009,Ж.4,equation,standard_core/crane_runway_and_bending_stability.py:annex_zh_psi_a_eq_zh9,tests/test_crane_runway_and_bending_stability.py,V11-SP16-EQ-Ж-009,implemented,Visually verified against supplied PDF page 165; added to the equation inventory in v0.7 because the initial inventory counted only main-text equations.
SP16-EQ-Ж-010,Ж.5,equation,standard_core/crane_runway_and_bending_stability.py:annex_zh_delta_eq_zh10,tests/test_crane_runway_and_bending_stability.py,V11-SP16-EQ-Ж-010,implemented,Visually verified against supplied PDF page 168; added to the equation inventory in v0.7 because the initial inventory counted only main-text equations.
SP16-EQ-Ж-011,Ж.5,equation,standard_core/crane_runway_and_bending_stability.py:annex_zh_mu_eq_zh11,tests/test_crane_runway_and_bending_stability.py,V11-SP16-EQ-Ж-011,implemented,Visually verified against supplied PDF page 168; added to the equation inventory in v0.7 because the initial inventory counted only main-text equations.
SP16-EQ-Ж-012,Ж.5,equation,standard_core/crane_runway_and_bending_stability.py:annex_zh_beta_eq_zh12,tests/test_crane_runway_and_bending_stability.py,V11-SP16-EQ-Ж-012,implemented,Visually verified against supplied PDF page 168; added to the equation inventory in v0.7 because the initial inventory counted only main-text equations.
SP16-EQ-Ж-013,Ж.5,equation,standard_core/crane_runway_and_bending_stability.py:annex_zh_eta_eq_zh13,tests/test_crane_runway_and_bending_stability.py,V11-SP16-EQ-Ж-013,implemented,Visually verified against supplied PDF page 168; added to the equation inventory in v0.7 because the initial inventory counted only main-text equations.
SP16-EQ-Д-001,Приложение Д,equation,standard_core/beam_column_stability.py:annex_d_open_section_cmax_eq_d1,tests/test_beam_column_stability.py,V11-SP16-EQ-Д-001,implemented,Annex D formula visually transcribed; no unstated default or interpolation is applied.
SP16-EQ-Д-002,Приложение Д,equation,standard_core/beam_column_stability.py:annex_d_open_section_parameters_eq_d2,tests/test_beam_column_stability.py,V11-SP16-EQ-Д-002,implemented,Annex D formula visually transcribed; no unstated default or interpolation is applied.
SP16-EQ-Д-004,Приложение Д,equation,standard_core/beam_column_stability.py:annex_d_continuous_bracing_cmax_eq_d4,tests/test_beam_column_stability.py,V11-SP16-EQ-Д-004,implemented,Annex D formula visually transcribed; no unstated default or interpolation is applied.
SP16-TBL-1,4.3.2,table,data/table_1_working_condition_factors.json; standard_core.general_requirements.table_1_working_condition_factor,tests/test_final_annex_and_release_consolidation.py,,implemented_as_data,Exact categorical transcription including Note 5 gamma_c=1; no automatic classification.
SP16-TBL-2,6.1,table,data/table_2_resistance_formulas.json; standard_core/material_resistance.py,tests/test_material_resistance.py,CORE-TBL-2,implemented_as_data,Formula coefficients visually transcribed from PDF page 11 into data/table_2_resistance_formulas.json and exposed through audited functions.
SP16-TBL-3,6.1,table,data/table_3_material_safety_factors.json; standard_core/material_resistance.py,tests/test_material_resistance.py,CORE-TBL-3,implemented_as_data,Four gamma_m categories visually transcribed from PDF page 11. Category selection remains explicit and is never inferred.
SP16-TBL-4,6.4,table,data/table_4_weld_resistance_formulas.json; standard_core/material_resistance.py,tests/test_material_resistance.py,CORE-TBL-4,implemented_as_data,Weld resistance formulas visually transcribed from PDF page 12. The interval 490 < Rwun < 590 for gamma_wm is not specified and is not interpolated.
SP16-TBL-5,6.5,table,data/table_5_bolt_resistance_factors.json; standard_core/material_resistance.py,tests/test_material_resistance.py,CORE-TBL-5,implemented_as_data,Bolt-class factors and bearing factors visually transcribed from PDF page 13; bearing applicability is enforced at yield strength <= 450 N/mm2.
SP16-TBL-6,7.1.2,table,data/table_6_single_angle_coefficients.json; standard_core.axial_members.table_6_angle_coefficients,tests/test_axial_members.py,AXIAL-TBL-006,implemented_as_data,Discrete coefficients and footnote applicability visually extracted from PDF page 14; no interpolation or extrapolation.
SP16-TBL-7,7.1.3,table,data/table_7_section_type_coefficients.json; standard_core.axial_members.table_7_section_coefficients,tests/test_axial_members.py,AXIAL-TBL-007,implemented_as_data,Alpha/beta values and classification notes visually extracted from PDF pages 15-16. Arbitrary geometry is not auto-classified.
SP16-TBL-8,7.2.2-7.2.5,table,data/table_8_built_up_effective_slenderness.json; standard_core/built_up_axial_members.py,tests/test_built_up_axial_members.py,BUILTUP-TBL-008,implemented_as_data,"All six formula cells, coefficient definitions, symbol notes, and the type-1 note were visually verified on PDF pages 18-19."
SP16-TBL-9,7.3.2,table,data/table_9_wall_slenderness_limits.json; standard_core/local_stability.py,tests/test_local_stability.py,LOCAL-TBL-009,implemented_as_data,"Four diagram groups, seven numbered formulas, branch conditions, caps, ratio limits, and notes transcribed from PDF pages 22-23."
SP16-TBL-10,7.3.8-7.3.9,table,data/table_10_flange_slenderness_limits.json; standard_core/local_stability.py,tests/test_local_stability.py,LOCAL-TBL-010,implemented_as_data,"Four diagram groups, formulas (37)-(40), member-slenderness boundary substitution, and edge-stiffener multipliers transcribed from PDF pages 25-26."
SP16-TBL-10а,8.2.3,table,data/table_10a_constrained_torsion_coefficients.json; standard_core/bending_members.py,tests/test_bending_members.py,BEND-TBL-10A,implemented_as_data,All 11 printed nodes and the stated linear-interpolation procedure transcribed from PDF page 30; extrapolation is rejected.
SP16-TBL-11,8.4.4,table,data/table_11_lateral_torsional_slenderness_limits.json,tests/test_crane_runway_and_bending_stability.py,V07-SP16-TBL-11,implemented_as_data,Visually transcribed into data/table_11_lateral_torsional_slenderness_limits.json and exposed through audited lookup/calculation functions in v0.7.
SP16-TBL-12,8.5.4,table,data/table_12_web_buckling_c_cr.json,tests/test_crane_runway_and_bending_stability.py,V07-SP16-TBL-12,implemented_as_data,Visually transcribed into data/table_12_web_buckling_c_cr.json and exposed through audited lookup/calculation functions in v0.7.
SP16-TBL-13,8.5.4,table,data/table_13_compressed_flange_beta.json,tests/test_crane_runway_and_bending_stability.py,V07-SP16-TBL-13,implemented_as_data,Visually transcribed into data/table_13_compressed_flange_beta.json and exposed through audited lookup/calculation functions in v0.7.
SP16-TBL-14,8.5.5,table,data/tables_14_to_19_bending_local_stability.json,tests/test_bending_member_local_stability.py,BLS-TBL-14,implemented_as_data,All printed nodes and terminal rules were visually transcribed. No unstated interpolation is used; Table 19 required longitudinal inertia uses the explicitly stated linear interpolation.
SP16-TBL-15,8.5.5,table,data/tables_14_to_19_bending_local_stability.json,tests/test_bending_member_local_stability.py,BLS-TBL-15,implemented_as_data,All printed nodes and terminal rules were visually transcribed. No unstated interpolation is used; Table 19 required longitudinal inertia uses the explicitly stated linear interpolation.
SP16-TBL-16,8.5.5,table,data/tables_14_to_19_bending_local_stability.json,tests/test_bending_member_local_stability.py,BLS-TBL-16,implemented_as_data,All printed nodes and terminal rules were visually transcribed. No unstated interpolation is used; Table 19 required longitudinal inertia uses the explicitly stated linear interpolation.
SP16-TBL-17,8.5.7,table,data/tables_14_to_19_bending_local_stability.json,tests/test_bending_member_local_stability.py,BLS-TBL-17,implemented_as_data,All printed nodes and terminal rules were visually transcribed. No unstated interpolation is used; Table 19 required longitudinal inertia uses the explicitly stated linear interpolation.
SP16-TBL-18,8.5.8,table,data/tables_14_to_19_bending_local_stability.json,tests/test_bending_member_local_stability.py,BLS-TBL-18,implemented_as_data,All printed nodes and terminal rules were visually transcribed. No unstated interpolation is used; Table 19 required longitudinal inertia uses the explicitly stated linear interpolation.
SP16-TBL-19,8.5.15,table,data/tables_14_to_19_bending_local_stability.json,tests/test_bending_member_local_stability.py,BLS-TBL-19,implemented_as_data,All printed nodes and terminal rules were visually transcribed. No unstated interpolation is used; Table 19 required longitudinal inertia uses the explicitly stated linear interpolation.
SP16-TBL-20,9.2.3,table,data/table_20_effective_moment_rules.json,tests/test_beam_column_stability.py,BC-SP16-TBL-20,implemented_as_data,Visually transcribed as audited JSON/formula metadata. Exact printed-node lookup is used where the standard states no interpolation rule; diagram classification remains explicit.
SP16-TBL-21,9.2.5,table,data/table_21_out_of_plane_coefficients.json,tests/test_beam_column_stability.py,BC-SP16-TBL-21,implemented_as_data,Visually transcribed as audited JSON/formula metadata. Exact printed-node lookup is used where the standard states no interpolation rule; diagram classification remains explicit.
SP16-TBL-22,9.4.2,table,data/table_22_combined_web_slenderness_limits.json,tests/test_built_up_beam_columns_and_combined_local_stability.py,V11-SP16-TBL-22,implemented_as_data,Formula catalogue and notes stored in data/table_22_combined_web_slenderness_limits.json; formula execution is in the v0.11 module.
SP16-TBL-23,9.4.7,table,data/table_23_combined_flange_slenderness_limits.json,tests/test_built_up_beam_columns_and_combined_local_stability.py,V11-SP16-TBL-23,implemented_as_data,Formula catalogue and notes stored in data/table_23_combined_flange_slenderness_limits.json; formula execution is in the v0.11 module.
SP16-TBL-24,Table 24,table,data/tables_24_to_33_effective_lengths.json,tests/test_effective_lengths_and_limiting_slenderness.py,V12-TBL-24,implemented_as_data,Visual transcription with lookup tests.
SP16-TBL-25,Table 25,table,data/tables_24_to_33_effective_lengths.json,tests/test_effective_lengths_and_limiting_slenderness.py,V12-TBL-25,implemented_as_data,Visual transcription with lookup tests.
SP16-TBL-26,Table 26,table,data/tables_24_to_33_effective_lengths.json,tests/test_effective_lengths_and_limiting_slenderness.py,V12-TBL-26,implemented_as_data,Visual transcription with lookup tests.
SP16-TBL-27,Table 27,table,data/tables_24_to_33_effective_lengths.json,tests/test_effective_lengths_and_limiting_slenderness.py,V12-TBL-27,implemented_as_data,Visual transcription with lookup tests.
SP16-TBL-28,Table 28,table,data/tables_24_to_33_effective_lengths.json,tests/test_effective_lengths_and_limiting_slenderness.py,V12-TBL-28,implemented_as_data,Visual transcription with lookup tests.
SP16-TBL-29,Table 29,table,data/tables_24_to_33_effective_lengths.json,tests/test_effective_lengths_and_limiting_slenderness.py,V12-TBL-29,implemented_as_data,Visual transcription with lookup tests.
SP16-TBL-30,Table 30,table,data/tables_24_to_33_effective_lengths.json,tests/test_effective_lengths_and_limiting_slenderness.py,V12-TBL-30,implemented_as_data,Visual transcription with lookup tests.
SP16-TBL-31,Table 31,table,data/tables_24_to_33_effective_lengths.json,tests/test_effective_lengths_and_limiting_slenderness.py,V12-TBL-31,implemented_as_data,Visual transcription with lookup tests.
SP16-TBL-32,Table 32,table,data/tables_24_to_33_effective_lengths.json,tests/test_effective_lengths_and_limiting_slenderness.py,V12-TBL-32,implemented_as_data,Visual transcription with lookup tests.
SP16-TBL-33,Table 33,table,data/tables_24_to_33_effective_lengths.json,tests/test_effective_lengths_and_limiting_slenderness.py,V12-TBL-33,implemented_as_data,Visual transcription with lookup tests.
SP16-TBL-34,11.2.1,table,data/table_34_cylindrical_shell_coefficient.json,tests/test_sheet_structures_strength_and_stability.py,V13-SP16-TBL-34,implemented_as_data,Nine printed nodes transcribed; exact-node lookup only.
SP16-TBL-35,12.1.2,table,data/table_35_fatigue_resistance.json,tests/test_fatigue_design.py,V14-SP16-TBL-35,implemented_as_data,Fatigue table visually transcribed; no unstated interpolation.
SP16-TBL-36,12.1.2,table,data/table_36_fatigue_asymmetry_factor.json,tests/test_fatigue_design.py,V14-SP16-TBL-36,implemented_as_data,Fatigue table visually transcribed; no unstated interpolation.
SP16-TBL-37,37,table,data/table_37_lamellar_tearing_risk_factors.json,tests/test_brittle_fracture_and_welded_connections.py,V15-SP16-TBL-37,implemented_as_data,Exact audited table data; no unstated interpolation.
SP16-TBL-38,38,table,data/table_38_minimum_fillet_weld_legs.json,tests/test_brittle_fracture_and_welded_connections.py,V15-SP16-TBL-38,implemented_as_data,Exact audited table data; no unstated interpolation.
SP16-TBL-39,39,table,data/table_39_fillet_weld_coefficients.json,tests/test_brittle_fracture_and_welded_connections.py,V15-SP16-TBL-39,implemented_as_data,Exact audited table data; no unstated interpolation.
SP16-TBL-40,14.2.8,table,data/table_40_bolt_spacing.json,tests/test_bolted_and_friction_connections.py,V16-T40,implemented_as_data,Audited JSON transcription with explicit boundary rules.
SP16-TBL-41,14.2.9,table,data/table_41_bolted_connection_working_factors.json,tests/test_bolted_and_friction_connections.py,V16-T41,implemented_as_data,Audited JSON transcription with explicit boundary rules.
SP16-TBL-42,14.3.3,table,data/table_42_friction_connection_coefficients.json,tests/test_bolted_and_friction_connections.py,V16-T42,implemented_as_data,Audited JSON transcription with explicit boundary rules.
SP16-TBL-43,14.4.1 Table 43,table,data/table_43_built_up_beam_flange_connections.json,tests/test_built_up_beam_flange_connections.py,V17-SP16-TBL-43,implemented_as_data,Exact Table 43 formula catalogue and symbol definitions.
SP16-TBL-44,15.1,table,data/table_44_temperature_joint_distances.json,tests/test_structural_detailing_and_support_bearings.py,V18-SP16-TBL-44,implemented_as_data,Visually verified against supplied PDF pages 97-98 or 108; no unstated interpolation or formula is introduced.
SP16-TBL-45,16.4,table,data/table_45_overhead_line_working_conditions.json,tests/test_overhead_line_and_switchyard_supports.py,V19-SP16-TBL-45,implemented_as_data,Complete visual transcription with explicit boundary notes.
SP16-TBL-46,16.15,table,data/table_46_support_deformation_limits.json,tests/test_overhead_line_and_switchyard_supports.py,V19-SP16-TBL-46,implemented_as_data,Complete visual transcription with explicit boundary notes.
SP16-TBL-47,17.6,table,data/table_47_antenna_structure_working_conditions.json,tests/test_antenna_structures.py,V20-SP16-TBL-47-*,implemented_as_data,All 13 printed rows transcribed and exact-lookup tested.
SP16-TBL-48,18.2.7,table,data/table_48_riveted_connection_resistances.json,tests/test_reconstruction_assessment.py,V21-SP16-TBL-48-*,implemented_as_data,All printed rows and notes transcribed and exact-lookup tested.
SP16-TBL-Б-1,Приложение Б,table,data/annex_b1_physical_properties.json,tests/test_stage_n1_material_strength.py,SP16-N1-SOURCE-MATRIX,implemented_as_data,Stage N1 source-backed material table; current locked СП16 source hash 302c2c45...; no interpolation/extrapolation.
SP16-TBL-Б-2,Приложение Б,table,data/annex_reconstruction_catalog_v0_22.json,,,external_reference_required,Explicit external normative lookup boundary in reconstructed r1; no incomplete/raw text is claimed as implemented numeric data.
SP16-TBL-В-1,Приложение В,table,data/annex_reconstruction_catalog_v0_22.json,,,external_reference_required,Explicit external normative lookup boundary in reconstructed r1; no incomplete/raw text is claimed as implemented numeric data.
SP16-TBL-В-2,Приложение В,table,data/annex_reconstruction_catalog_v0_22.json,,,external_reference_required,Explicit external normative lookup boundary in reconstructed r1; no incomplete/raw text is claimed as implemented numeric data.
SP16-TBL-В-3,Приложение В,table,data/annex_v3_strength_resistances.json,tests/test_stage_n1_material_strength.py,SP16-N1-SOURCE-MATRIX,implemented_as_data,Stage N1 source-backed material table; current locked СП16 source hash 302c2c45...; no interpolation/extrapolation.
SP16-TBL-В-4,Приложение В,table,data/annex_v4_parallel_flange_i_strength_resistances.json,tests/test_stage_n1_material_strength.py,SP16-N1-SOURCE-MATRIX,implemented_as_data,Stage N1 source-backed material table; current locked СП16 source hash 302c2c45...; no interpolation/extrapolation.
SP16-TBL-В-5,Приложение В,table,data/annex_v5_shaped_strength_resistances.json,tests/test_stage_n1_material_strength.py,SP16-N1-SOURCE-MATRIX,implemented_as_data,Stage N1 source-backed material table; current locked СП16 source hash 302c2c45...; no interpolation/extrapolation.
SP16-TBL-В-6,Приложение В,table,data/annex_reconstruction_catalog_v0_22.json,,,external_reference_required,Explicit external normative lookup boundary in reconstructed r1; no incomplete/raw text is claimed as implemented numeric data.
SP16-TBL-В-7,Приложение В,table,data/annex_reconstruction_catalog_v0_22.json,,,external_reference_required,Explicit external normative lookup boundary in reconstructed r1; no incomplete/raw text is claimed as implemented numeric data.
SP16-TBL-В-8,Приложение В,table,data/annex_reconstruction_catalog_v0_22.json,,,external_reference_required,Explicit external normative lookup boundary in reconstructed r1; no incomplete/raw text is claimed as implemented numeric data.
SP16-TBL-В-9,Приложение В,table,data/annex_reconstruction_catalog_v0_22.json,,,external_reference_required,Explicit external normative lookup boundary in reconstructed r1; no incomplete/raw text is claimed as implemented numeric data.
SP16-TBL-Г-1,Приложение Г,table,data/annex_reconstruction_catalog_v0_22.json,,,external_reference_required,Explicit external normative lookup boundary in reconstructed r1; no incomplete/raw text is claimed as implemented numeric data.
SP16-TBL-Г-2,Приложение Г,table,data/annex_reconstruction_catalog_v0_22.json,,,external_reference_required,Explicit external normative lookup boundary in reconstructed r1; no incomplete/raw text is claimed as implemented numeric data.
SP16-TBL-Г-3,Приложение Г,table,data/annex_reconstruction_catalog_v0_22.json,,,external_reference_required,Explicit external normative lookup boundary in reconstructed r1; no incomplete/raw text is claimed as implemented numeric data.
SP16-TBL-Г-4,Приложение Г,table,data/annex_reconstruction_catalog_v0_22.json,,,external_reference_required,Explicit external normative lookup boundary in reconstructed r1; no incomplete/raw text is claimed as implemented numeric data.
SP16-TBL-Г-5,Приложение Г,table,data/annex_reconstruction_catalog_v0_22.json,,,external_reference_required,Explicit external normative lookup boundary in reconstructed r1; no incomplete/raw text is claimed as implemented numeric data.
SP16-TBL-Г-6,Приложение Г,table,data/annex_reconstruction_catalog_v0_22.json,,,external_reference_required,Explicit external normative lookup boundary in reconstructed r1; no incomplete/raw text is claimed as implemented numeric data.
SP16-TBL-Г-7,Приложение Г,table,data/annex_reconstruction_catalog_v0_22.json,,,external_reference_required,Explicit external normative lookup boundary in reconstructed r1; no incomplete/raw text is claimed as implemented numeric data.
SP16-TBL-Г-8,Приложение Г,table,standard_core/annex_data.py,tests/test_tables.py,,no_code_explanatory,"Excluded in the supplied edition (Исключена, Изм. N 2); retained to preserve table-number continuity."
SP16-TBL-Г-9,Приложение Г,table,data/annex_reconstruction_catalog_v0_22.json,,,external_reference_required,Explicit external normative lookup boundary in reconstructed r1; no incomplete/raw text is claimed as implemented numeric data.
SP16-TBL-Д-1,Приложение Д,table,data/annex_d_table_d1_stability_coefficients.json; standard_core.axial_members.annex_d1_stability_coefficient,tests/test_axial_members.py,AXIAL-D1-*,implemented_as_data,All printed values visually extracted from PDF pages 150-151 as integers scaled by 1000. Exact-node lookup only.
SP16-TBL-Д-2,Приложение Д,table,data/annex_d_tables_d2_to_d6.json,tests/test_beam_column_stability.py,BC-SP16-TBL-Д-2,implemented_as_data,Visually transcribed as audited JSON/formula metadata. Exact printed-node lookup is used where the standard states no interpolation rule; diagram classification remains explicit.
SP16-TBL-Д-3,Приложение Д,table,data/annex_d_tables_d2_to_d6.json,tests/test_beam_column_stability.py,BC-SP16-TBL-Д-3,implemented_as_data,Visually transcribed as audited JSON/formula metadata. Exact printed-node lookup is used where the standard states no interpolation rule; diagram classification remains explicit.
SP16-TBL-Д-4,Приложение Д,table,data/annex_d_tables_d2_to_d6.json,tests/test_beam_column_stability.py,BC-SP16-TBL-Д-4,implemented_as_data,Visually transcribed as audited JSON/formula metadata. Exact printed-node lookup is used where the standard states no interpolation rule; diagram classification remains explicit.
SP16-TBL-Д-5,Приложение Д,table,data/annex_d_tables_d2_to_d6.json,tests/test_beam_column_stability.py,BC-SP16-TBL-Д-5,implemented_as_data,Visually transcribed as audited JSON/formula metadata. Exact printed-node lookup is used where the standard states no interpolation rule; diagram classification remains explicit.
SP16-TBL-Д-6,Приложение Д,table,data/annex_d_tables_d2_to_d6.json,tests/test_beam_column_stability.py,BC-SP16-TBL-Д-6,implemented_as_data,Visually transcribed as audited JSON/formula metadata. Exact printed-node lookup is used where the standard states no interpolation rule; diagram classification remains explicit.
SP16-TBL-Е-1,8.2.3; Приложение Е,table,data/annex_e_table_e1_plastic_coefficients.json; standard_core/bending_members.py,tests/test_bending_members.py,BEND-TBL-E1,implemented_as_data,"All section types, printed coefficient nodes, interpolation rule, coefficient cap, and n footnote transcribed from PDF pages 161-163; section-diagram classification remains explicit."
SP16-TBL-Е-2,Приложение Е,table,data/annex_e_table_e2_base_plate_coefficients.json,tests/test_base_plates_and_combined_force_strength.py,BPCS-SP16-TBL-Е-2,implemented_as_data,All printed nodes and terminal >2 columns were visually transcribed from page 163. No interpolation is applied because the standard gives no interpolation rule for Table E.2.
SP16-TBL-Ж-1,Приложение Ж,table,data/annex_zh_tables.json,tests/test_crane_runway_and_bending_stability.py,V07-SP16-TBL-Ж-1,implemented_as_data,Visually transcribed into data/annex_zh_tables.json and exposed through audited lookup/calculation functions in v0.7.
SP16-TBL-Ж-2,Приложение Ж,table,data/annex_zh_tables.json,tests/test_crane_runway_and_bending_stability.py,V07-SP16-TBL-Ж-2,implemented_as_data,Visually transcribed into data/annex_zh_tables.json and exposed through audited lookup/calculation functions in v0.7.
SP16-TBL-Ж-3,Приложение Ж,table,data/annex_zh_tables.json,tests/test_crane_runway_and_bending_stability.py,V07-SP16-TBL-Ж-3,implemented_as_data,Visually transcribed into data/annex_zh_tables.json and exposed through audited lookup/calculation functions in v0.7.
SP16-TBL-Ж-4,Приложение Ж,table,data/annex_zh_tables.json,tests/test_crane_runway_and_bending_stability.py,V07-SP16-TBL-Ж-4,implemented_as_data,Visually transcribed into data/annex_zh_tables.json and exposed through audited lookup/calculation functions in v0.7.
SP16-TBL-Ж-5,Приложение Ж,table,data/annex_zh_tables.json,tests/test_crane_runway_and_bending_stability.py,V07-SP16-TBL-Ж-5,implemented_as_data,Visually transcribed into data/annex_zh_tables.json and exposed through audited lookup/calculation functions in v0.7.
SP16-TBL-И-1,Приложение И,table,data/annex_reconstruction_catalog_v0_22.json,,,external_reference_required,Explicit external normative lookup boundary in reconstructed r1; no incomplete/raw text is claimed as implemented numeric data.
SP16-TBL-И-2,Приложение И,table,data/annex_reconstruction_catalog_v0_22.json,,,external_reference_required,Explicit external normative lookup boundary in reconstructed r1; no incomplete/raw text is claimed as implemented numeric data.
SP16-TBL-И-3,Приложение И,table,data/annex_reconstruction_catalog_v0_22.json,,,external_reference_required,Explicit external normative lookup boundary in reconstructed r1; no incomplete/raw text is claimed as implemented numeric data.
SP16-TBL-И-4,Приложение И,table,data/annex_reconstruction_catalog_v0_22.json,,,external_reference_required,Explicit external normative lookup boundary in reconstructed r1; no incomplete/raw text is claimed as implemented numeric data.
SP16-TBL-И-5,Приложение И,table,data/annex_reconstruction_catalog_v0_22.json,,,external_reference_required,Explicit external normative lookup boundary in reconstructed r1; no incomplete/raw text is claimed as implemented numeric data.
SP16-TBL-К-1,Приложение К,table,data/annex_k_table_k1_fatigue_groups.json,tests/test_fatigue_design.py,V14-SP16-TBL-К-1,implemented_as_data,Fatigue table visually transcribed; no unstated interpolation.
SP16-PROC-6.2,6.2,procedure,standard_core.material_resistance.cold_formed_section_design_resistance_n_mm2,tests/test_material_resistance.py,CORE-PROC-6-2,implemented,Identity procedure visually verified on PDF page 11.
SP16-PROC-6.4-DISSIMILAR,6.4,procedure,standard_core.material_resistance.dissimilar_steel_butt_weld_governing_resistance_n_mm2,tests/test_material_resistance.py,CORE-PROC-6-4,implemented,Post-table rule visually verified on PDF page 12.
SP16-PROC-6.4-GAMMA-WM,6.4,procedure,standard_core.material_resistance.weld_metal_safety_factor,tests/test_material_resistance.py,CORE-PROC-6-4,implemented,No interpolation is applied in the unspecified 490-590 N/mm2 interval.
SP16-PROC-6.9,6.9,procedure,standard_core.material_resistance.steel_rope_design_tension_force_n,tests/test_material_resistance.py,CORE-PROC-6-9,implemented,Breaking force is an external product-standard/certificate input.
SP16-PROC-7.1.1-RESISTANCE-BASIS,7.1.1,procedure,standard_core.axial_members.axial_strength_utilization_yield,tests/test_axial_members.py,AXIAL-PROCEDURE-SELF-CHECK,implemented,Branch selection is explicit; the package does not infer service-after-yield permission.
SP16-PROC-7.1.2-GAMMA-C1,7.1.2,procedure,standard_core.axial_members.single_angle_working_condition_factor,tests/test_axial_members.py,AXIAL-PROCEDURE-SELF-CHECK,implemented,Unnumbered expression visually verified directly below equation (6).
SP16-PROC-7.1.2-SPECIAL-REDUCTION,7.1.2,procedure,standard_core.axial_members.single_angle_working_condition_factor,tests/test_axial_members.py,AXIAL-PROCEDURE-SELF-CHECK,implemented,Applicability is a mandatory explicit boolean and is not inferred from labels.
SP16-PROC-7.1.3-RELATIVE-SLENDERNESS,7.1.3,procedure,standard_core.axial_members.relative_slenderness,tests/test_axial_members.py,AXIAL-PROCEDURE-SELF-CHECK,implemented,Definition visually verified below equation (9).
SP16-PROC-7.1.3-PHI-RULES,7.1.3,procedure,standard_core.axial_members.central_compression_stability_coefficient,tests/test_axial_members.py,AXIAL-PROCEDURE-SELF-CHECK,implemented,The clause text says “above”; Table D.1 uses capped values at boundary nodes. The implementation follows Table D.1 at equality and records the ambiguity.
SP16-PROC-7.2.1-STRENGTH,7.2.1,procedure,standard_core/built_up_axial_members.py::built_up_axial_strength_utilization,tests/test_built_up_axial_members.py,BUILTUP-PROC-7.2.1-STRENGTH,implemented,Visually verified against supplied PDF pages 17-21. Ambiguous or externally solved routes are surfaced explicitly.
SP16-PROC-7.2.2-METHOD-SELECTION,7.2.2,procedure,standard_core/built_up_axial_members.py::built_up_stability_method,tests/test_built_up_axial_members.py,BUILTUP-PROC-7.2.2-METHOD-SELECTION,implemented,Visually verified against supplied PDF pages 17-21. Ambiguous or externally solved routes are surfaced explicitly.
SP16-PROC-7.2.2-OVERALL-STABILITY,7.2.2,procedure,standard_core/built_up_axial_members.py::lattice_built_up_stability_utilization,tests/test_built_up_axial_members.py,BUILTUP-PROC-7.2.2-OVERALL-STABILITY,implemented,Visually verified against supplied PDF pages 17-21. Ambiguous or externally solved routes are surfaced explicitly.
SP16-PROC-7.2.3-BATTEN-BRANCH-LIMIT,7.2.3,procedure,standard_core/built_up_axial_members.py::batten_branch_slenderness_check,tests/test_built_up_axial_members.py,BUILTUP-PROC-7.2.3-BATTEN-BRANCH-LIMIT,implemented,Visually verified against supplied PDF pages 17-21. Ambiguous or externally solved routes are surfaced explicitly.
SP16-PROC-7.2.4-LATTICE-BRANCH-LIMIT,7.2.4,procedure,standard_core/built_up_axial_members.py::lattice_branch_slenderness_assessment,tests/test_built_up_axial_members.py,BUILTUP-PROC-7.2.4-LATTICE-BRANCH-LIMIT,implemented,Visually verified against supplied PDF pages 17-21. Ambiguous or externally solved routes are surfaced explicitly.
SP16-PROC-7.2.5-BRANCH-PHI,7.2.5,procedure,standard_core/built_up_axial_members.py::lattice_branch_stability_coefficient,tests/test_built_up_axial_members.py,BUILTUP-PROC-7.2.5-BRANCH-PHI,implemented,Visually verified against supplied PDF pages 17-21. Ambiguous or externally solved routes are surfaced explicitly.
SP16-PROC-7.2.5-REDUCED-RESISTANCE,7.2.5,procedure,standard_core/built_up_axial_members.py::lattice_built_up_stability_utilization,tests/test_built_up_axial_members.py,BUILTUP-PROC-7.2.5-REDUCED-RESISTANCE,implemented,Visually verified against supplied PDF pages 17-21. Ambiguous or externally solved routes are surfaced explicitly.
SP16-PROC-7.2.6-CONNECTION-SPACING,7.2.6,procedure,standard_core/built_up_axial_members.py::close_contact_connection_spacing_check,tests/test_built_up_axial_members.py,BUILTUP-PROC-7.2.6-CONNECTION-SPACING,implemented,Visually verified against supplied PDF pages 17-21. Ambiguous or externally solved routes are surfaced explicitly.
SP16-PROC-7.2.7-SHEAR-DISTRIBUTION,7.2.7,procedure,standard_core/built_up_axial_members.py::distribute_fictitious_shear,tests/test_built_up_axial_members.py,BUILTUP-PROC-7.2.7-SHEAR-DISTRIBUTION,implemented,Visually verified against supplied PDF pages 17-21. Ambiguous or externally solved routes are surfaced explicitly.
SP16-PROC-7.2.10-RESTRAINT-FORCE,7.2.10,procedure,standard_core/built_up_axial_members.py::reduced_length_brace_design_force_n,tests/test_built_up_axial_members.py,BUILTUP-PROC-7.2.10-RESTRAINT-FORCE,implemented,Visually verified against supplied PDF pages 17-21. Ambiguous or externally solved routes are surfaced explicitly.
SP16-PROC-7.2.10-COLUMN-SPACER,7.2.10,procedure,standard_core/built_up_axial_members.py::column_branch_spacer_fictitious_shear_n,tests/test_built_up_axial_members.py,BUILTUP-PROC-7.2.10-COLUMN-SPACER,implemented,Visually verified against supplied PDF pages 17-21. Ambiguous or externally solved routes are surfaced explicitly.
SP16-PROC-7.3.1-WEB-GEOMETRY,7.3.1,procedure,standard_core/local_stability.py::local_stability_geometry_rule_catalog,tests/test_local_stability.py,LOCAL-PROC-7.3.1-WEB-GEOMETRY,implemented,Procedure and applicability rules visually verified against supplied PDF pages 22-26; geometry classification remains explicit.
SP16-PROC-7.3.2-WEB-SLENDERNESS,7.3.2,procedure,standard_core/local_stability.py::wall_relative_slenderness,tests/test_local_stability.py,LOCAL-PROC-7.3.2-WEB-SLENDERNESS,implemented,Procedure and applicability rules visually verified against supplied PDF pages 22-26; geometry classification remains explicit.
SP16-PROC-7.3.2-TABLE-9-ROUTING,7.3.2,procedure,standard_core/local_stability.py::wall_slenderness_limit,tests/test_local_stability.py,LOCAL-PROC-7.3.2-TABLE-9-ROUTING,implemented,Procedure and applicability rules visually verified against supplied PDF pages 22-26; geometry classification remains explicit.
SP16-PROC-7.3.3-TRANSVERSE-STIFFENERS,7.3.3,procedure,standard_core/local_stability.py::transverse_stiffener_requirements,tests/test_local_stability.py,LOCAL-PROC-7.3.3-TRANSVERSE-STIFFENERS,implemented,Procedure and applicability rules visually verified against supplied PDF pages 22-26; geometry classification remains explicit.
SP16-PROC-7.3.4-LONGITUDINAL-STIFFENER,7.3.4,procedure,standard_core/local_stability.py::longitudinal_stiffener_wall_limit_multiplier_eq30,tests/test_local_stability.py,LOCAL-PROC-7.3.4-LONGITUDINAL-STIFFENER,implemented,Procedure and applicability rules visually verified against supplied PDF pages 22-26; geometry classification remains explicit.
SP16-PROC-7.3.5-REDUCED-AREA-TRIGGER,7.3.5,procedure,standard_core/local_stability.py::reduced_area_required,tests/test_local_stability.py,LOCAL-PROC-7.3.5-REDUCED-AREA-TRIGGER,implemented,Procedure and applicability rules visually verified against supplied PDF pages 22-26; geometry classification remains explicit.
SP16-PROC-7.3.6-REDUCED-DIMENSIONS,7.3.6,procedure,standard_core/local_stability.py::reduced_web_height_i_section_eq34; reduced_plate_dimension_box_eq35; reduced_web_height_channel_eq36,tests/test_local_stability.py,LOCAL-PROC-7.3.6-REDUCED-DIMENSIONS,implemented,Procedure and applicability rules visually verified against supplied PDF pages 22-26; geometry classification remains explicit.
SP16-PROC-7.3.7-FLANGE-GEOMETRY,7.3.7,procedure,standard_core/local_stability.py::local_stability_geometry_rule_catalog,tests/test_local_stability.py,LOCAL-PROC-7.3.7-FLANGE-GEOMETRY,implemented,Procedure and applicability rules visually verified against supplied PDF pages 22-26; geometry classification remains explicit.
SP16-PROC-7.3.8-FLANGE-SLENDERNESS,7.3.8,procedure,standard_core/local_stability.py::flange_relative_slenderness,tests/test_local_stability.py,LOCAL-PROC-7.3.8-FLANGE-SLENDERNESS,implemented,Procedure and applicability rules visually verified against supplied PDF pages 22-26; geometry classification remains explicit.
SP16-PROC-7.3.8-TABLE-10-ROUTING,7.3.8,procedure,standard_core/local_stability.py::flange_slenderness_limit,tests/test_local_stability.py,LOCAL-PROC-7.3.8-TABLE-10-ROUTING,implemented,Procedure and applicability rules visually verified against supplied PDF pages 22-26; geometry classification remains explicit.
SP16-PROC-7.3.9-BOX-FLANGE,7.3.9,procedure,standard_core/local_stability.py::flange_relative_slenderness; flange_slenderness_limit,tests/test_local_stability.py,LOCAL-PROC-7.3.9-BOX-FLANGE,implemented,Procedure and applicability rules visually verified against supplied PDF pages 22-26; geometry classification remains explicit.
SP16-PROC-7.3.10-EDGE-STIFFENER,7.3.10,procedure,standard_core/local_stability.py::edge_stiffener_requirements,tests/test_local_stability.py,LOCAL-PROC-7.3.10-EDGE-STIFFENER,implemented,Procedure and applicability rules visually verified against supplied PDF pages 22-26; geometry classification remains explicit.
SP16-PROC-7.3.11-TWO-PLANE-INCREASE,7.3.11,procedure,standard_core/local_stability.py::two_plane_slenderness_increase_factor; apply_two_plane_slenderness_increase,tests/test_local_stability.py,LOCAL-PROC-7.3.11-TWO-PLANE-INCREASE,implemented,Procedure and applicability rules visually verified against supplied PDF pages 22-26; geometry classification remains explicit.
SP16-PROC-8.1-CLASS-ROUTING,8.1,procedure,standard_core/bending_members.py::bending_member_class_requirements,tests/test_bending_members.py,BEND-PROC-8.1,implemented,Procedure visually verified against supplied PDF pages 27-32 and Annex E pages 161-163; all engineering applicability decisions are explicit inputs.
SP16-PROC-8.2.1-ELASTIC-STRESS-POINT,8.2.1,procedure,standard_core/bending_members.py::elastic_combined_normal_utilization_eq43,tests/test_bending_members.py,BEND-PROC-8.2.1-STRESS,implemented,Procedure visually verified against supplied PDF pages 27-32 and Annex E pages 161-163; all engineering applicability decisions are explicit inputs.
SP16-PROC-8.2.1-BOLT-HOLE-ADJUSTMENT,8.2.1,procedure,standard_core/bending_members.py::apply_bolt_hole_factor,tests/test_bending_members.py,BEND-PROC-8.2.1-HOLES,implemented,Procedure visually verified against supplied PDF pages 27-32 and Annex E pages 161-163; all engineering applicability decisions are explicit inputs.
SP16-PROC-8.2.2-LOCAL-LOAD-LENGTH,8.2.2,procedure,standard_core/bending_members.py::effective_load_length_by_case,tests/test_bending_members.py,BEND-PROC-8.2.2-LENGTH,implemented,Procedure visually verified against supplied PDF pages 27-32 and Annex E pages 161-163; all engineering applicability decisions are explicit inputs.
SP16-PROC-8.2.3-PLASTIC-APPLICABILITY,8.2.3,procedure,standard_core/bending_members.py::plastic_bending_applicability,tests/test_bending_members.py,BEND-PROC-8.2.3-APPLICABILITY,implemented,Procedure visually verified against supplied PDF pages 27-32 and Annex E pages 161-163; all engineering applicability decisions are explicit inputs.
SP16-PROC-8.2.3-ANNEX-E1-INTERPOLATION,8.2.3; Annex E,procedure,standard_core/bending_members.py::annex_e1_base_coefficients,tests/test_bending_members.py,BEND-PROC-E1-INTERPOLATION,implemented,Procedure visually verified against supplied PDF pages 27-32 and Annex E pages 161-163; all engineering applicability decisions are explicit inputs.
SP16-PROC-8.2.3-ANNEX-E1-CAP,8.2.3; Annex E,procedure,standard_core/bending_members.py::apply_annex_e1_load_factor_cap,tests/test_bending_members.py,BEND-PROC-E1-CAP,implemented,Procedure visually verified against supplied PDF pages 27-32 and Annex E pages 161-163; all engineering applicability decisions are explicit inputs.
SP16-PROC-8.2.3-TABLE-10A-INTERPOLATION,8.2.3,procedure,standard_core/bending_members.py::constrained_torsion_coefficient_table_10a,tests/test_bending_members.py,BEND-PROC-10A-INTERPOLATION,implemented,Procedure visually verified against supplied PDF pages 27-32 and Annex E pages 161-163; all engineering applicability decisions are explicit inputs.
SP16-PROC-8.2.3-PURE-BENDING-COEFFICIENTS,8.2.3,procedure,standard_core/bending_members.py::pure_bending_modified_coefficients,tests/test_bending_members.py,BEND-PROC-PURE-BENDING,implemented,Procedure visually verified against supplied PDF pages 27-32 and Annex E pages 161-163; all engineering applicability decisions are explicit inputs.
SP16-PROC-8.2.4-VARIABLE-SECTION-ROUTING,8.2.4,procedure,standard_core/bending_members.py::variable_section_plastic_routing,tests/test_bending_members.py,BEND-PROC-8.2.4,implemented,Procedure visually verified against supplied PDF pages 27-32 and Annex E pages 161-163; all engineering applicability decisions are explicit inputs.
SP16-PROC-8.2.5-CONTINUOUS-BEAM-APPLICABILITY,8.2.5,procedure,standard_core/bending_members.py::continuous_beam_partial_redistribution_applicability,tests/test_bending_members.py,BEND-PROC-8.2.5-APPLICABILITY,implemented,Procedure visually verified against supplied PDF pages 27-32 and Annex E pages 161-163; all engineering applicability decisions are explicit inputs.
SP16-PROC-8.2.5-EFFECTIVE-MOMENT-ROUTING,8.2.5,procedure,standard_core/bending_members.py::effective_moment_by_end_condition,tests/test_bending_members.py,BEND-PROC-8.2.5-MOMENT,implemented,Procedure visually verified against supplied PDF pages 27-32 and Annex E pages 161-163; all engineering applicability decisions are explicit inputs.
SP16-PROC-8.2.6-BIAXIAL-REDISTRIBUTION,8.2.6,procedure,standard_core/bending_members.py::biaxial_redistribution_route,tests/test_bending_members.py,BEND-PROC-8.2.6,implemented,Procedure visually verified against supplied PDF pages 27-32 and Annex E pages 161-163; all engineering applicability decisions are explicit inputs.
SP16-PROC-8.2.7-CLASS-3-ROUTING,8.2.7,procedure,standard_core/bending_members.py::class_3_plastic_hinge_route,tests/test_bending_members.py,BEND-PROC-8.2.7,implemented,Procedure visually verified against supplied PDF pages 27-32 and Annex E pages 161-163; all engineering applicability decisions are explicit inputs.
SP16-PROC-8.2.8-BIMETAL-APPLICABILITY,8.2.8,procedure,standard_core/bending_members.py::bimetal_bending_applicability,tests/test_bending_members.py,BEND-PROC-8.2.8-APPLICABILITY,implemented,Procedure visually verified against supplied PDF pages 27-32 and Annex E pages 161-163; all engineering applicability decisions are explicit inputs.
SP16-PROC-8.2.8-BIMETAL-MINOR-COEFFICIENT,8.2.8,procedure,standard_core/bending_members.py::bimetal_minor_axis_coefficient,tests/test_bending_members.py,BEND-PROC-8.2.8-CYR,implemented,Procedure visually verified against supplied PDF pages 27-32 and Annex E pages 161-163; all engineering applicability decisions are explicit inputs.
SP16-PROC-8.3.1-CRANE-ROUTING,8.3.1,procedure,standard_core.runner._run_crane_runway_and_bending_stability_case,tests/test_crane_runway_and_bending_stability.py,V07-SP16-PROC-8.3.1-CRANE-ROUTING,implemented,Implemented and traced in v0.7; diagram/category choices remain explicit engineering inputs where applicable.
SP16-PROC-8.3.2-SUPPORT-BETA,8.3.2,procedure,standard_core.runner._run_crane_runway_and_bending_stability_case,tests/test_crane_runway_and_bending_stability.py,V07-SP16-PROC-8.3.2-SUPPORT-BETA,implemented,Implemented and traced in v0.7; diagram/category choices remain explicit engineering inputs where applicable.
SP16-PROC-8.3.3-STRESS-BUNDLE,8.3.3,procedure,standard_core.crane_runway_and_bending_stability.crane_runway_stress_components_eq67,tests/test_crane_runway_and_bending_stability.py,V07-SP16-PROC-8.3.3-STRESS-BUNDLE,implemented,Implemented and traced in v0.7; diagram/category choices remain explicit engineering inputs where applicable.
SP16-PROC-8.3.4-MONORAIL-LOCAL-STRESS,8.3.4,procedure,docs/limitations.md,,,no_code_explanatory,Clause 8.3.4 requires longitudinal and transverse local wheel-pressure stresses but supplies no calculation method; no formula is invented.
SP16-PROC-8.3.5-BIMETAL-CRANE-ROUTING,8.3.5,procedure,standard_core.runner._run_crane_runway_and_bending_stability_case,tests/test_crane_runway_and_bending_stability.py,V07-SP16-PROC-8.3.5-BIMETAL-CRANE-ROUTING,implemented,Implemented and traced in v0.7; diagram/category choices remain explicit engineering inputs where applicable.
SP16-PROC-8.4.2-EFFECTIVE-LENGTH,8.4.2,procedure,standard_core.crane_runway_and_bending_stability.effective_length_by_restraint,tests/test_crane_runway_and_bending_stability.py,V07-SP16-PROC-8.4.2-EFFECTIVE-LENGTH,implemented,Implemented and traced in v0.7; diagram/category choices remain explicit engineering inputs where applicable.
SP16-PROC-8.4.4-STABILITY-EXEMPTION,8.4.4,procedure,standard_core.crane_runway_and_bending_stability.lateral_stability_check_exemption,tests/test_crane_runway_and_bending_stability.py,V07-SP16-PROC-8.4.4-STABILITY-EXEMPTION,implemented,Implemented and traced in v0.7; diagram/category choices remain explicit engineering inputs where applicable.
SP16-PROC-8.4.4-TABLE-11-ROUTING,8.4.4,procedure,standard_core.crane_runway_and_bending_stability.table_11_limit,tests/test_crane_runway_and_bending_stability.py,V07-SP16-PROC-8.4.4-TABLE-11-ROUTING,implemented,Implemented and traced in v0.7; diagram/category choices remain explicit engineering inputs where applicable.
SP16-PROC-8.4.5-DISCRETE-BRACING-FORCE,8.4.5,procedure,standard_core.crane_runway_and_bending_stability.discrete_bracing_fictitious_force,tests/test_crane_runway_and_bending_stability.py,V07-SP16-PROC-8.4.5-DISCRETE-BRACING-FORCE,implemented,Implemented and traced in v0.7; diagram/category choices remain explicit engineering inputs where applicable.
SP16-PROC-8.4.6-CLASS-2-3-LIMIT,8.4.6,procedure,standard_core.crane_runway_and_bending_stability.class_2_3_stability_reduction_eq76,tests/test_crane_runway_and_bending_stability.py,V07-SP16-PROC-8.4.6-CLASS-2-3-LIMIT,implemented,Implemented and traced in v0.7; diagram/category choices remain explicit engineering inputs where applicable.
SP16-PROC-ANNEX-ZH-TABLE-1,Ж.3,procedure,standard_core.crane_runway_and_bending_stability.annex_zh_table_1_psi,tests/test_crane_runway_and_bending_stability.py,V07-SP16-PROC-ANNEX-ZH-TABLE-1,implemented,Implemented and traced in v0.7; diagram/category choices remain explicit engineering inputs where applicable.
SP16-PROC-ANNEX-ZH-TABLE-2,Ж.3,procedure,standard_core.crane_runway_and_bending_stability.annex_zh_table_2_psi,tests/test_crane_runway_and_bending_stability.py,V07-SP16-PROC-ANNEX-ZH-TABLE-2,implemented,Implemented and traced in v0.7; diagram/category choices remain explicit engineering inputs where applicable.
SP16-PROC-ANNEX-ZH-TABLE-3,Ж.4,procedure,standard_core.crane_runway_and_bending_stability.annex_zh_table_3_phi_b,tests/test_crane_runway_and_bending_stability.py,V07-SP16-PROC-ANNEX-ZH-TABLE-3,implemented,Implemented and traced in v0.7; diagram/category choices remain explicit engineering inputs where applicable.
SP16-PROC-ANNEX-ZH-TABLE-4,Ж.5,procedure,standard_core.crane_runway_and_bending_stability.annex_zh_table_4_b,tests/test_crane_runway_and_bending_stability.py,V07-SP16-PROC-ANNEX-ZH-TABLE-4,implemented,Implemented and traced in v0.7; diagram/category choices remain explicit engineering inputs where applicable.
SP16-PROC-ANNEX-ZH-TABLE-5,Ж.5,procedure,standard_core.crane_runway_and_bending_stability.annex_zh_table_5_c_d,tests/test_crane_runway_and_bending_stability.py,V07-SP16-PROC-ANNEX-ZH-TABLE-5,implemented,Implemented and traced in v0.7; diagram/category choices remain explicit engineering inputs where applicable.
SP16-PROC-ANNEX-ZH-SYMMETRIC-I,Ж.1-Ж.3,procedure,standard_core.crane_runway_and_bending_stability.annex_zh_symmetric_i_phi_b,tests/test_crane_runway_and_bending_stability.py,V07-SP16-PROC-ANNEX-ZH-SYMMETRIC-I,implemented,Implemented and traced in v0.7; diagram/category choices remain explicit engineering inputs where applicable.
SP16-PROC-ANNEX-ZH-MONOSYMMETRIC-I,Ж.4-Ж.6,procedure,standard_core.crane_runway_and_bending_stability.apply_less_developed_compressed_flange_modifier,tests/test_crane_runway_and_bending_stability.py,V07-SP16-PROC-ANNEX-ZH-MONOSYMMETRIC-I,implemented,Implemented and traced in v0.7; diagram/category choices remain explicit engineering inputs where applicable.
SP16-PROC-ANNEX-ZH-CHANNEL,Ж.7,procedure,standard_core.crane_runway_and_bending_stability.annex_zh_channel_phi_b,tests/test_crane_runway_and_bending_stability.py,V07-SP16-PROC-ANNEX-ZH-CHANNEL,implemented,Implemented and traced in v0.7; diagram/category choices remain explicit engineering inputs where applicable.
SP16-PROC-TABLE-12-LOOKUP,8.5.4,procedure,standard_core.crane_runway_and_bending_stability.table_12_c_cr_coefficient,tests/test_crane_runway_and_bending_stability.py,V07-SP16-PROC-TABLE-12-LOOKUP,implemented,Implemented and traced in v0.7; diagram/category choices remain explicit engineering inputs where applicable.
SP16-PROC-TABLE-13-LOOKUP,8.5.4,procedure,standard_core.crane_runway_and_bending_stability.table_13_beta,tests/test_crane_runway_and_bending_stability.py,V07-SP16-PROC-TABLE-13-LOOKUP,implemented,Implemented and traced in v0.7; diagram/category choices remain explicit engineering inputs where applicable.
SP16-PROC-ANNEX-ZH-INTERPOLATION,Ж.6,procedure,standard_core.crane_runway_and_bending_stability.annex_zh_interpolate_psi_a_for_n,tests/test_crane_runway_and_bending_stability.py,ZH-PROC-INTERPOLATION,implemented,Implemented exactly over 0.9<=n<=1.0; endpoint values remain explicit audited inputs.
SP16-PROC-ANNEX-ZH-T-SECTION-MODIFIER,Ж.6,procedure,standard_core.crane_runway_and_bending_stability.apply_t_section_low_alpha_modifier,tests/test_crane_runway_and_bending_stability.py,ZH-PROC-T-MODIFIER,implemented,Strict alpha<40 condition and listed load cases are enforced.
SP16-PROC-8.4.3-CRANE-STABILITY-ROUTING,8.4.3,procedure,standard_core.crane_runway_and_bending_stability.crane_runway_lateral_torsional_stability_utilization,tests/test_crane_runway_and_bending_stability.py,STAB-PROC-8.4.3,implemented,Upper-flange substitutions are explicit in the wrapper API.
SP16-PROC-8.5.1-PRELIMINARY-WEB-ROUTING,8.5.1,procedure,standard_core.bending_member_local_stability.preliminary_web_check_exemption_8_5_1,tests/test_bending_member_local_stability.py,BLS-SP16-PROC-8.5.1-PRELIMINARY-WEB-ROUTING,implemented,"Implemented and traced in v0.8; geometry, stress extraction, and diagram classification remain explicit engineering inputs where applicable."
SP16-PROC-8.5.5-DOUBLE-CHECK-ROUTING,8.5.5,procedure,standard_core/bending_member_local_stability.py::panel_check_routing_8_5_5,tests/test_bending_member_local_stability.py,BLS-SP16-PROC-8.5.5-DOUBLE-CHECK-ROUTING,implemented,"Implemented and traced in v0.8; geometry, stress extraction, and diagram classification remain explicit engineering inputs where applicable."
SP16-PROC-8.5.6-ASYMMETRIC-COMPRESSED-FLANGE-ROUTING,8.5.6,procedure,standard_core/bending_member_local_stability.py::asymmetric_compressed_flange_substitution_8_5_6,tests/test_bending_member_local_stability.py,BLS-SP16-PROC-8.5.6-ASYMMETRIC-COMPRESSED-FLANGE-ROUTING,implemented,"Implemented and traced in v0.8; geometry, stress extraction, and diagram classification remain explicit engineering inputs where applicable."
SP16-PROC-8.5.9-TRANSVERSE-STIFFENER-ROUTING,8.5.9,procedure,standard_core.bending_member_local_stability.transverse_stiffener_requirements_8_5_9,tests/test_bending_member_local_stability.py,BLS-SP16-PROC-8.5.9-TRANSVERSE-STIFFENER-ROUTING,implemented,"Implemented and traced in v0.8; geometry, stress extraction, and diagram classification remain explicit engineering inputs where applicable."
SP16-PROC-8.5.9-TRANSVERSE-STIFFENER-DIMENSIONS,8.5.9,procedure,standard_core.bending_member_local_stability.transverse_stiffener_dimensions_8_5_9,tests/test_bending_member_local_stability.py,BLS-SP16-PROC-8.5.9-TRANSVERSE-STIFFENER-DIMENSIONS,implemented,"Implemented and traced in v0.8; geometry, stress extraction, and diagram classification remain explicit engineering inputs where applicable."
SP16-PROC-8.5.10-LOAD-STIFFENER-SECTION,8.5.10,procedure,standard_core.bending_member_local_stability.concentrated_load_stiffener_effective_section_8_5_10,tests/test_bending_member_local_stability.py,BLS-SP16-PROC-8.5.10-LOAD-STIFFENER-SECTION,implemented,"Implemented and traced in v0.8; geometry, stress extraction, and diagram classification remain explicit engineering inputs where applicable."
SP16-PROC-8.5.11-LONGITUDINAL-STIFFENER-ROUTING,8.5.11,procedure,standard_core.bending_member_local_stability.longitudinal_stiffener_required_8_5_11,tests/test_bending_member_local_stability.py,BLS-SP16-PROC-8.5.11-LONGITUDINAL-STIFFENER-ROUTING,implemented,"Implemented and traced in v0.8; geometry, stress extraction, and diagram classification remain explicit engineering inputs where applicable."
SP16-PROC-8.5.12-SPLIT-WEB-PLATES,8.5.12,procedure,standard_core.bending_member_local_stability.upper_plate_utilization_eq89,tests/test_bending_member_local_stability.py,BLS-SP16-PROC-8.5.12-SPLIT-WEB-PLATES,implemented,"Implemented and traced in v0.8; geometry, stress extraction, and diagram classification remain explicit engineering inputs where applicable."
SP16-PROC-8.5.13-INTERMEDIATE-STIFFENERS,8.5.13,procedure,standard_core/bending_member_local_stability.py::intermediate_stiffener_panel_length_8_5_13,tests/test_bending_member_local_stability.py,BLS-SP16-PROC-8.5.13-INTERMEDIATE-STIFFENERS,implemented,"Implemented and traced in v0.8; geometry, stress extraction, and diagram classification remain explicit engineering inputs where applicable."
SP16-PROC-8.5.14-ASYMMETRIC-SPLIT-WEB,8.5.14,procedure,standard_core.bending_member_local_stability.lower_plate_utilization_eq94,tests/test_bending_member_local_stability.py,BLS-SP16-PROC-8.5.14-ASYMMETRIC-SPLIT-WEB,implemented,"Implemented and traced in v0.8; geometry, stress extraction, and diagram classification remain explicit engineering inputs where applicable."
SP16-PROC-8.5.15-STIFFENER-INERTIA,8.5.15,procedure,standard_core.bending_member_local_stability.table_19_stiffener_inertias,tests/test_bending_member_local_stability.py,BLS-SP16-PROC-8.5.15-STIFFENER-INERTIA,implemented,"Implemented and traced in v0.8; geometry, stress extraction, and diagram classification remain explicit engineering inputs where applicable."
SP16-PROC-8.5.16-FLEXIBLE-WEB-ROUTING,8.5.16,procedure,standard_core.bending_member_local_stability.flexible_web_route_8_5_16,tests/test_bending_member_local_stability.py,BLS-SP16-PROC-8.5.16-FLEXIBLE-WEB-ROUTING,implemented,"Implemented and traced in v0.8; geometry, stress extraction, and diagram classification remain explicit engineering inputs where applicable."
SP16-PROC-8.5.17-SUPPORT-STIFFENER,8.5.17,procedure,standard_core/bending_member_local_stability.py::support_stiffener_effective_section_8_5_17; support_stiffener_end_resistance_8_5_17,tests/test_bending_member_local_stability.py,BLS-SP16-PROC-8.5.17-SUPPORT-STIFFENER,implemented,"Implemented and traced in v0.8; geometry, stress extraction, and diagram classification remain explicit engineering inputs where applicable."
SP16-PROC-8.5.20-EDGE-STIFFENING-MODIFIER,8.5.20,procedure,standard_core.bending_member_local_stability.edge_stiffened_flange_limit_8_5_20,tests/test_bending_member_local_stability.py,BLS-SP16-PROC-8.5.20-EDGE-STIFFENING-MODIFIER,implemented,"Implemented and traced in v0.8; geometry, stress extraction, and diagram classification remain explicit engineering inputs where applicable."
SP16-PROC-TABLE-14-LOOKUP,8.5.5,procedure,standard_core.bending_member_local_stability.table_14_c1,tests/test_bending_member_local_stability.py,BLS-SP16-PROC-TABLE-14-LOOKUP,implemented,"Implemented and traced in v0.8; geometry, stress extraction, and diagram classification remain explicit engineering inputs where applicable."
SP16-PROC-TABLE-15-LOOKUP,8.5.5,procedure,standard_core.bending_member_local_stability.table_15_c2,tests/test_bending_member_local_stability.py,BLS-SP16-PROC-TABLE-15-LOOKUP,implemented,"Implemented and traced in v0.8; geometry, stress extraction, and diagram classification remain explicit engineering inputs where applicable."
SP16-PROC-TABLE-16-LOOKUP,8.5.5,procedure,standard_core.bending_member_local_stability.table_16_c_cr,tests/test_bending_member_local_stability.py,BLS-SP16-PROC-TABLE-16-LOOKUP,implemented,"Implemented and traced in v0.8; geometry, stress extraction, and diagram classification remain explicit engineering inputs where applicable."
SP16-PROC-TABLE-17-LOOKUP,8.5.7,procedure,standard_core.bending_member_local_stability.table_17_c_cr,tests/test_bending_member_local_stability.py,BLS-SP16-PROC-TABLE-17-LOOKUP,implemented,"Implemented and traced in v0.8; geometry, stress extraction, and diagram classification remain explicit engineering inputs where applicable."
SP16-PROC-TABLE-18-LOOKUP,8.5.8,procedure,standard_core.bending_member_local_stability.table_18_alpha,tests/test_bending_member_local_stability.py,BLS-SP16-PROC-TABLE-18-LOOKUP,implemented,"Implemented and traced in v0.8; geometry, stress extraction, and diagram classification remain explicit engineering inputs where applicable."
SP16-PROC-TABLE-19-INTERPOLATION,8.5.15,procedure,standard_core.bending_member_local_stability.table_19_stiffener_inertias,tests/test_bending_member_local_stability.py,BLS-SP16-PROC-TABLE-19-INTERPOLATION,implemented,"Implemented and traced in v0.8; geometry, stress extraction, and diagram classification remain explicit engineering inputs where applicable."
SP16-PROC-8.6.1-FOUNDATION-AREA-BOUNDARY,8.6.1,procedure,standard_core.base_plates_and_combined_force_strength.base_plate_foundation_area_boundary,tests/test_base_plates_and_combined_force_strength.py,BPCS-SP16-PROC-8.6.1-FOUNDATION-AREA-BOUNDARY,implemented,External foundation resistance remains an explicit confirmed boundary; no concrete/foundation model is invented.
SP16-PROC-8.6.2-TABLE-E2-LOOKUP,8.6.2,procedure,standard_core.base_plates_and_combined_force_strength.annex_e2_base_plate_coefficients,tests/test_base_plates_and_combined_force_strength.py,BPCS-SP16-PROC-8.6.2-TABLE-E2-LOOKUP,implemented,Exact printed nodes and terminal >2 column only; no interpolation rule is invented.
SP16-PROC-8.6.2-MAXIMUM-PLATE-MOMENT,8.6.2,procedure,standard_core.base_plates_and_combined_force_strength.base_plate_maximum_unit_width_moment,tests/test_base_plates_and_combined_force_strength.py,BPCS-SP16-PROC-8.6.2-MAXIMUM-PLATE-MOMENT,implemented,All relevant plate regions must be supplied explicitly.
SP16-PROC-8.6.2-TWO-SIDE-GEOMETRY,8.6.2,procedure,standard_core.base_plates_and_combined_force_strength.base_plate_two_adjacent_sides_geometry,tests/test_base_plates_and_combined_force_strength.py,BPCS-SP16-PROC-8.6.2-TWO-SIDE-GEOMETRY,implemented,Derives diagonal d1 and perpendicular distance a1 for a rectangular region.
SP16-PROC-9.1.1-EQ105-APPLICABILITY,9.1.1,procedure,standard_core.base_plates_and_combined_force_strength.equation_105_applicability,tests/test_base_plates_and_combined_force_strength.py,BPCS-SP16-PROC-9.1.1-EQ105-APPLICABILITY,implemented,"Preserves Ryn, dynamic-load, shear-stress, axial-stress, and linked local-stability conditions."
SP16-PROC-9.1.1-ANNEX-E1-COEFFICIENTS,9.1.1,procedure,standard_core.base_plates_and_combined_force_strength.combined_force_coefficients_from_annex_e1,tests/test_base_plates_and_combined_force_strength.py,BPCS-SP16-PROC-9.1.1-ANNEX-E1-COEFFICIENTS,implemented,Delegates to the previously audited Table E.1 implementation.
SP16-PROC-9.1.2-EQ105-OMISSION,9.1.2,procedure,standard_core.base_plates_and_combined_force_strength.equation_105_omission_rule_clause_9_1_2,tests/test_base_plates_and_combined_force_strength.py,BPCS-SP16-PROC-9.1.2-EQ105-OMISSION,implemented,"Implements the printed m_eff <= 20, unweakened-section, equal-moment conditions."
SP16-PROC-9.1.3-EQ107-APPLICABILITY,9.1.3,procedure,standard_core.base_plates_and_combined_force_strength.equation_107_applicability,tests/test_base_plates_and_combined_force_strength.py,BPCS-SP16-PROC-9.1.3-EQ107-APPLICABILITY,implemented,Section asymmetry remains an explicit engineering classification.
SP16-PROC-9.2.1-TWO-PLANE-STABILITY,9.2,procedure,standard_core/beam_column_stability.py:stability_check_route_clause_9_2_1,tests/test_beam_column_stability.py,BC-SP16-PROC-9.2.1-TWO-PLANE-STABILITY,implemented,Explicit procedure; global analysis and diagram/section classification remain external.
SP16-PROC-9.2.2-D3-LOOKUP-AND-CAP,9.2,procedure,standard_core/beam_column_stability.py:annex_d3_stability_coefficient,tests/test_beam_column_stability.py,BC-SP16-PROC-9.2.2-D3-LOOKUP-AND-CAP,implemented,Explicit procedure; global analysis and diagram/section classification remain external.
SP16-PROC-9.2.2-BENDING-ROUTE-MEFF-GT20,9.2,procedure,standard_core/beam_column_stability.py:beam_column_section_9_2_route,tests/test_beam_column_stability.py,BC-SP16-PROC-9.2.2-BENDING-ROUTE-MEFF-GT20,implemented,Explicit procedure; global analysis and diagram/section classification remain external.
SP16-PROC-9.2.3-SAME-LOAD-COMBINATION,9.2,procedure,standard_core/beam_column_stability.py:beam_column_section_9_2_route,tests/test_beam_column_stability.py,BC-SP16-PROC-9.2.3-SAME-LOAD-COMBINATION,implemented,Explicit procedure; global analysis and diagram/section classification remain external.
SP16-PROC-9.2.3-DESIGN-MOMENT-SELECTION,9.2,procedure,standard_core/beam_column_stability.py:table_20_design_moment,tests/test_beam_column_stability.py,BC-SP16-PROC-9.2.3-DESIGN-MOMENT-SELECTION,implemented,Explicit procedure; global analysis and diagram/section classification remain external.
SP16-PROC-9.2.3-TABLE-20-ROUTING,9.2,procedure,standard_core/beam_column_stability.py:table_20_design_moment,tests/test_beam_column_stability.py,BC-SP16-PROC-9.2.3-TABLE-20-ROUTING,implemented,Explicit procedure; global analysis and diagram/section classification remain external.
SP16-PROC-9.2.3-TABLE-D5-ROUTING,9.2,procedure,standard_core/beam_column_stability.py:annex_d5_effective_relative_eccentricity,tests/test_beam_column_stability.py,BC-SP16-PROC-9.2.3-TABLE-D5-ROUTING,implemented,Explicit procedure; global analysis and diagram/section classification remain external.
SP16-PROC-9.2.5-TABLE-21-ROUTING,9.2,procedure,standard_core/beam_column_stability.py:table_21_alpha,tests/test_beam_column_stability.py,BC-SP16-PROC-9.2.5-TABLE-21-ROUTING,implemented,Explicit procedure; global analysis and diagram/section classification remain external.
SP16-PROC-9.2.5-CMAX-CAP-AND-MINIMUM,9.2,procedure,standard_core/beam_column_stability.py:out_of_plane_coefficient_c,tests/test_beam_column_stability.py,BC-SP16-PROC-9.2.5-CMAX-CAP-AND-MINIMUM,implemented,Explicit procedure; global analysis and diagram/section classification remain external.
SP16-PROC-9.2.6-DESIGN-MOMENT-SELECTION,9.2,procedure,standard_core/beam_column_stability.py:design_moment_clause_9_2_6,tests/test_beam_column_stability.py,BC-SP16-PROC-9.2.6-DESIGN-MOMENT-SELECTION,implemented,Explicit procedure; global analysis and diagram/section classification remain external.
SP16-PROC-9.2.7-CONTINUOUS-FLANGE-BRACING,9.2,procedure,standard_core/beam_column_stability.py:annex_d_continuous_bracing_cmax_eq_d4,tests/test_beam_column_stability.py,BC-SP16-PROC-9.2.7-CONTINUOUS-FLANGE-BRACING,implemented,Explicit procedure; global analysis and diagram/section classification remain external.
SP16-PROC-9.2.8-MINOR-AXIS-ROUTING,9.2,procedure,standard_core/beam_column_stability.py:minor_axis_bending_route_clause_9_2_8,tests/test_beam_column_stability.py,BC-SP16-PROC-9.2.8-MINOR-AXIS-ROUTING,implemented,Explicit procedure; global analysis and diagram/section classification remain external.
SP16-PROC-9.2.9-BIAXIAL-ADDITIONAL-CHECKS,9.2,procedure,standard_core/beam_column_stability.py:biaxial_additional_checks_clause_9_2_9,tests/test_beam_column_stability.py,BC-SP16-PROC-9.2.9-BIAXIAL-ADDITIONAL-CHECKS,implemented,Explicit procedure; global analysis and diagram/section classification remain external.
SP16-PROC-9.2.9-NONSYMMETRIC-MX-INCREASE,9.2,procedure,standard_core/beam_column_stability.py:adjusted_relative_eccentricity_x_clause_9_2_9,tests/test_beam_column_stability.py,BC-SP16-PROC-9.2.9-NONSYMMETRIC-MX-INCREASE,implemented,Explicit procedure; global analysis and diagram/section classification remain external.
SP16-PROC-9.2.10-BOX-MAJOR-AXIS-SUBSTITUTION,9.2,procedure,standard_core/beam_column_stability.py:box_major_axis_phi_clause_9_2_10,tests/test_beam_column_stability.py,BC-SP16-PROC-9.2.10-BOX-MAJOR-AXIS-SUBSTITUTION,implemented,Explicit procedure; global analysis and diagram/section classification remain external.
SP16-PROC-ANNEX-D2-SHAPE-COEFFICIENT,Приложение Д,procedure,standard_core/beam_column_stability.py:annex_d2_shape_influence_coefficient,tests/test_beam_column_stability.py,BC-SP16-PROC-ANNEX-D2-SHAPE-COEFFICIENT,implemented,Explicit procedure; global analysis and diagram/section classification remain external.
SP16-PROC-ANNEX-D3-EXACT-LOOKUP,Приложение Д,procedure,standard_core/beam_column_stability.py:annex_d3_table_coefficient,tests/test_beam_column_stability.py,BC-SP16-PROC-ANNEX-D3-EXACT-LOOKUP,implemented,Explicit procedure; global analysis and diagram/section classification remain external.
SP16-PROC-ANNEX-D4-EXACT-LOOKUP,Приложение Д,procedure,standard_core/beam_column_stability.py:annex_d4_table_coefficient,tests/test_beam_column_stability.py,BC-SP16-PROC-ANNEX-D4-EXACT-LOOKUP,implemented,Explicit procedure; global analysis and diagram/section classification remain external.
SP16-PROC-ANNEX-D5-EXACT-LOOKUP,Приложение Д,procedure,standard_core/beam_column_stability.py:annex_d5_effective_relative_eccentricity,tests/test_beam_column_stability.py,BC-SP16-PROC-ANNEX-D5-EXACT-LOOKUP,implemented,Explicit procedure; global analysis and diagram/section classification remain external.
SP16-PROC-ANNEX-D6-SECTION-PARAMETERS,Приложение Д,procedure,standard_core/beam_column_stability.py:annex_d6_section_parameters,tests/test_beam_column_stability.py,BC-SP16-PROC-ANNEX-D6-SECTION-PARAMETERS,implemented,Explicit procedure; global analysis and diagram/section classification remain external.
SP16-PROC-9.3.1-WHOLE-AND-BRANCH-CHECKS,9.3,procedure,standard_core/built_up_beam_columns_and_combined_local_stability.py,tests/test_built_up_beam_columns_and_combined_local_stability.py,V11-SP16-PROC-9.3.1-WHOLE-AND-BRANCH-CHECKS,implemented,"Explicit procedure; global analysis, automatic geometry classification, and Section 16 remain external."
SP16-PROC-9.3.2-D4-LOOKUP-AND-BENDING-ROUTE,9.3,procedure,standard_core/built_up_beam_columns_and_combined_local_stability.py,tests/test_built_up_beam_columns_and_combined_local_stability.py,V11-SP16-PROC-9.3.2-D4-LOOKUP-AND-BENDING-ROUTE,implemented,"Explicit procedure; global analysis, automatic geometry classification, and Section 16 remain external."
SP16-PROC-9.3.3-BRANCH-ADDITIONAL-FORCES,9.3,procedure,standard_core/built_up_beam_columns_and_combined_local_stability.py,tests/test_built_up_beam_columns_and_combined_local_stability.py,V11-SP16-PROC-9.3.3-BRANCH-ADDITIONAL-FORCES,implemented,"Explicit procedure; global analysis, automatic geometry classification, and Section 16 remain external."
SP16-PROC-9.3.4-BATTEN-BRANCH-LOCAL-BENDING,9.3,procedure,standard_core/built_up_beam_columns_and_combined_local_stability.py,tests/test_built_up_beam_columns_and_combined_local_stability.py,V11-SP16-PROC-9.3.4-BATTEN-BRANCH-LOCAL-BENDING,implemented,"Explicit procedure; global analysis, automatic geometry classification, and Section 16 remain external."
SP16-PROC-9.3.5-THREE-SIDED-SECTION-16-ROUTE,9.3,procedure,standard_core/built_up_beam_columns_and_combined_local_stability.py,tests/test_built_up_beam_columns_and_combined_local_stability.py,V11-SP16-PROC-9.3.5-THREE-SIDED-SECTION-16-ROUTE,implemented,"Explicit procedure; global analysis, automatic geometry classification, and Section 16 remain external."
SP16-PROC-9.3.6-TWO-SOLID-BRANCH-ROUTING,9.3,procedure,standard_core/built_up_beam_columns_and_combined_local_stability.py,tests/test_built_up_beam_columns_and_combined_local_stability.py,V11-SP16-PROC-9.3.6-TWO-SOLID-BRANCH-ROUTING,implemented,"Explicit procedure; global analysis, automatic geometry classification, and Section 16 remain external."
SP16-PROC-9.3.7-CONNECTOR-SHEAR-GOVERNING,9.3,procedure,standard_core/built_up_beam_columns_and_combined_local_stability.py,tests/test_built_up_beam_columns_and_combined_local_stability.py,V11-SP16-PROC-9.3.7-CONNECTOR-SHEAR-GOVERNING,implemented,"Explicit procedure; global analysis, automatic geometry classification, and Section 16 remain external."
SP16-PROC-9.4.1-GEOMETRY-REFERENCE,9.4,procedure,standard_core/built_up_beam_columns_and_combined_local_stability.py,tests/test_built_up_beam_columns_and_combined_local_stability.py,V11-SP16-PROC-9.4.1-GEOMETRY-REFERENCE,implemented,"Explicit procedure; global analysis, automatic geometry classification, and Section 16 remain external."
SP16-PROC-9.4.2-TABLE-22-ROUTING,9.4,procedure,standard_core/built_up_beam_columns_and_combined_local_stability.py,tests/test_built_up_beam_columns_and_combined_local_stability.py,V11-SP16-PROC-9.4.2-TABLE-22-ROUTING,implemented,"Explicit procedure; global analysis, automatic geometry classification, and Section 16 remain external."
SP16-PROC-9.4.2-TYPE-1-M-INTERPOLATION,9.4,procedure,standard_core/built_up_beam_columns_and_combined_local_stability.py,tests/test_built_up_beam_columns_and_combined_local_stability.py,V11-SP16-PROC-9.4.2-TYPE-1-M-INTERPOLATION,implemented,"Explicit procedure; global analysis, automatic geometry classification, and Section 16 remain external."
SP16-PROC-9.4.2-TYPE-2-ALPHA-ROUTING,9.4,procedure,standard_core/built_up_beam_columns_and_combined_local_stability.py,tests/test_built_up_beam_columns_and_combined_local_stability.py,V11-SP16-PROC-9.4.2-TYPE-2-ALPHA-ROUTING,implemented,"Explicit procedure; global analysis, automatic geometry classification, and Section 16 remain external."
SP16-PROC-9.4.3-AXIAL-RATIO-ADJUSTMENT,9.4,procedure,standard_core/built_up_beam_columns_and_combined_local_stability.py,tests/test_built_up_beam_columns_and_combined_local_stability.py,V11-SP16-PROC-9.4.3-AXIAL-RATIO-ADJUSTMENT,implemented,"Explicit procedure; global analysis, automatic geometry classification, and Section 16 remain external."
SP16-PROC-9.4.4-TRANSVERSE-STIFFENER-ROUTE,9.4,procedure,standard_core/built_up_beam_columns_and_combined_local_stability.py,tests/test_built_up_beam_columns_and_combined_local_stability.py,V11-SP16-PROC-9.4.4-TRANSVERSE-STIFFENER-ROUTE,implemented,"Explicit procedure; global analysis, automatic geometry classification, and Section 16 remain external."
SP16-PROC-9.4.5-LONGITUDINAL-STIFFENER-ROUTE,9.4,procedure,standard_core/built_up_beam_columns_and_combined_local_stability.py,tests/test_built_up_beam_columns_and_combined_local_stability.py,V11-SP16-PROC-9.4.5-LONGITUDINAL-STIFFENER-ROUTE,implemented,"Explicit procedure; global analysis, automatic geometry classification, and Section 16 remain external."
SP16-PROC-9.4.6-REDUCED-AREA-ROUTE,9.4,procedure,standard_core/built_up_beam_columns_and_combined_local_stability.py,tests/test_built_up_beam_columns_and_combined_local_stability.py,V11-SP16-PROC-9.4.6-REDUCED-AREA-ROUTE,implemented,"Explicit procedure; global analysis, automatic geometry classification, and Section 16 remain external."
SP16-PROC-9.4.7-TABLE-23-ROUTING,9.4,procedure,standard_core/built_up_beam_columns_and_combined_local_stability.py,tests/test_built_up_beam_columns_and_combined_local_stability.py,V11-SP16-PROC-9.4.7-TABLE-23-ROUTING,implemented,"Explicit procedure; global analysis, automatic geometry classification, and Section 16 remain external."
SP16-PROC-9.4.7-M-INTERPOLATION,9.4,procedure,standard_core/built_up_beam_columns_and_combined_local_stability.py,tests/test_built_up_beam_columns_and_combined_local_stability.py,V11-SP16-PROC-9.4.7-M-INTERPOLATION,implemented,"Explicit procedure; global analysis, automatic geometry classification, and Section 16 remain external."
SP16-PROC-9.4.8-EDGE-RETURN-MULTIPLIER,9.4,procedure,standard_core/built_up_beam_columns_and_combined_local_stability.py,tests/test_built_up_beam_columns_and_combined_local_stability.py,V11-SP16-PROC-9.4.8-EDGE-RETURN-MULTIPLIER,implemented,"Explicit procedure; global analysis, automatic geometry classification, and Section 16 remain external."
SP16-PROC-9.4.9-TWO-PLANE-INCREASE,9.4,procedure,standard_core/built_up_beam_columns_and_combined_local_stability.py,tests/test_built_up_beam_columns_and_combined_local_stability.py,V11-SP16-PROC-9.4.9-TWO-PLANE-INCREASE,implemented,"Explicit procedure; global analysis, automatic geometry classification, and Section 16 remain external."
SP16-PROC-9.4.10-TENSION-MEMBER-BENDING-ROUTE,9.4,procedure,standard_core/built_up_beam_columns_and_combined_local_stability.py,tests/test_built_up_beam_columns_and_combined_local_stability.py,V11-SP16-PROC-9.4.10-TENSION-MEMBER-BENDING-ROUTE,implemented,"Explicit procedure; global analysis, automatic geometry classification, and Section 16 remain external."
SP16-PROC-10.1.1-TABLE-24-ROUTING,Clause 10.1.1,procedure,standard_core.effective_lengths_and_limiting_slenderness.table_24_effective_length,tests/test_effective_lengths_and_limiting_slenderness.py,V12-SP16-PROC-10.1.1-TABLE-24-ROUTING,implemented,Section 10 procedure implemented or explicit external routing documented.
SP16-PROC-10.1.3-TABLE-25-ROUTING,Clause 10.1.3,procedure,standard_core.effective_lengths_and_limiting_slenderness.table_25_cross_lattice_effective_length,tests/test_effective_lengths_and_limiting_slenderness.py,V12-SP16-PROC-10.1.3-TABLE-25-ROUTING,implemented,Section 10 procedure implemented or explicit external routing documented.
SP16-PROC-10.1.4-SINGLE-ANGLE-RADIUS-SELECTION,Clause 10.1.4,procedure,standard_core.effective_lengths_and_limiting_slenderness.single_angle_radius_selection_clause_10_1_4,tests/test_effective_lengths_and_limiting_slenderness.py,V12-SP16-PROC-10.1.4-SINGLE-ANGLE-RADIUS-SELECTION,implemented,Section 10 procedure implemented or explicit external routing documented.
SP16-PROC-10.2.1-TABLE-26-ROUTING,Clause 10.2.1,procedure,standard_core.effective_lengths_and_limiting_slenderness.table_26_structural_member_effective_length,tests/test_effective_lengths_and_limiting_slenderness.py,V12-SP16-PROC-10.2.1-TABLE-26-ROUTING,implemented,Section 10 procedure implemented or explicit external routing documented.
SP16-PROC-10.2.2-RADIUS-SELECTION,Clause 10.2.2,procedure,standard_core.effective_lengths_and_limiting_slenderness.structural_member_radius_selection_clause_10_2_2,tests/test_effective_lengths_and_limiting_slenderness.py,V12-SP16-PROC-10.2.2-RADIUS-SELECTION,implemented,Section 10 procedure implemented or explicit external routing documented.
SP16-PROC-10.2.3-TABLE-27-ROUTING,Clause 10.2.3,procedure,standard_core.effective_lengths_and_limiting_slenderness.table_27_spatial_member_properties,tests/test_effective_lengths_and_limiting_slenderness.py,V12-SP16-PROC-10.2.3-TABLE-27-ROUTING,implemented,Section 10 procedure implemented or explicit external routing documented.
SP16-PROC-10.2.3-TABLE-28-ROUTING,Clause 10.2.3,procedure,standard_core.effective_lengths_and_limiting_slenderness.table_28_intersection_conditional_length,tests/test_effective_lengths_and_limiting_slenderness.py,V12-SP16-PROC-10.2.3-TABLE-28-ROUTING,implemented,Section 10 procedure implemented or explicit external routing documented.
SP16-PROC-10.2.3-TABLE-29-ROUTING,Clause 10.2.3,procedure,standard_core.effective_lengths_and_limiting_slenderness.table_29_diagonal_length_factor,tests/test_effective_lengths_and_limiting_slenderness.py,V12-SP16-PROC-10.2.3-TABLE-29-ROUTING,implemented,Section 10 procedure implemented or explicit external routing documented.
SP16-PROC-10.2.4-FIG15C-SPECIAL-ROUTING,Clause 10.2.4,procedure,standard_core.effective_lengths_and_limiting_slenderness.table_29_end_connection_adjustment,tests/test_effective_lengths_and_limiting_slenderness.py,V12-SP16-PROC-10.2.4-FIG15C-SPECIAL-ROUTING,implemented,Section 10 procedure implemented or explicit external routing documented.
SP16-PROC-10.2.5-TUBE-AND-DOUBLE-ANGLE-ROUTING,Clause 10.2.5,procedure,standard_core.effective_lengths_and_limiting_slenderness.table_24_effective_length,tests/test_effective_lengths_and_limiting_slenderness.py,V12-SP16-PROC-10.2.5-TUBE-AND-DOUBLE-ANGLE-ROUTING,implemented,Section 10 procedure implemented or explicit external routing documented.
SP16-PROC-10.3.2-LOAD-COMBINATION-CONSISTENCY,Clause 10.3.2,procedure,standard_core.effective_lengths_and_limiting_slenderness.column_effective_length_eq140,tests/test_effective_lengths_and_limiting_slenderness.py,V12-SP16-PROC-10.3.2-LOAD-COMBINATION-CONSISTENCY,implemented,Section 10 procedure implemented or explicit external routing documented.
SP16-PROC-10.3.3-TABLE-30-ROUTING,Clause 10.3.3,procedure,standard_core.effective_lengths_and_limiting_slenderness.table_30_effective_length_factor,tests/test_effective_lengths_and_limiting_slenderness.py,V12-SP16-PROC-10.3.3-TABLE-30-ROUTING,implemented,Section 10 procedure implemented or explicit external routing documented.
SP16-PROC-10.3.4-TABLE-31-PARAMETERS,Clause 10.3.4,procedure,standard_core.effective_lengths_and_limiting_slenderness.table_31_multistory_parameters,tests/test_effective_lengths_and_limiting_slenderness.py,V12-SP16-PROC-10.3.4-TABLE-31-PARAMETERS,implemented,Section 10 procedure implemented or explicit external routing documented.
SP16-PROC-10.3.4-TABLE-31-SPECIAL-CASES,Clause 10.3.4,procedure,standard_core.effective_lengths_and_limiting_slenderness.table_31_special_case_mu,tests/test_effective_lengths_and_limiting_slenderness.py,V12-SP16-PROC-10.3.4-TABLE-31-SPECIAL-CASES,implemented,Section 10 procedure implemented or explicit external routing documented.
SP16-PROC-10.3.5-GLOBAL-FRAME-STABILITY-ROUTE,Clause 10.3.5,procedure,standard_core.effective_lengths_and_limiting_slenderness.slenderness_check,tests/test_effective_lengths_and_limiting_slenderness.py,V12-SP16-PROC-10.3.5-GLOBAL-FRAME-STABILITY-ROUTE,implemented,Section 10 procedure implemented or explicit external routing documented.
SP16-PROC-10.3.7-STEPPED-COLUMN-EXTERNAL-ROUTE,Clause 10.3.7,procedure,standard_core.effective_lengths_and_limiting_slenderness.column_effective_length_eq140,tests/test_effective_lengths_and_limiting_slenderness.py,V12-SP16-PROC-10.3.7-STEPPED-COLUMN-EXTERNAL-ROUTE,implemented,Section 10 procedure implemented or explicit external routing documented.
SP16-PROC-10.3.9-OUT-OF-PLANE-COLUMN-LENGTH,Clause 10.3.9,procedure,standard_core.effective_lengths_and_limiting_slenderness.out_of_plane_column_effective_length_clause_10_3_9,tests/test_effective_lengths_and_limiting_slenderness.py,V12-SP16-PROC-10.3.9-OUT-OF-PLANE-COLUMN-LENGTH,implemented,Section 10 procedure implemented or explicit external routing documented.
SP16-PROC-10.3.10-GALLERY-SUPPORT-LENGTH,Clause 10.3.10,procedure,standard_core.effective_lengths_and_limiting_slenderness.gallery_support_branch_effective_length_clause_10_3_10,tests/test_effective_lengths_and_limiting_slenderness.py,V12-SP16-PROC-10.3.10-GALLERY-SUPPORT-LENGTH,implemented,Section 10 procedure implemented or explicit external routing documented.
SP16-PROC-10.3.11-CERTIFIED-SOFTWARE-ASSUMPTION,Clause 10.3.11,procedure,standard_core.effective_lengths_and_limiting_slenderness.column_effective_length_eq140,tests/test_effective_lengths_and_limiting_slenderness.py,V12-SP16-PROC-10.3.11-CERTIFIED-SOFTWARE-ASSUMPTION,implemented,Section 10 procedure implemented or explicit external routing documented.
SP16-PROC-10.4.1-SLENDERNESS-CHECK,Clause 10.4.1,procedure,standard_core.effective_lengths_and_limiting_slenderness.slenderness_check,tests/test_effective_lengths_and_limiting_slenderness.py,V12-SP16-PROC-10.4.1-SLENDERNESS-CHECK,implemented,Section 10 procedure implemented or explicit external routing documented.
SP16-PROC-10.4.2-GROUP-4-INCREASE,Clause 10.4.2,procedure,standard_core.effective_lengths_and_limiting_slenderness.group_4_limiting_slenderness_increase,tests/test_effective_lengths_and_limiting_slenderness.py,V12-SP16-PROC-10.4.2-GROUP-4-INCREASE,implemented,Section 10 procedure implemented or explicit external routing documented.
SP16-PROC-TABLE-33-NOTES,Clause 10.4.1,procedure,standard_core.effective_lengths_and_limiting_slenderness.table_33_tension_limiting_slenderness,tests/test_effective_lengths_and_limiting_slenderness.py,V12-SP16-PROC-TABLE-33-NOTES,implemented,Section 10 procedure implemented or explicit external routing documented.
SP16-PROC-11.1.1-PRINCIPAL-STRESS-LIMITS,11.1.1,procedure,standard_core.sheet_structures_strength_and_stability.principal_stress_resistance_check_clause_11_1_1,tests/test_sheet_structures_strength_and_stability.py,V13-SP16-PROC-11.1.1-PRINCIPAL-STRESS-LIMITS,implemented,Section 11 procedure implemented or surfaced as an explicit external-analysis route.
SP16-PROC-11.1.4-LOCAL-EDGE-EFFECT,11.1.4,procedure,standard_core.sheet_structures_strength_and_stability.shell_analysis_route_clause_11_1_4_11_1_5,tests/test_sheet_structures_strength_and_stability.py,V13-SP16-PROC-11.1.4-LOCAL-EDGE-EFFECT,implemented,Section 11 procedure implemented or surfaced as an explicit external-analysis route.
SP16-PROC-11.1.5-CERTIFIED-SPATIAL-ANALYSIS,11.1.5,procedure,standard_core.sheet_structures_strength_and_stability.shell_analysis_route_clause_11_1_4_11_1_5,tests/test_sheet_structures_strength_and_stability.py,V13-SP16-PROC-11.1.5-CERTIFIED-SPATIAL-ANALYSIS,implemented,Section 11 procedure implemented or surfaced as an explicit external-analysis route.
SP16-PROC-11.2.1-CRITICAL-STRESS-SELECTION,11.2.1,procedure,standard_core.sheet_structures_strength_and_stability.cylindrical_axial_critical_stress,tests/test_sheet_structures_strength_and_stability.py,V13-SP16-PROC-11.2.1-CRITICAL-STRESS-SELECTION,implemented,Section 11 procedure implemented or surfaced as an explicit external-analysis route.
SP16-PROC-11.2.1-ECCENTRIC-COMPRESSION-ADJUSTMENT,11.2.1,procedure,standard_core.sheet_structures_strength_and_stability.eccentric_compression_critical_stress_multiplier_clause_11_2_1,tests/test_sheet_structures_strength_and_stability.py,V13-SP16-PROC-11.2.1-ECCENTRIC-COMPRESSION-ADJUSTMENT,implemented,Section 11 procedure implemented or surfaced as an explicit external-analysis route.
SP16-PROC-11.2.2-TUBE-ROUTING,11.2.2,procedure,standard_core.sheet_structures_strength_and_stability.tube_local_stability_route_clause_11_2_2,tests/test_sheet_structures_strength_and_stability.py,V13-SP16-PROC-11.2.2-TUBE-ROUTING,implemented,Section 11 procedure implemented or surfaced as an explicit external-analysis route.
SP16-PROC-11.2.3-PANEL-INTERPOLATION,11.2.3,procedure,standard_core.sheet_structures_strength_and_stability.cylindrical_panel_limit,tests/test_sheet_structures_strength_and_stability.py,V13-SP16-PROC-11.2.3-PANEL-INTERPOLATION,implemented,Section 11 procedure implemented or surfaced as an explicit external-analysis route.
SP16-PROC-11.2.3-PANEL-OR-SHELL-ROUTING,11.2.3,procedure,standard_core.sheet_structures_strength_and_stability.cylindrical_panel_route_clause_11_2_3,tests/test_sheet_structures_strength_and_stability.py,V13-SP16-PROC-11.2.3-PANEL-OR-SHELL-ROUTING,implemented,Section 11 procedure implemented or surfaced as an explicit external-analysis route.
SP16-PROC-11.2.4-EXTERNAL-PRESSURE-INTERPOLATION,11.2.4,procedure,standard_core.sheet_structures_strength_and_stability.cylindrical_external_pressure_critical_stress,tests/test_sheet_structures_strength_and_stability.py,V13-SP16-PROC-11.2.4-EXTERNAL-PRESSURE-INTERPOLATION,implemented,Section 11 procedure implemented or surfaced as an explicit external-analysis route.
SP16-PROC-11.2.4-RING-STIFFENER-REQUIREMENTS,11.2.4,procedure,standard_core.sheet_structures_strength_and_stability.ring_stiffener_requirements_clause_11_2_4,tests/test_sheet_structures_strength_and_stability.py,V13-SP16-PROC-11.2.4-RING-STIFFENER-REQUIREMENTS,implemented,Section 11 procedure implemented or surfaced as an explicit external-analysis route.
SP16-PROC-11.2.5-COMBINED-CYLINDER-INTERACTION,11.2.5,procedure,standard_core.sheet_structures_strength_and_stability.cylindrical_combined_stability_utilization_eq162,tests/test_sheet_structures_strength_and_stability.py,V13-SP16-PROC-11.2.5-COMBINED-CYLINDER-INTERACTION,implemented,Section 11 procedure implemented or surfaced as an explicit external-analysis route.
SP16-PROC-11.2.6-CONE-ANGLE-LIMIT,11.2.6,procedure,standard_core.sheet_structures_strength_and_stability.conical_equivalent_radius_eq165,tests/test_sheet_structures_strength_and_stability.py,V13-SP16-PROC-11.2.6-CONE-ANGLE-LIMIT,implemented,Section 11 procedure implemented or surfaced as an explicit external-analysis route.
SP16-PROC-11.2.8-COMBINED-CONE-INTERACTION,11.2.8,procedure,standard_core.sheet_structures_strength_and_stability.conical_combined_stability_utilization_eq168,tests/test_sheet_structures_strength_and_stability.py,V13-SP16-PROC-11.2.8-COMBINED-CONE-INTERACTION,implemented,Section 11 procedure implemented or surfaced as an explicit external-analysis route.
SP16-PROC-11.2.9-SPHERE-RATIO-LIMIT,11.2.9,procedure,standard_core.sheet_structures_strength_and_stability.spherical_external_pressure_critical_stress_clause_11_2_9,tests/test_sheet_structures_strength_and_stability.py,V13-SP16-PROC-11.2.9-SPHERE-RATIO-LIMIT,implemented,Section 11 procedure implemented or surfaced as an explicit external-analysis route.
SP16-PROC-12.1.1-APPLICABILITY,12.1.1,procedure,standard_core.fatigue_design.fatigue_applicability_route_clause_12_1_1_12_1_3,tests/test_fatigue_design.py,V14-SP16-PROC-12.1.1-APPLICABILITY,implemented,Section 12 or Annex K procedure implemented with explicit engineering inputs.
SP16-PROC-12.1.2-STRESS-ASYMMETRY-RATIO,12.1.2,procedure,standard_core.fatigue_design.stress_asymmetry_ratio,tests/test_fatigue_design.py,V14-SP16-PROC-12.1.2-STRESS-ASYMMETRY-RATIO,implemented,Section 12 or Annex K procedure implemented with explicit engineering inputs.
SP16-PROC-12.1.2-CYCLE-FACTOR-ROUTING,12.1.2,procedure,standard_core.fatigue_design.fatigue_cycle_factor_alpha,tests/test_fatigue_design.py,V14-SP16-PROC-12.1.2-CYCLE-FACTOR-ROUTING,implemented,Section 12 or Annex K procedure implemented with explicit engineering inputs.
SP16-PROC-12.1.2-RESISTANCE-CAP,12.1.2,procedure,standard_core.fatigue_design.fatigue_resistance_cap_check_clause_12_1_2,tests/test_fatigue_design.py,V14-SP16-PROC-12.1.2-RESISTANCE-CAP,implemented,Section 12 or Annex K procedure implemented with explicit engineering inputs.
SP16-PROC-12.1.1-LOW-CYCLE-BOUNDARY-CURRENT,12.1.1,procedure,standard_core.fatigue_design.fatigue_applicability_route_clause_12_1_1_12_1_3,tests/test_fatigue_design.py,N9-SP16-PROC-12.1.1-LOW-CYCLE-BOUNDARY-CURRENT,implemented,Change No.6 excludes 12.1.3; current low-cycle route remains fail-closed/external.
SP16-PROC-12.2-CRANE-CYCLE-FACTOR,12.2,procedure,standard_core.fatigue_design.crane_runway_cycle_factor_clause_12_2,tests/test_fatigue_design.py,V14-SP16-PROC-12.2-CRANE-CYCLE-FACTOR,implemented,Section 12 or Annex K procedure implemented with explicit engineering inputs.
SP16-PROC-12.2-WEB-FATIGUE-RESISTANCE,12.2,procedure,standard_core.fatigue_design.crane_runway_web_fatigue_resistance_clause_12_2,tests/test_fatigue_design.py,V14-SP16-PROC-12.2-WEB-FATIGUE-RESISTANCE,implemented,Section 12 or Annex K procedure implemented with explicit engineering inputs.
SP16-PROC-K.1-GROUP-LOOKUP,Annex K,procedure,standard_core.fatigue_design.annex_k_group,tests/test_fatigue_design.py,V14-SP16-PROC-K.1-GROUP-LOOKUP,implemented,Section 12 or Annex K procedure implemented with explicit engineering inputs.
SP16-PROC-K.1-TUBE-CASE-20,Annex K,procedure,standard_core.fatigue_design.annex_k_tube_joint_group_case20,tests/test_fatigue_design.py,V14-SP16-PROC-K.1-TUBE-CASE-20,implemented,Section 12 or Annex K procedure implemented with explicit engineering inputs.
SP16-PROC-K.1-TUBE-CASE-21,Annex K,procedure,standard_core.fatigue_design.annex_k_tube_joint_group_case21,tests/test_fatigue_design.py,V14-SP16-PROC-K.1-TUBE-CASE-21,implemented,Section 12 or Annex K procedure implemented with explicit engineering inputs.
SP16-PROC-13.1-BRITTLE-FACTORS,13.1,procedure,standard_core.brittle_fracture_and_welded_connections.brittle_fracture_factor_register_clause_13_1,tests/test_brittle_fracture_and_welded_connections.py,V15-SP16-PROC-13.1-BRITTLE-FACTORS,implemented,Section 13/14.1 procedure implemented with explicit applicability inputs.
SP16-PROC-13.2-PREVENTION-CHECKLIST,13.1-13.2,procedure,standard_core.brittle_fracture_and_welded_connections.brittle_fracture_prevention_checklist_clause_13_1_13_2,tests/test_brittle_fracture_and_welded_connections.py,V15-SP16-PROC-13.2-PREVENTION-CHECKLIST,implemented,Section 13/14.1 procedure implemented with explicit applicability inputs.
SP16-PROC-13.3-LAMELLAR-APPLICABILITY,13.3,procedure,standard_core.brittle_fracture_and_welded_connections.lamellar_tearing_applicability_clause_13_3,tests/test_brittle_fracture_and_welded_connections.py,V15-SP16-PROC-13.3-LAMELLAR-APPLICABILITY,implemented,Section 13/14.1 procedure implemented with explicit applicability inputs.
SP16-PROC-13.4-Z-TEST-ROUTE,13.4,procedure,standard_core.brittle_fracture_and_welded_connections.through_thickness_property_test_route_clause_13_4,tests/test_brittle_fracture_and_welded_connections.py,V15-SP16-PROC-13.4-Z-TEST-ROUTE,implemented,Section 13/14.1 procedure implemented with explicit applicability inputs.
SP16-PROC-13.5-RISK-MODIFIER,13.5,procedure,standard_core.brittle_fracture_and_welded_connections.lamellar_tearing_adjusted_risk_clause_13_5,tests/test_brittle_fracture_and_welded_connections.py,V15-SP16-PROC-13.5-RISK-MODIFIER,implemented,Section 13/14.1 procedure implemented with explicit applicability inputs.
SP16-PROC-13.5-Z-GROUP-SELECTION,13.5,procedure,standard_core.brittle_fracture_and_welded_connections.required_z_quality_group_clause_13_5,tests/test_brittle_fracture_and_welded_connections.py,V15-SP16-PROC-13.5-Z-GROUP-SELECTION,implemented,Section 13/14.1 procedure implemented with explicit applicability inputs.
SP16-PROC-13.5-LAMELLAR-CHECK,13.5,procedure,standard_core.brittle_fracture_and_welded_connections.lamellar_tearing_check_clause_13_5,tests/test_brittle_fracture_and_welded_connections.py,V15-SP16-PROC-13.5-LAMELLAR-CHECK,implemented,Section 13/14.1 procedure implemented with explicit applicability inputs.
SP16-PROC-14.1.1-14.1.6-DETAILING,14.1.1-14.1.6,procedure,standard_core.brittle_fracture_and_welded_connections.welded_connection_detailing_checklist_clause_14_1_1_14_1_6,tests/test_brittle_fracture_and_welded_connections.py,V15-SP16-PROC-14.1.1-14.1.6-DETAILING,implemented,Section 13/14.1 procedure implemented with explicit applicability inputs.
SP16-PROC-14.1.7-MAXIMUM-LEG,14.1.7,procedure,standard_core.brittle_fracture_and_welded_connections.maximum_fillet_weld_leg_clause_14_1_7,tests/test_brittle_fracture_and_welded_connections.py,V15-SP16-PROC-14.1.7-MAXIMUM-LEG,implemented,Section 13/14.1 procedure implemented with explicit applicability inputs.
SP16-PROC-14.1.7-MINIMUM-LENGTH,14.1.7,procedure,standard_core.brittle_fracture_and_welded_connections.minimum_fillet_weld_design_length_clause_14_1_7,tests/test_brittle_fracture_and_welded_connections.py,V15-SP16-PROC-14.1.7-MINIMUM-LENGTH,implemented,Section 13/14.1 procedure implemented with explicit applicability inputs.
SP16-PROC-14.1.7-MAXIMUM-FLANK-LENGTH,14.1.7,procedure,standard_core.brittle_fracture_and_welded_connections.maximum_flank_weld_length_clause_14_1_7,tests/test_brittle_fracture_and_welded_connections.py,V15-SP16-PROC-14.1.7-MAXIMUM-FLANK-LENGTH,implemented,Section 13/14.1 procedure implemented with explicit applicability inputs.
SP16-PROC-14.1.7-MINIMUM-LAP,14.1.7,procedure,standard_core.brittle_fracture_and_welded_connections.minimum_lap_length_clause_14_1_7,tests/test_brittle_fracture_and_welded_connections.py,V15-SP16-PROC-14.1.7-MINIMUM-LAP,implemented,Section 13/14.1 procedure implemented with explicit applicability inputs.
SP16-PROC-14.1.8-CONSUMABLE-COMPATIBILITY,14.1.8,procedure,standard_core.brittle_fracture_and_welded_connections.welding_consumable_compatibility_clause_14_1_8,tests/test_brittle_fracture_and_welded_connections.py,V15-SP16-PROC-14.1.8-CONSUMABLE-COMPATIBILITY,implemented,Section 13/14.1 procedure implemented with explicit applicability inputs.
SP16-PROC-14.1.9-ONE-SIDED-ROUTE,14.1.9,procedure,standard_core.brittle_fracture_and_welded_connections.one_sided_fillet_weld_route_clause_14_1_9,tests/test_brittle_fracture_and_welded_connections.py,V15-SP16-PROC-14.1.9-ONE-SIDED-ROUTE,implemented,Section 13/14.1 procedure implemented with explicit applicability inputs.
SP16-PROC-14.1.10-INTERMITTENT-ROUTE,14.1.10,procedure,standard_core.brittle_fracture_and_welded_connections.intermittent_weld_applicability_clause_14_1_10,tests/test_brittle_fracture_and_welded_connections.py,V15-SP16-PROC-14.1.10-INTERMITTENT-ROUTE,implemented,Section 13/14.1 procedure implemented with explicit applicability inputs.
SP16-PROC-14.1.10-INTERMITTENT-SPACING,14.1.10,procedure,standard_core.brittle_fracture_and_welded_connections.intermittent_weld_spacing_limit_clause_14_1_10,tests/test_brittle_fracture_and_welded_connections.py,V15-SP16-PROC-14.1.10-INTERMITTENT-SPACING,implemented,Section 13/14.1 procedure implemented with explicit applicability inputs.
SP16-PROC-14.1.10-END-WELD-LENGTH,14.1.10,procedure,standard_core.brittle_fracture_and_welded_connections.end_weld_minimum_length_clause_14_1_10,tests/test_brittle_fracture_and_welded_connections.py,V15-SP16-PROC-14.1.10-END-WELD-LENGTH,implemented,Section 13/14.1 procedure implemented with explicit applicability inputs.
SP16-PROC-14.1.11-PERIMETER-WELD-ROUTE,14.1.11-14.1.12,procedure,standard_core.brittle_fracture_and_welded_connections.perimeter_or_plug_weld_route_clause_14_1_11_14_1_12,tests/test_brittle_fracture_and_welded_connections.py,V15-SP16-PROC-14.1.11-PERIMETER-WELD-ROUTE,implemented,Section 13/14.1 procedure implemented with explicit applicability inputs.
SP16-PROC-14.1.12-PLUG-WELD-REQUIREMENTS,14.1.12,procedure,standard_core.brittle_fracture_and_welded_connections.plug_weld_requirements_clause_14_1_12,tests/test_brittle_fracture_and_welded_connections.py,V15-SP16-PROC-14.1.12-PLUG-WELD-REQUIREMENTS,implemented,Section 13/14.1 procedure implemented with explicit applicability inputs.
SP16-PROC-14.1.13-COMBINED-DISTRIBUTION,14.1.13,procedure,standard_core.brittle_fracture_and_welded_connections.combined_connection_force_distribution_clause_14_1_13,tests/test_brittle_fracture_and_welded_connections.py,V15-SP16-PROC-14.1.13-COMBINED-DISTRIBUTION,implemented,Section 13/14.1 procedure implemented with explicit applicability inputs.
SP16-PROC-14.1.14-BUTT-LENGTH,14.1.14,procedure,standard_core.brittle_fracture_and_welded_connections.effective_butt_weld_length_clause_14_1_14,tests/test_brittle_fracture_and_welded_connections.py,V15-SP16-PROC-14.1.14-BUTT-LENGTH,implemented,Section 13/14.1 procedure implemented with explicit applicability inputs.
SP16-PROC-14.1.14-RESISTANCE-BRANCH,14.1.14,procedure,standard_core.brittle_fracture_and_welded_connections.butt_weld_resistance_branch_clause_14_1_14,tests/test_brittle_fracture_and_welded_connections.py,V15-SP16-PROC-14.1.14-RESISTANCE-BRANCH,implemented,Section 13/14.1 procedure implemented with explicit applicability inputs.
SP16-PROC-14.1.15-COMBINED-BUTT-STRESS,14.1.15,procedure,standard_core.brittle_fracture_and_welded_connections.butt_weld_combined_stress_clause_14_1_15,tests/test_brittle_fracture_and_welded_connections.py,V15-SP16-PROC-14.1.15-COMBINED-BUTT-STRESS,implemented,Section 13/14.1 procedure implemented with explicit applicability inputs.
SP16-PROC-14.1.16-FILLET-LENGTH,14.1.16,procedure,standard_core.brittle_fracture_and_welded_connections.fillet_weld_effective_length_clause_14_1_16,tests/test_brittle_fracture_and_welded_connections.py,V15-SP16-PROC-14.1.16-FILLET-LENGTH,implemented,Section 13/14.1 procedure implemented with explicit applicability inputs.
SP16-PROC-14.1.16-GOVERNING-PLANE,14.1.16,procedure,standard_core.brittle_fracture_and_welded_connections.fillet_weld_governing_plane_clause_14_1_16,tests/test_brittle_fracture_and_welded_connections.py,V15-SP16-PROC-14.1.16-GOVERNING-PLANE,implemented,Section 13/14.1 procedure implemented with explicit applicability inputs.
SP16-PROC-14.1.20-SPOT-BETA,14.1.20,procedure,standard_core.brittle_fracture_and_welded_connections.spot_weld_beta_clause_14_1_20,tests/test_brittle_fracture_and_welded_connections.py,V15-SP16-PROC-14.1.20-SPOT-BETA,implemented,Section 13/14.1 procedure implemented with explicit applicability inputs.
SP16-PROC-14.1.20-SPOT-CAPACITY,14.1.20,procedure,standard_core.brittle_fracture_and_welded_connections.spot_weld_governing_capacity_clause_14_1_20,tests/test_brittle_fracture_and_welded_connections.py,V15-SP16-PROC-14.1.20-SPOT-CAPACITY,implemented,Section 13/14.1 procedure implemented with explicit applicability inputs.
SP16-PROC-14.2.1-BOLT-STANDARD-ROUTE,Clause 14.2.1,procedure,standard_core.bolted_and_friction_connections.bolted_and_friction_external_requirements,tests/test_bolted_and_friction_connections.py,V16-SP16-PROC-14.2.1-BOLT-STANDARD-ROUTE,implemented,Explicit executable or evidence-route procedure.
SP16-PROC-14.2.2-14.2.8-DETAILING,Clause 14.2.2-14.2.8,procedure,standard_core.bolted_and_friction_connections.table_40_check_layout,tests/test_bolted_and_friction_connections.py,V16-SP16-PROC-14.2.2-14.2.8-DETAILING,implemented,Explicit executable or evidence-route procedure.
SP16-PROC-14.2.10-LONG-JOINT,Clause 14.2.10,procedure,standard_core.bolted_and_friction_connections.long_joint_reduction_factor_14_2_10,tests/test_bolted_and_friction_connections.py,V16-SP16-PROC-14.2.10-LONG-JOINT,implemented,Explicit executable or evidence-route procedure.
SP16-PROC-14.2.11-MOMENT-DISTRIBUTION,Clause 14.2.11,procedure,standard_core.bolted_and_friction_connections.bolt_group_force_distribution_14_2_11_12,tests/test_bolted_and_friction_connections.py,V16-SP16-PROC-14.2.11-MOMENT-DISTRIBUTION,implemented,Explicit executable or evidence-route procedure.
SP16-PROC-14.2.12-FORCE-MOMENT-DISTRIBUTION,Clause 14.2.12,procedure,standard_core.bolted_and_friction_connections.bolt_group_force_distribution_14_2_11_12,tests/test_bolted_and_friction_connections.py,V16-SP16-PROC-14.2.12-FORCE-MOMENT-DISTRIBUTION,implemented,Explicit executable or evidence-route procedure.
SP16-PROC-14.2.14-BOLT-COUNT-INCREASE,Clause 14.2.14,procedure,standard_core.bolted_and_friction_connections.bolt_count_detailing_adjustment_14_2_14,tests/test_bolted_and_friction_connections.py,V16-SP16-PROC-14.2.14-BOLT-COUNT-INCREASE,implemented,Explicit executable or evidence-route procedure.
SP16-PROC-14.2.15-ANCHOR-EXTERNAL-ROUTE,Clause 14.2.15,procedure,standard_core.bolted_and_friction_connections.bolted_and_friction_external_requirements,tests/test_bolted_and_friction_connections.py,V16-SP16-PROC-14.2.15-ANCHOR-EXTERNAL-ROUTE,implemented,Explicit executable or evidence-route procedure.
SP16-PROC-14.3.1-14.3.2-APPLICATION,Clause 14.3.1-14.3.2,procedure,standard_core.bolted_and_friction_connections.bolted_and_friction_external_requirements,tests/test_bolted_and_friction_connections.py,V16-SP16-PROC-14.3.1-14.3.2-APPLICATION,implemented,Explicit executable or evidence-route procedure.
SP16-PROC-14.3.4-GAMMA-B,Clause 14.3.4,procedure,standard_core.bolted_and_friction_connections.friction_connection_working_factor_14_3_4,tests/test_bolted_and_friction_connections.py,V16-SP16-PROC-14.3.4-GAMMA-B,implemented,Explicit executable or evidence-route procedure.
SP16-PROC-14.3.5-FORCE-MOMENT-DISTRIBUTION,Clause 14.3.5,procedure,standard_core.bolted_and_friction_connections.bolt_group_force_distribution_14_2_11_12,tests/test_bolted_and_friction_connections.py,V16-SP16-PROC-14.3.5-FORCE-MOMENT-DISTRIBUTION,implemented,Explicit executable or evidence-route procedure.
SP16-PROC-14.3.6-TENSION-REDUCTION,Clause 14.3.6,procedure,standard_core.bolted_and_friction_connections.friction_tension_reduction_14_3_6,tests/test_bolted_and_friction_connections.py,V16-SP16-PROC-14.3.6-TENSION-REDUCTION,implemented,Explicit executable or evidence-route procedure.
SP16-PROC-14.3.7-DIAMETER-CHECK,Clause 14.3.7,procedure,standard_core.bolted_and_friction_connections.friction_bolt_diameter_check_14_3_7,tests/test_bolted_and_friction_connections.py,V16-SP16-PROC-14.3.7-DIAMETER-CHECK,implemented,Explicit executable or evidence-route procedure.
SP16-PROC-14.3.8-14.3.9-DOCUMENTATION-ACCESS,Clause 14.3.8-14.3.9,procedure,standard_core.bolted_and_friction_connections.bolted_and_friction_external_requirements,tests/test_bolted_and_friction_connections.py,V16-SP16-PROC-14.3.8-14.3.9-DOCUMENTATION-ACCESS,implemented,Explicit executable or evidence-route procedure.
SP16-PROC-14.3.10-WASHER,Clause 14.3.10,procedure,standard_core.bolted_and_friction_connections.friction_connection_washer_requirement_14_3_10,tests/test_bolted_and_friction_connections.py,V16-SP16-PROC-14.3.10-WASHER,implemented,Explicit executable or evidence-route procedure.
SP16-PROC-14.3.11-EFFECTIVE-AREA,Clause 14.3.11,procedure,standard_core.bolted_and_friction_connections.friction_connection_effective_area_14_3_11,tests/test_bolted_and_friction_connections.py,V16-SP16-PROC-14.3.11-EFFECTIVE-AREA,implemented,Explicit executable or evidence-route procedure.
SP16-PROC-14.4.1-SHEAR-FLOW,Clause 14.4.1,procedure,standard_core.built_up_beam_flange_connections.flange_shear_flow_t_n_mm,tests/test_built_up_beam_flange_connections.py,V17-SP16-PROC-14.4.1-SHEAR-FLOW,implemented,Calculate T=QS/I using gross flange static moment and gross section inertia
SP16-PROC-14.4.1-LOCAL-PRESSURE-FLOW,Clause 14.4.1,procedure,standard_core.built_up_beam_flange_connections.local_load_line_pressure_v_n_mm,tests/test_built_up_beam_flange_connections.py,V17-SP16-PROC-14.4.1-LOCAL-PRESSURE-FLOW,implemented,Calculate V=gamma_f gamma_f1 F_n/l_ef
SP16-PROC-14.4.1-LOAD-ROUTE,Clause 14.4.1,procedure,standard_core.built_up_beam_flange_connections.table_43_load_route,tests/test_built_up_beam_flange_connections.py,V17-SP16-PROC-14.4.1-LOAD-ROUTE,implemented,Route specified stationary lower-flange and unstiffened upper-flange loads to moving-load formulas
SP16-PROC-14.4.1-ALPHA,Clause 14.4.1,procedure,standard_core.built_up_beam_flange_connections.table_43_alpha,tests/test_built_up_beam_flange_connections.py,V17-SP16-PROC-14.4.1-ALPHA,implemented,Select alpha=0.4 or 1.0 from loaded flange and web-edge planing condition
SP16-PROC-14.4.1-FULL-PENETRATION-WELD,Clause 14.4.1,procedure,standard_core.built_up_beam_flange_connections.full_penetration_web_weld_equivalence_14_4_1,tests/test_built_up_beam_flange_connections.py,V17-SP16-PROC-14.4.1-FULL-PENETRATION-WELD,implemented,Classify full-web-thickness penetration weld as equal-strength with the web
SP16-PROC-14.4.2-MULTILAYER-FLANGE-SHEET,Clause 14.4.2,procedure,standard_core.built_up_beam_flange_connections.multilayer_flange_sheet_attachment_force_14_4_2,tests/test_built_up_beam_flange_connections.py,V17-SP16-PROC-14.4.2-MULTILAYER-FLANGE-SHEET,implemented,Determine half or full sheet attachment force around theoretical and actual cutoffs
SP16-PROC-15-CLASSIFICATION,15,procedure,standard_core/structural_detailing_and_support_bearings.py:section_15_requirement_catalog,tests/test_structural_detailing_and_support_bearings.py,V18-SP16-PROC-15-CLASSIFICATION,implemented,Section 15 procedure implemented with explicit external boundaries.
SP16-PROC-15.1-TABLE-44-LOOKUP,15.1,procedure,standard_core/structural_detailing_and_support_bearings.py:table_44_maximum_spacing_m,tests/test_structural_detailing_and_support_bearings.py,V18-SP16-TBL-44,implemented,Section 15 procedure implemented with explicit external boundaries.
SP16-PROC-15.1-SPACING-ASSESSMENT,15.1,procedure,standard_core/structural_detailing_and_support_bearings.py:temperature_joint_spacing_assessment_15_1,tests/test_structural_detailing_and_support_bearings.py,V18-SP16-PROC-15.1-SPACING-ASSESSMENT,implemented,Section 15 procedure implemented with explicit external boundaries.
SP16-PROC-15.1-PAIRED-BRACING,15.1,procedure,standard_core/structural_detailing_and_support_bearings.py:paired_vertical_bracing_max_spacing_m_15_1,tests/test_structural_detailing_and_support_bearings.py,V18-SP16-PROC-15.1-PAIRED-BRACING,implemented,Section 15 procedure implemented with explicit external boundaries.
SP16-PROC-15.12.1-BEARING-SELECTION,15.12.1,procedure,standard_core/structural_detailing_and_support_bearings.py:support_bearing_selection_15_12_1,tests/test_structural_detailing_and_support_bearings.py,V18-SP16-PROC-15.12.1-BEARING-SELECTION,implemented,Section 15 procedure implemented with explicit external boundaries.
SP16-PROC-15.12.1-FRICTION,15.12.1,procedure,standard_core/structural_detailing_and_support_bearings.py:support_bearing_friction_coefficient_15_12_1,tests/test_structural_detailing_and_support_bearings.py,V18-SP16-PROC-15.12.1-FRICTION,implemented,Section 15 procedure implemented with explicit external boundaries.
SP16-PROC-15.12.2-ANGLE-APPLICABILITY,15.12.2,procedure,standard_core/structural_detailing_and_support_bearings.py:cylindrical_hinge_bearing_check_15_12_2,tests/test_structural_detailing_and_support_bearings.py,V18-SP16-PROC-15.12.2-ANGLE-APPLICABILITY,implemented,Section 15 procedure implemented with explicit external boundaries.
SP16-PROC-15.12.3-ROLLER-CHECK,15.12.3,procedure,standard_core/structural_detailing_and_support_bearings.py:roller_bearing_check_15_12_3,tests/test_structural_detailing_and_support_bearings.py,V18-SP16-PROC-15.12.3-ROLLER-CHECK,implemented,Section 15 procedure implemented with explicit external boundaries.
SP16-PROC-16.1-MATERIAL-ROUTE,16.1,procedure,standard_core.overhead_line_and_switchyard_supports.section_16_applicability_route,tests/test_overhead_line_and_switchyard_supports.py,V19-SP16-PROC-16.1-MATERIAL-ROUTE,implemented,Explicit Section 16 procedure or external-boundary route.
SP16-PROC-16.1A-GROUP,16.1a,procedure,standard_core.overhead_line_and_switchyard_supports.section_16_applicability_route,tests/test_overhead_line_and_switchyard_supports.py,V19-SP16-PROC-16.1A-GROUP,implemented,Explicit Section 16 procedure or external-boundary route.
SP16-PROC-16.2-BOLT-ROUTE,16.2,procedure,standard_core.overhead_line_and_switchyard_supports.section_16_applicability_route,tests/test_overhead_line_and_switchyard_supports.py,V19-SP16-PROC-16.2-BOLT-ROUTE,implemented,Explicit Section 16 procedure or external-boundary route.
SP16-PROC-16.4-TABLE-45,16.4,procedure,standard_core.overhead_line_and_switchyard_supports.table_45_working_condition_factor,tests/test_overhead_line_and_switchyard_supports.py,V19-SP16-PROC-16.4-TABLE-45,implemented,Explicit Section 16 procedure or external-boundary route.
SP16-PROC-16.4-NO-RY-RU-SUBSTITUTION,16.4,procedure,standard_core.overhead_line_and_switchyard_supports.section_16_applicability_route,tests/test_overhead_line_and_switchyard_supports.py,V19-SP16-PROC-16.4-NO-RY-RU-SUBSTITUTION,implemented,Explicit Section 16 procedure or external-boundary route.
SP16-PROC-16.5-PYRAMIDAL-MU,16.5,procedure,standard_core.overhead_line_and_switchyard_supports.pyramidal_effective_length_factor_clause_16_5,tests/test_overhead_line_and_switchyard_supports.py,V19-SP16-PROC-16.5-PYRAMIDAL-MU,implemented,Explicit Section 16 procedure or external-boundary route.
SP16-PROC-16.7-BOLT-ECCENTRICITY,16.7,procedure,standard_core.overhead_line_and_switchyard_supports.angle_member_eccentricity_factors_clause_16_12,tests/test_overhead_line_and_switchyard_supports.py,V19-SP16-PROC-16.7-BOLT-ECCENTRICITY,implemented,Explicit Section 16 procedure or external-boundary route.
SP16-PROC-16.8-AUXILIARIES,16.8,procedure,standard_core.overhead_line_and_switchyard_supports.guyed_support_second_order_auxiliaries,tests/test_overhead_line_and_switchyard_supports.py,V19-SP16-PROC-16.8-AUXILIARIES,implemented,Explicit Section 16 procedure or external-boundary route.
SP16-PROC-16.10-BIAXIAL-GOVERNING,16.10,procedure,standard_core.overhead_line_and_switchyard_supports.triangular_additional_chord_force_eq208,tests/test_overhead_line_and_switchyard_supports.py,V19-SP16-PROC-16.10-BIAXIAL-GOVERNING,implemented,Explicit Section 16 procedure or external-boundary route.
SP16-PROC-16.11-TRIANGULAR-SHEAR-ROUTE,16.11,procedure,standard_core.overhead_line_and_switchyard_supports.section_16_applicability_route,tests/test_overhead_line_and_switchyard_supports.py,V19-SP16-PROC-16.11-TRIANGULAR-SHEAR-ROUTE,implemented,Explicit Section 16 procedure or external-boundary route.
SP16-PROC-16.12-ANGLE-ROUTING,16.12,procedure,standard_core.overhead_line_and_switchyard_supports.angle_member_eccentricity_factors_clause_16_12,tests/test_overhead_line_and_switchyard_supports.py,V19-SP16-PROC-16.12-ANGLE-ROUTING,implemented,Explicit Section 16 procedure or external-boundary route.
SP16-PROC-16.13-TRAVERSE-LENGTHS,16.13,procedure,standard_core.overhead_line_and_switchyard_supports.section_16_detailing_checks,tests/test_overhead_line_and_switchyard_supports.py,V19-SP16-PROC-16.13-TRAVERSE-LENGTHS,implemented,Explicit Section 16 procedure or external-boundary route.
SP16-PROC-16.14-SLENDERNESS,16.14,procedure,standard_core.overhead_line_and_switchyard_supports.section_16_detailing_checks,tests/test_overhead_line_and_switchyard_supports.py,V19-SP16-PROC-16.14-SLENDERNESS,implemented,Explicit Section 16 procedure or external-boundary route.
SP16-PROC-16.15-TABLE-46,16.15,procedure,standard_core.overhead_line_and_switchyard_supports.table_46_deformation_check,tests/test_overhead_line_and_switchyard_supports.py,V19-SP16-PROC-16.15-TABLE-46,implemented,Explicit Section 16 procedure or external-boundary route.
SP16-PROC-16.16-DIAPHRAGM,16.16,procedure,standard_core.overhead_line_and_switchyard_supports.section_16_detailing_checks,tests/test_overhead_line_and_switchyard_supports.py,V19-SP16-PROC-16.16-DIAPHRAGM,implemented,Explicit Section 16 procedure or external-boundary route.
SP16-PROC-16.17-SINGLE-BOLT-EDGE,16.17,procedure,standard_core.overhead_line_and_switchyard_supports.section_16_detailing_checks,tests/test_overhead_line_and_switchyard_supports.py,V19-SP16-PROC-16.17-SINGLE-BOLT-EDGE,implemented,Explicit Section 16 procedure or external-boundary route.
SP16-PROC-16.18-BRACE-SIDES,16.18,procedure,standard_core.overhead_line_and_switchyard_supports.section_16_detailing_checks,tests/test_overhead_line_and_switchyard_supports.py,V19-SP16-PROC-16.18-BRACE-SIDES,implemented,Explicit Section 16 procedure or external-boundary route.
SP16-PROC-16.19-SPLICE-BOLTS,16.19,procedure,standard_core.overhead_line_and_switchyard_supports.section_16_detailing_checks,tests/test_overhead_line_and_switchyard_supports.py,V19-SP16-PROC-16.19-SPLICE-BOLTS,implemented,Explicit Section 16 procedure or external-boundary route.
SP16-PROC-16.20-POLYGONAL-TUBE,16.20,procedure,standard_core.overhead_line_and_switchyard_supports.polygonal_tube_wall_stability_check,tests/test_overhead_line_and_switchyard_supports.py,V19-SP16-PROC-16.20-POLYGONAL-TUBE,implemented,Explicit Section 16 procedure or external-boundary route.
SP16-PROC-16-EXTERNAL-LOADS,16.1-16.20,procedure,standard_core.overhead_line_and_switchyard_supports.section_16_applicability_route,tests/test_overhead_line_and_switchyard_supports.py,V19-SP16-PROC-16-EXTERNAL-LOADS,implemented,Explicit Section 16 procedure or external-boundary route.
SP16-PROC-17.1-MATERIAL-GROUP,17.1,procedure,standard_core.antenna_structures.antenna_structure_material_group_route_clause_17_1,tests/test_antenna_structures.py,V20-SP16-PROC-17.1-MATERIAL-GROUP,implemented,Executable Section 17 procedure or explicit evidence/external-boundary route.
SP16-PROC-17.2-ROPE-SELECTION,17.2,procedure,standard_core.antenna_structures.steel_rope_selection_clause_17_2,tests/test_antenna_structures.py,V20-SP16-PROC-17.2-ROPE-SELECTION,implemented,Executable Section 17 procedure or explicit evidence/external-boundary route.
SP16-PROC-17.3-ZINC-TERMINATION,17.3,procedure,standard_core.antenna_structures.rope_end_zinc_alloy_check_clause_17_3,tests/test_antenna_structures.py,V20-SP16-PROC-17.3-ZINC-TERMINATION,implemented,Executable Section 17 procedure or explicit evidence/external-boundary route.
SP16-PROC-17.4-WIRE-ROUTE,17.4,procedure,standard_core.antenna_structures.antenna_wire_material_route_clause_17_4,tests/test_antenna_structures.py,V20-SP16-PROC-17.4-WIRE-ROUTE,implemented,Executable Section 17 procedure or explicit evidence/external-boundary route.
SP16-PROC-17.5-GAMMA-M,17.5,procedure,standard_core.antenna_structures.wire_material_safety_factor_clause_17_5,tests/test_antenna_structures.py,V20-SP16-PROC-17.5-GAMMA-M,implemented,Executable Section 17 procedure or explicit evidence/external-boundary route.
SP16-PROC-17.5-DESIGN-TENSION,17.5,procedure,standard_core.antenna_structures.wire_design_tension_force_clause_17_5,tests/test_antenna_structures.py,V20-SP16-PROC-17.5-DESIGN-TENSION,implemented,Executable Section 17 procedure or explicit evidence/external-boundary route.
SP16-PROC-17.6-TABLE-47,17.6,procedure,standard_core.antenna_structures.table_47_working_condition_factor,tests/test_antenna_structures.py,V20-SP16-TBL-47,implemented,Executable Section 17 procedure or explicit evidence/external-boundary route.
SP16-PROC-17.7-DEVIATION,17.7,procedure,standard_core.antenna_structures.support_relative_deviation_check_clause_17_7,tests/test_antenna_structures.py,V20-SP16-PROC-17.7-DEVIATION,implemented,Executable Section 17 procedure or explicit evidence/external-boundary route.
SP16-PROC-17.8-ERECTION-CONNECTION,17.8,procedure,standard_core.antenna_structures.erection_connection_check_clause_17_8,tests/test_antenna_structures.py,V20-SP16-PROC-17.8-ERECTION-CONNECTION,implemented,Executable Section 17 procedure or explicit evidence/external-boundary route.
SP16-PROC-17.9-LATTICE-AND-DEFLECTION,17.9,procedure,standard_core.antenna_structures.cross_lattice_and_platform_checks_clause_17_9,tests/test_antenna_structures.py,V20-SP16-PROC-17.9-LATTICE-AND-DEFLECTION,implemented,Executable Section 17 procedure or explicit evidence/external-boundary route.
SP16-PROC-17.10-DIAPHRAGM,17.10,procedure,standard_core.antenna_structures.diaphragm_check_clause_17_10,tests/test_antenna_structures.py,V20-SP16-PROC-17.10-DIAPHRAGM,implemented,Executable Section 17 procedure or explicit evidence/external-boundary route.
SP16-PROC-17.11-FLANGE-BOLTS,17.11,procedure,standard_core.antenna_structures.pipe_flange_bolt_layout_check_clause_17_11,tests/test_antenna_structures.py,V20-SP16-PROC-17.11-FLANGE-BOLTS,implemented,Executable Section 17 procedure or explicit evidence/external-boundary route.
SP16-PROC-17.12-NODE-DETAILING,17.12,procedure,standard_core.antenna_structures.truss_node_detailing_checks_clause_17_12,tests/test_antenna_structures.py,V20-SP16-PROC-17.12-NODE-DETAILING,implemented,Executable Section 17 procedure or explicit evidence/external-boundary route.
SP16-PROC-17.13-GUY-ATTACHMENT,17.13,procedure,standard_core.antenna_structures.guy_attachment_detailing_checks_clause_17_13,tests/test_antenna_structures.py,V20-SP16-PROC-17.13-GUY-ATTACHMENT,implemented,Executable Section 17 procedure or explicit evidence/external-boundary route.
SP16-PROC-17.14-FLEXIBLE-INSERT,17.14,procedure,standard_core.antenna_structures.flexible_cable_insert_check_clause_17_14,tests/test_antenna_structures.py,V20-SP16-PROC-17.14-FLEXIBLE-INSERT,implemented,Executable Section 17 procedure or explicit evidence/external-boundary route.
SP16-PROC-17.15-MECHANICAL-EVIDENCE,17.15,procedure,standard_core.antenna_structures.mechanical_detail_evidence_clause_17_15,tests/test_antenna_structures.py,V20-SP16-PROC-17.15-MECHANICAL-EVIDENCE,implemented,Executable Section 17 procedure or explicit evidence/external-boundary route.
SP16-PROC-17.16-DAMPER-ROUTE,17.16,procedure,standard_core.antenna_structures.vibration_damper_design_clause_17_16,tests/test_antenna_structures.py,V20-SP16-PROC-17.16-DAMPER-ROUTE,implemented,Executable Section 17 procedure or explicit evidence/external-boundary route.
SP16-PROC-17.17-MARKING,17.17,procedure,standard_core.antenna_structures.obstruction_marking_and_lighting_check_clause_17_17,tests/test_antenna_structures.py,V20-SP16-PROC-17.17-MARKING,implemented,Executable Section 17 procedure or explicit evidence/external-boundary route.
SP16-PROC-17.18-GALVANIZING,17.18,procedure,standard_core.antenna_structures.galvanizing_check_clause_17_18,tests/test_antenna_structures.py,V20-SP16-PROC-17.18-GALVANIZING,implemented,Executable Section 17 procedure or explicit evidence/external-boundary route.
SP16-PROC-17-EXTERNAL-LOADS,17.1-17.18,procedure,standard_core.antenna_structures.antenna_structure_material_group_route_clause_17_1,tests/test_antenna_structures.py,V20-SP16-PROC-17-EXTERNAL-LOADS,implemented,Executable Section 17 procedure or explicit evidence/external-boundary route.
SP16-PROC-18.1.1-CONDITION-CATEGORY,18.1.1,procedure,standard_core.reconstruction_assessment.technical_condition_category_clause_18_1_1,tests/test_reconstruction_assessment.py,V21-SP16-PROC-18.1.1-CONDITION-CATEGORY,implemented,Executable Section 18 procedure or explicit evidence/external-boundary route.
SP16-PROC-18.1.2-MONITORING-AND-STRENGTHENING,18.1.2,procedure,standard_core.reconstruction_assessment.strengthening_and_monitoring_route_clause_18_1_2,tests/test_reconstruction_assessment.py,V21-SP16-PROC-18.1.2-MONITORING-AND-STRENGTHENING,implemented,Executable Section 18 procedure or explicit evidence/external-boundary route.
SP16-PROC-18.1.3-CALCULATION-EXEMPTION,18.1.3,procedure,standard_core.reconstruction_assessment.verification_calculation_exemption_clause_18_1_3,tests/test_reconstruction_assessment.py,V21-SP16-PROC-18.1.3-CALCULATION-EXEMPTION,implemented,Executable Section 18 procedure or explicit evidence/external-boundary route.
SP16-PROC-18.2.1-MATERIAL-EVIDENCE,18.2.1,procedure,standard_core.reconstruction_assessment.material_evidence_route_clause_18_2_1,tests/test_reconstruction_assessment.py,V21-SP16-PROC-18.2.1-MATERIAL-EVIDENCE,implemented,Executable Section 18 procedure or explicit evidence/external-boundary route.
SP16-PROC-18.2.2-TEST-PROGRAM,18.2.2,procedure,standard_core.reconstruction_assessment.metal_test_program_clause_18_2_2,tests/test_reconstruction_assessment.py,V21-SP16-PROC-18.2.2-TEST-PROGRAM,implemented,Executable Section 18 procedure or explicit evidence/external-boundary route.
SP16-PROC-18.2.3-PRE1950-INSTITUTE,18.2.3,procedure,standard_core.reconstruction_assessment.pre_1950_specialized_institute_route_clause_18_2_3,tests/test_reconstruction_assessment.py,V21-SP16-PROC-18.2.3-PRE1950-INSTITUTE,implemented,Executable Section 18 procedure or explicit evidence/external-boundary route.
SP16-PROC-18.2.4-EXISTING-STEEL-RESISTANCE,18.2.4,procedure,standard_core.reconstruction_assessment.existing_steel_design_resistances_clause_18_2_4,tests/test_reconstruction_assessment.py,V21-SP16-PROC-18.2.4-EXISTING-STEEL-RESISTANCE,implemented,Executable Section 18 procedure or explicit evidence/external-boundary route.
SP16-PROC-18.2.5-EXISTING-WELD-RESISTANCE,18.2.5,procedure,standard_core.reconstruction_assessment.existing_weld_resistance_defaults_clause_18_2_5,tests/test_reconstruction_assessment.py,V21-SP16-PROC-18.2.5-EXISTING-WELD-RESISTANCE,implemented,Executable Section 18 procedure or explicit evidence/external-boundary route.
SP16-PROC-18.2.6-UNKNOWN-BOLT-RESISTANCE,18.2.6,procedure,standard_core.reconstruction_assessment.unknown_bolt_resistance_defaults_clause_18_2_6,tests/test_reconstruction_assessment.py,V21-SP16-PROC-18.2.6-UNKNOWN-BOLT-RESISTANCE,implemented,Executable Section 18 procedure or explicit evidence/external-boundary route.
SP16-PROC-18.2.7-RIVETED-CONNECTION,18.2.7,procedure,standard_core.reconstruction_assessment.rivet_connection_capacity_clause_18_2_7,tests/test_reconstruction_assessment.py,V21-SP16-PROC-18.2.7-RIVETED-CONNECTION,implemented,Executable Section 18 procedure or explicit evidence/external-boundary route.
SP16-PROC-18.3.1-BRITTLE-STEEL-ROUTE,18.3.1,procedure,standard_core.reconstruction_assessment.existing_structure_strengthening_route_clauses_18_3_1_to_18_3_4,tests/test_reconstruction_assessment.py,V21-SP16-PROC-18.3.1-BRITTLE-STEEL-ROUTE,implemented,Executable Section 18 procedure or explicit evidence/external-boundary route.
SP16-PROC-18.3.2-ACTUAL-SCHEME-AND-DEFECTS,18.3.2,procedure,standard_core.reconstruction_assessment.existing_structure_strengthening_route_clauses_18_3_1_to_18_3_4,tests/test_reconstruction_assessment.py,V21-SP16-PROC-18.3.2-ACTUAL-SCHEME-AND-DEFECTS,implemented,Executable Section 18 procedure or explicit evidence/external-boundary route.
SP16-PROC-18.3.3-STRENGTHEN-OR-REPLACE,18.3.3,procedure,standard_core.reconstruction_assessment.existing_structure_strengthening_route_clauses_18_3_1_to_18_3_4,tests/test_reconstruction_assessment.py,V21-SP16-PROC-18.3.3-STRENGTHEN-OR-REPLACE,implemented,Executable Section 18 procedure or explicit evidence/external-boundary route.
SP16-PROC-18.3.4-NO-STRENGTHENING-EXCEPTIONS,18.3.4,procedure,standard_core.reconstruction_assessment.existing_structure_strengthening_route_clauses_18_3_1_to_18_3_4,tests/test_reconstruction_assessment.py,V21-SP16-PROC-18.3.4-NO-STRENGTHENING-EXCEPTIONS,implemented,Executable Section 18 procedure or explicit evidence/external-boundary route.
SP16-PROC-18.3.5-18.3.10-STRENGTHENING-EXECUTION,18.3.5-18.3.10,procedure,standard_core.reconstruction_assessment.strengthening_execution_checks_clauses_18_3_5_to_18_3_10,tests/test_reconstruction_assessment.py,V21-SP16-PROC-18.3.5-18.3.10-STRENGTHENING-EXECUTION,implemented,Executable Section 18 procedure or explicit evidence/external-boundary route.
SP16-PROC-18.3.9-WELD-HEATING-STRESS-LIMIT,18.3.9,procedure,standard_core.reconstruction_assessment.weld_heating_stress_limit_clause_18_3_9,tests/test_reconstruction_assessment.py,V21-SP16-PROC-18.3.9-WELD-HEATING-STRESS-LIMIT,implemented,Executable Section 18 procedure or explicit evidence/external-boundary route.
SP16-PROC-18.3.11-COMMON-RESISTANCE,18.3.11,procedure,standard_core.reconstruction_assessment.common_or_separate_design_resistance_clause_18_3_11,tests/test_reconstruction_assessment.py,V21-SP16-PROC-18.3.11-COMMON-RESISTANCE,implemented,Executable Section 18 procedure or explicit evidence/external-boundary route.
SP16-PROC-18.3.12-INITIAL-STRESS-AND-WELD-CURVATURE,18.3.12,procedure,standard_core.reconstruction_assessment.gamma_n_clause_18_3_13,tests/test_reconstruction_assessment.py,V21-SP16-PROC-18.3.12-INITIAL-STRESS-AND-WELD-CURVATURE,implemented,Executable Section 18 procedure or explicit evidence/external-boundary route.
SP16-PROC-18.3.13-GAMMA-N-GAMMA-M,18.3.13,procedure,standard_core.reconstruction_assessment.gamma_m_clause_18_3_13,tests/test_reconstruction_assessment.py,V21-SP16-PROC-18.3.13-GAMMA-N-GAMMA-M,implemented,Executable Section 18 procedure or explicit evidence/external-boundary route.
SP16-PROC-18.3.14-ALPHA-N-AND-WELD-DEFLECTION,18.3.14,procedure,standard_core.reconstruction_assessment.longitudinal_force_influence_alpha_n_clause_18_3_14,tests/test_reconstruction_assessment.py,V21-SP16-PROC-18.3.14-ALPHA-N-AND-WELD-DEFLECTION,implemented,Executable Section 18 procedure or explicit evidence/external-boundary route.
SP16-PROC-18.3.16-DEVIATION-ACCEPTANCE,18.3.16,procedure,standard_core.reconstruction_assessment.existing_deviation_acceptance_clause_18_3_16,tests/test_reconstruction_assessment.py,V21-SP16-PROC-18.3.16-DEVIATION-ACCEPTANCE,implemented,Executable Section 18 procedure or explicit evidence/external-boundary route.
SP16-PROC-18-EXTERNAL-SURVEY-BOUNDARIES,18.1-18.3,procedure,standard_core.reconstruction_assessment.material_evidence_route_clause_18_2_1,tests/test_reconstruction_assessment.py,V21-SP16-PROC-18-EXTERNAL-SURVEY-BOUNDARIES,implemented,Executable Section 18 procedure or explicit evidence/external-boundary route.
