audit_id,standard,clause,page,short_description,planned_module,planned_function,implementation_status,test_status,validation_status,comments
SP16-PROC-6.2,СП 16.13330.2017 «Стальные конструкции»,6.2,11,Cold-formed section design resistance equals the source-sheet design resistance.,standard_core/material_resistance.py,cold_formed_section_design_resistance_n_mm2,implemented,normal_boundary_unit_sign_tested,implementation_self_check_passed_no_standard_worked_example,Identity procedure visually verified on PDF page 11.
SP16-PROC-6.4-DISSIMILAR,СП 16.13330.2017 «Стальные конструкции»,6.4,12,"For butt-welded steels with different normative resistances, use the lower applicable resistance.",standard_core/material_resistance.py,dissimilar_steel_butt_weld_governing_resistance_n_mm2,implemented,normal_boundary_unit_sign_tested,implementation_self_check_passed_no_standard_worked_example,Post-table rule visually verified on PDF page 12.
SP16-PROC-6.4-GAMMA-WM,СП 16.13330.2017 «Стальные конструкции»,6.4,12,Weld-metal safety factor gamma_wm is 1.25 at Rwun <= 490 and 1.35 at Rwun >= 590 N/mm2.,standard_core/material_resistance.py,weld_metal_safety_factor,implemented,boundary_and_unspecified_interval_tested,implementation_self_check_passed_no_standard_worked_example,No interpolation is applied in the unspecified 490-590 N/mm2 interval.
SP16-PROC-6.9,СП 16.13330.2017 «Стальные конструкции»,6.9,13,Steel-rope design tensile force equals whole-rope breaking force divided by gamma_m = 1.6.,standard_core/material_resistance.py,steel_rope_design_tension_force_n,implemented,normal_boundary_unit_sign_tested,implementation_self_check_passed_no_standard_worked_example,Breaking force is an external product-standard/certificate input.
SP16-PROC-7.1.1-RESISTANCE-BASIS,СП 16.13330.2017 «Стальные конструкции»,7.1.1,14,Use R_y in equation (5) for the base branch and replace it by R_u/gamma_u only for the explicitly stated post-yield/high-strength cases.,standard_core/axial_members.py,axial_strength_utilization_yield; axial_strength_utilization_ultimate,implemented,explicit_branch_and_no_hidden_default_tests_passed,implementation_self_checks_passed_no_standard_worked_example,Branch selection is explicit; the package does not infer service-after-yield permission.
SP16-PROC-7.1.2-GAMMA-C1,СП 16.13330.2017 «Стальные конструкции»,7.1.2,14,Compute gamma_c1 = (alpha1 A_n1/A_n + alpha2) beta using Table 6 coefficients.,standard_core/axial_members.py,single_angle_working_condition_factor,implemented,normal_area_ratio_boundary_and_domain_tests_passed,implementation_self_check_passed_no_standard_worked_example,Unnumbered expression visually verified directly below equation (6).
SP16-PROC-7.1.2-SPECIAL-REDUCTION,СП 16.13330.2017 «Стальные конструкции»,7.1.2,15,Reduce gamma_c1 by 10% for the specifically listed tie/cross-arm/support elements.,standard_core/axial_members.py,single_angle_working_condition_factor,implemented,explicit_boolean_reduction_test_passed,implementation_self_check_passed_no_standard_worked_example,Applicability is a mandatory explicit boolean and is not inferred from labels.
SP16-PROC-7.1.3-RELATIVE-SLENDERNESS,СП 16.13330.2017 «Стальные конструкции»,7.1.3,15,Compute relative slenderness lambda_bar = lambda sqrt(R_y/E).,standard_core/axial_members.py,relative_slenderness,implemented,normal_zero_unit_consistency_and_domain_tests_passed,implementation_self_check_passed_no_standard_worked_example,Definition visually verified below equation (9).
SP16-PROC-7.1.3-PHI-RULES,СП 16.13330.2017 «Стальные конструкции»,7.1.3,15,"Apply phi=1 for types a/b when lambda_bar<0.6 and apply the 7.6/lambda_bar^2 cap at the Table D.1 boundary nodes 3.8, 4.4, and 5.8 and above.",standard_core/axial_members.py,central_compression_stability_coefficient,implemented,low_slenderness_boundary_node_and_cap_tests_passed,validated_against_Table_D1_printed_values,The clause text says “above”; Table D.1 uses capped values at boundary nodes. The implementation follows Table D.1 at equality and records the ambiguity.
SP16-PROC-7.2.1-STRENGTH,СП 16.13330.2017 «Стальные конструкции»,7.2.1,17,Apply equation (5) to the total net area of the built-up member.,standard_core/built_up_axial_members.py,built_up_axial_strength_utilization,implemented,normal_boundary_domain_and_explicit_route_tests_passed,implementation_self_check_passed_no_standard_worked_example,Visually verified against supplied PDF pages 17-21. Ambiguous or externally solved routes are surfaced explicitly.
SP16-PROC-7.2.2-METHOD-SELECTION,СП 16.13330.2017 «Стальные конструкции»,7.2.2,17,Use Table 8 for at least six panels; require frame analysis for fewer than six batten panels and clause 7.2.5 for fewer than six lattice panels.,standard_core/built_up_axial_members.py,built_up_stability_method,implemented,normal_boundary_domain_and_explicit_route_tests_passed,implementation_self_check_passed_no_standard_worked_example,Visually verified against supplied PDF pages 17-21. Ambiguous or externally solved routes are surfaced explicitly.
SP16-PROC-7.2.2-OVERALL-STABILITY,СП 16.13330.2017 «Стальные конструкции»,7.2.2,17,Evaluate overall built-up-member stability by equation (7) with type-b phi and effective slenderness.,standard_core/built_up_axial_members.py,lattice_built_up_stability_utilization,implemented,normal_boundary_domain_and_explicit_route_tests_passed,implementation_self_check_passed_no_standard_worked_example,Visually verified against supplied PDF pages 17-21. Ambiguous or externally solved routes are surfaced explicitly.
SP16-PROC-7.2.3-BATTEN-BRANCH-LIMIT,СП 16.13330.2017 «Стальные конструкции»,7.2.3,17,Limit branch relative slenderness between battens to 1.4.,standard_core/built_up_axial_members.py,batten_branch_slenderness_check,implemented,normal_boundary_domain_and_explicit_route_tests_passed,implementation_self_check_passed_no_standard_worked_example,Visually verified against supplied PDF pages 17-21. Ambiguous or externally solved routes are surfaced explicitly.
SP16-PROC-7.2.4-LATTICE-BRANCH-LIMIT,СП 16.13330.2017 «Стальные конструкции»,7.2.4,17,"Check the 2.7 basic limit, relation to member effective slenderness, and the conditional 4.1 extended limit.",standard_core/built_up_axial_members.py,lattice_branch_slenderness_assessment,implemented,normal_boundary_domain_and_explicit_route_tests_passed,implementation_self_check_passed_no_standard_worked_example,Visually verified against supplied PDF pages 17-21. Ambiguous or externally solved routes are surfaced explicitly.
SP16-PROC-7.2.5-BRANCH-PHI,СП 16.13330.2017 «Стальные конструкции»,7.2.5,17,"Set phi_1=1 to 2.7, use equation (8) at 0.7l_b from 3.2, and linearly interpolate in between.",standard_core/built_up_axial_members.py,lattice_branch_stability_coefficient,implemented,normal_boundary_domain_and_explicit_route_tests_passed,implementation_self_check_passed_no_standard_worked_example,Visually verified against supplied PDF pages 17-21. Ambiguous or externally solved routes are surfaced explicitly.
SP16-PROC-7.2.5-REDUCED-RESISTANCE,СП 16.13330.2017 «Стальные конструкции»,7.2.5,17,Replace R_y by phi_1 R_y in the lattice built-up-member stability check.,standard_core/built_up_axial_members.py,lattice_built_up_stability_utilization,implemented,normal_boundary_domain_and_explicit_route_tests_passed,implementation_self_check_passed_no_standard_worked_example,Visually verified against supplied PDF pages 17-21. Ambiguous or externally solved routes are surfaced explicitly.
SP16-PROC-7.2.6-CONNECTION-SPACING,СП 16.13330.2017 «Стальные конструкции»,7.2.6,20,Check 40i compression and 80i tension connector spacing plus at least two intermediate connections for compression.,standard_core/built_up_axial_members.py,close_contact_connection_spacing_check,implemented,normal_boundary_domain_and_explicit_route_tests_passed,implementation_self_check_passed_no_standard_worked_example,Visually verified against supplied PDF pages 17-21. Ambiguous or externally solved routes are surfaced explicitly.
SP16-PROC-7.2.7-SHEAR-DISTRIBUTION,СП 16.13330.2017 «Стальные конструкции»,7.2.7,20,"Distribute Q_fic among connector systems, a solid sheet, or three faces according to the printed rules.",standard_core/built_up_axial_members.py,distribute_fictitious_shear,implemented,normal_boundary_domain_and_explicit_route_tests_passed,implementation_self_check_passed_no_standard_worked_example,Visually verified against supplied PDF pages 17-21. Ambiguous or externally solved routes are surfaced explicitly.
SP16-PROC-7.2.10-RESTRAINT-FORCE,СП 16.13330.2017 «Стальные конструкции»,7.2.10,21,Use Q_fic as the design force for a brace that reduces compressed-member effective length.,standard_core/built_up_axial_members.py,reduced_length_brace_design_force_n,implemented,normal_boundary_domain_and_explicit_route_tests_passed,implementation_self_check_passed_no_standard_worked_example,Visually verified against supplied PDF pages 17-21. Ambiguous or externally solved routes are surfaced explicitly.
SP16-PROC-7.2.10-COLUMN-SPACER,СП 16.13330.2017 «Стальные конструкции»,7.2.10,21,"For a column-branch spacer, use equation (18) with N equal to the sum of two branch forces.",standard_core/built_up_axial_members.py,column_branch_spacer_fictitious_shear_n,implemented,normal_boundary_domain_and_explicit_route_tests_passed,implementation_self_check_passed_no_standard_worked_example,Visually verified against supplied PDF pages 17-21. Ambiguous or externally solved routes are surfaced explicitly.
SP16-PROC-7.3.1-WEB-GEOMETRY,СП 16.13330.2017 «Стальные конструкции»,7.3.1,22,Expose the four effective-web-height measurement references from Figure 5.,standard_core/local_stability.py,local_stability_geometry_rule_catalog,implemented,normal_boundary_unit_sign_and_domain_tests_passed,implementation_self_check_passed_no_standard_worked_example,Procedure and applicability rules visually verified against supplied PDF pages 22-26; geometry classification remains explicit.
SP16-PROC-7.3.2-WEB-SLENDERNESS,СП 16.13330.2017 «Стальные конструкции»,7.3.2,22,"Compute relative web slenderness from effective height, thickness, R_y, and E.",standard_core/local_stability.py,wall_relative_slenderness,implemented,normal_boundary_unit_sign_and_domain_tests_passed,implementation_self_check_passed_no_standard_worked_example,Procedure and applicability rules visually verified against supplied PDF pages 22-26; geometry classification remains explicit.
SP16-PROC-7.3.2-TABLE-9-ROUTING,СП 16.13330.2017 «Стальные конструкции»,7.3.2,22-23,Select the explicit Table 9 diagram group and piecewise formula without geometry inference.,standard_core/local_stability.py,wall_slenderness_limit,implemented,normal_boundary_unit_sign_and_domain_tests_passed,implementation_self_check_passed_no_standard_worked_example,Procedure and applicability rules visually verified against supplied PDF pages 22-26; geometry classification remains explicit.
SP16-PROC-7.3.3-TRANSVERSE-STIFFENERS,СП 16.13330.2017 «Стальные конструкции»,7.3.3,23-24,"Evaluate transverse-stiffener trigger, spacing, width, thickness, and location rules.",standard_core/local_stability.py,transverse_stiffener_requirements,implemented,normal_boundary_unit_sign_and_domain_tests_passed,implementation_self_check_passed_no_standard_worked_example,Procedure and applicability rules visually verified against supplied PDF pages 22-26; geometry classification remains explicit.
SP16-PROC-7.3.4-LONGITUDINAL-STIFFENER,СП 16.13330.2017 «Стальные конструкции»,7.3.4,24,Apply equation (30) only within its inertia-ratio domain and retain geometry caveats.,standard_core/local_stability.py,longitudinal_stiffener_wall_limit_multiplier_eq30,implemented,normal_boundary_unit_sign_and_domain_tests_passed,implementation_self_check_passed_no_standard_worked_example,Procedure and applicability rules visually verified against supplied PDF pages 22-26; geometry classification remains explicit.
SP16-PROC-7.3.5-REDUCED-AREA-TRIGGER,СП 16.13330.2017 «Стальные конструкции»,7.3.5,24,Determine whether reduced area is required and whether the central-compression two-times-limit domain is satisfied.,standard_core/local_stability.py,reduced_area_required,implemented,normal_boundary_unit_sign_and_domain_tests_passed,implementation_self_check_passed_no_standard_worked_example,Procedure and applicability rules visually verified against supplied PDF pages 22-26; geometry classification remains explicit.
SP16-PROC-7.3.6-REDUCED-DIMENSIONS,СП 16.13330.2017 «Стальные конструкции»,7.3.6,24-25,Compute reduced web/flange dimensions and reduced areas with explicit section-family routing.,standard_core/local_stability.py,reduced_web_height_i_section_eq34; reduced_plate_dimension_box_eq35; reduced_web_height_channel_eq36,implemented,normal_boundary_unit_sign_and_domain_tests_passed,implementation_self_check_passed_no_standard_worked_example,Procedure and applicability rules visually verified against supplied PDF pages 22-26; geometry classification remains explicit.
SP16-PROC-7.3.7-FLANGE-GEOMETRY,СП 16.13330.2017 «Стальные конструкции»,7.3.7,25,Expose the four effective-flange-outstand measurement references from Figure 5.,standard_core/local_stability.py,local_stability_geometry_rule_catalog,implemented,normal_boundary_unit_sign_and_domain_tests_passed,implementation_self_check_passed_no_standard_worked_example,Procedure and applicability rules visually verified against supplied PDF pages 22-26; geometry classification remains explicit.
SP16-PROC-7.3.8-FLANGE-SLENDERNESS,СП 16.13330.2017 «Стальные конструкции»,7.3.8,25,Compute relative flange outstand or flange-plate slenderness.,standard_core/local_stability.py,flange_relative_slenderness,implemented,normal_boundary_unit_sign_and_domain_tests_passed,implementation_self_check_passed_no_standard_worked_example,Procedure and applicability rules visually verified against supplied PDF pages 22-26; geometry classification remains explicit.
SP16-PROC-7.3.8-TABLE-10-ROUTING,СП 16.13330.2017 «Стальные конструкции»,7.3.8,25-26,"Apply Table 10 diagram-group formulas, 0.8/4 boundary substitution, and stated edge multipliers.",standard_core/local_stability.py,flange_slenderness_limit,implemented,normal_boundary_unit_sign_and_domain_tests_passed,implementation_self_check_passed_no_standard_worked_example,Procedure and applicability rules visually verified against supplied PDF pages 22-26; geometry classification remains explicit.
SP16-PROC-7.3.9-BOX-FLANGE,СП 16.13330.2017 «Стальные конструкции»,7.3.9,26,Use the flange-plate slenderness definition and explicit Table 10 classification for box flanges.,standard_core/local_stability.py,flange_relative_slenderness; flange_slenderness_limit,implemented,normal_boundary_unit_sign_and_domain_tests_passed,implementation_self_check_passed_no_standard_worked_example,Procedure and applicability rules visually verified against supplied PDF pages 22-26; geometry classification remains explicit.
SP16-PROC-7.3.10-EDGE-STIFFENER,СП 16.13330.2017 «Стальные конструкции»,7.3.10,26,Calculate minimum edge-return height and edge-stiffener thickness.,standard_core/local_stability.py,edge_stiffener_requirements,implemented,normal_boundary_unit_sign_and_domain_tests_passed,implementation_self_check_passed_no_standard_worked_example,Procedure and applicability rules visually verified against supplied PDF pages 22-26; geometry classification remains explicit.
SP16-PROC-7.3.11-TWO-PLANE-INCREASE,СП 16.13330.2017 «Стальные конструкции»,7.3.11,26,Calculate and apply the sqrt(phi*A*R_y/N) increase factor capped at 1.25.,standard_core/local_stability.py,two_plane_slenderness_increase_factor; apply_two_plane_slenderness_increase,implemented,normal_boundary_unit_sign_and_domain_tests_passed,implementation_self_check_passed_no_standard_worked_example,Procedure and applicability rules visually verified against supplied PDF pages 22-26; geometry classification remains explicit.
SP16-PROC-8.1-CLASS-ROUTING,СП 16.13330.2017 «Стальные конструкции»,8.1,27,"Route class 1 beams to elastic analysis and classes 2/3 to static-load plastic routes, including crane and bimetal constraints.",standard_core/bending_members.py,bending_member_class_requirements,implemented,normal_boundary_unit_sign_and_domain_tests_passed,implementation_self_check_passed_no_standard_worked_example,Procedure visually verified against supplied PDF pages 27-32 and Annex E pages 161-163; all engineering applicability decisions are explicit inputs.
SP16-PROC-8.2.1-ELASTIC-STRESS-POINT,СП 16.13330.2017 «Стальные конструкции»,8.2.1,27,"Evaluate signed elastic normal stress at a selected section point under Mx, My, and bimoment.",standard_core/bending_members.py,elastic_combined_normal_utilization_eq43,implemented,normal_boundary_unit_sign_and_domain_tests_passed,implementation_self_check_passed_no_standard_worked_example,Procedure visually verified against supplied PDF pages 27-32 and Annex E pages 161-163; all engineering applicability decisions are explicit inputs.
SP16-PROC-8.2.1-BOLT-HOLE-ADJUSTMENT,СП 16.13330.2017 «Стальные конструкции»,8.2.1,27-28,Apply the equation (45) bolt-hole factor to web shear demand.,standard_core/bending_members.py,apply_bolt_hole_factor,implemented,normal_boundary_unit_sign_and_domain_tests_passed,implementation_self_check_passed_no_standard_worked_example,Procedure visually verified against supplied PDF pages 27-32 and Annex E pages 161-163; all engineering applicability decisions are explicit inputs.
SP16-PROC-8.2.2-LOCAL-LOAD-LENGTH,СП 16.13330.2017 «Стальные конструкции»,8.2.2,28-29,Select equation (48) or (49) from the verified Figure 6 load-transfer case.,standard_core/bending_members.py,effective_load_length_by_case,implemented,normal_boundary_unit_sign_and_domain_tests_passed,implementation_self_check_passed_no_standard_worked_example,Procedure visually verified against supplied PDF pages 27-32 and Annex E pages 161-163; all engineering applicability decisions are explicit inputs.
SP16-PROC-8.2.3-PLASTIC-APPLICABILITY,СП 16.13330.2017 «Стальные конструкции»,8.2.3,29-30,"Check class, section family, steel strength, shear level, support section, and linked-clause confirmations before plastic analysis.",standard_core/bending_members.py,plastic_bending_applicability,implemented,normal_boundary_unit_sign_and_domain_tests_passed,implementation_self_check_passed_no_standard_worked_example,Procedure visually verified against supplied PDF pages 27-32 and Annex E pages 161-163; all engineering applicability decisions are explicit inputs.
SP16-PROC-8.2.3-ANNEX-E1-INTERPOLATION,СП 16.13330.2017 «Стальные конструкции»,8.2.3; Annex E,161-163,Linearly interpolate c_x and c_y within the printed A_f/A_w nodes and apply the n footnote.,standard_core/bending_members.py,annex_e1_base_coefficients,implemented,normal_boundary_unit_sign_and_domain_tests_passed,implementation_self_check_passed_no_standard_worked_example,Procedure visually verified against supplied PDF pages 27-32 and Annex E pages 161-163; all engineering applicability decisions are explicit inputs.
SP16-PROC-8.2.3-ANNEX-E1-CAP,СП 16.13330.2017 «Стальные конструкции»,8.2.3; Annex E,163,Limit c_x and c_y to 1.15 times the equivalent-load safety factor.,standard_core/bending_members.py,apply_annex_e1_load_factor_cap,implemented,normal_boundary_unit_sign_and_domain_tests_passed,implementation_self_check_passed_no_standard_worked_example,Procedure visually verified against supplied PDF pages 27-32 and Annex E pages 161-163; all engineering applicability decisions are explicit inputs.
SP16-PROC-8.2.3-TABLE-10A-INTERPOLATION,СП 16.13330.2017 «Стальные конструкции»,8.2.3,30,Linearly interpolate c_omega between adjacent Table 10a nodes without extrapolation.,standard_core/bending_members.py,constrained_torsion_coefficient_table_10a,implemented,normal_boundary_unit_sign_and_domain_tests_passed,implementation_self_check_passed_no_standard_worked_example,Procedure visually verified against supplied PDF pages 27-32 and Annex E pages 161-163; all engineering applicability decisions are explicit inputs.
SP16-PROC-8.2.3-PURE-BENDING-COEFFICIENTS,СП 16.13330.2017 «Стальные конструкции»,8.2.3,30,Calculate the modified c_xm and c_ym coefficients for a pure-bending zone.,standard_core/bending_members.py,pure_bending_modified_coefficients,implemented,normal_boundary_unit_sign_and_domain_tests_passed,implementation_self_check_passed_no_standard_worked_example,Procedure visually verified against supplied PDF pages 27-32 and Annex E pages 161-163; all engineering applicability decisions are explicit inputs.
SP16-PROC-8.2.4-VARIABLE-SECTION-ROUTING,СП 16.13330.2017 «Стальные конструкции»,8.2.4,30,Restrict full plastic analysis of a variable-section beam to one governing M-Q section and route other sections appropriately.,standard_core/bending_members.py,variable_section_plastic_routing,implemented,normal_boundary_unit_sign_and_domain_tests_passed,implementation_self_check_passed_no_standard_worked_example,Procedure visually verified against supplied PDF pages 27-32 and Annex E pages 161-163; all engineering applicability decisions are explicit inputs.
SP16-PROC-8.2.5-CONTINUOUS-BEAM-APPLICABILITY,СП 16.13330.2017 «Стальные конструкции»,8.2.5,30-31,"Check constant section, double symmetry, linked clauses, and the 20 percent adjacent-span condition.",standard_core/bending_members.py,continuous_beam_partial_redistribution_applicability,implemented,normal_boundary_unit_sign_and_domain_tests_passed,implementation_self_check_passed_no_standard_worked_example,Procedure visually verified against supplied PDF pages 27-32 and Annex E pages 161-163; all engineering applicability decisions are explicit inputs.
SP16-PROC-8.2.5-EFFECTIVE-MOMENT-ROUTING,СП 16.13330.2017 «Стальные конструкции»,8.2.5,31,"Select the effective-moment rule for end, intermediate, fixed, or mixed-end spans.",standard_core/bending_members.py,effective_moment_by_end_condition,implemented,normal_boundary_unit_sign_and_domain_tests_passed,implementation_self_check_passed_no_standard_worked_example,Procedure visually verified against supplied PDF pages 27-32 and Annex E pages 161-163; all engineering applicability decisions are explicit inputs.
SP16-PROC-8.2.6-BIAXIAL-REDISTRIBUTION,СП 16.13330.2017 «Стальные конструкции»,8.2.6,31,Require completed redistribution in both principal planes before the biaxial route is accepted.,standard_core/bending_members.py,biaxial_redistribution_route,implemented,normal_boundary_unit_sign_and_domain_tests_passed,implementation_self_check_passed_no_standard_worked_example,Procedure visually verified against supplied PDF pages 27-32 and Annex E pages 161-163; all engineering applicability decisions are explicit inputs.
SP16-PROC-8.2.7-CLASS-3-ROUTING,СП 16.13330.2017 «Стальные конструкции»,8.2.7,31,Gate the class-3 plastic-hinge route on every linked clause and the shear-effect confirmation.,standard_core/bending_members.py,class_3_plastic_hinge_route,implemented,normal_boundary_unit_sign_and_domain_tests_passed,implementation_self_check_passed_no_standard_worked_example,Procedure visually verified against supplied PDF pages 27-32 and Annex E pages 161-163; all engineering applicability decisions are explicit inputs.
SP16-PROC-8.2.8-BIMETAL-APPLICABILITY,СП 16.13330.2017 «Стальные конструкции»,8.2.8,31-32,"Check bimetal symmetry, linked clauses, support-section status, and web/flange shear limits.",standard_core/bending_members.py,bimetal_bending_applicability,implemented,normal_boundary_unit_sign_and_domain_tests_passed,implementation_self_check_passed_no_standard_worked_example,Procedure visually verified against supplied PDF pages 27-32 and Annex E pages 161-163; all engineering applicability decisions are explicit inputs.
SP16-PROC-8.2.8-BIMETAL-MINOR-COEFFICIENT,СП 16.13330.2017 «Стальные конструкции»,8.2.8,32,Select c_yr as 1.15 for I-sections or 1.05/r for box sections.,standard_core/bending_members.py,bimetal_minor_axis_coefficient,implemented,normal_boundary_unit_sign_and_domain_tests_passed,implementation_self_check_passed_no_standard_worked_example,Procedure visually verified against supplied PDF pages 27-32 and Annex E pages 161-163; all engineering applicability decisions are explicit inputs.
SP16-PROC-8.3.1-CRANE-ROUTING,СП 16.13330.2017 «Стальные конструкции»,8.3.1,32,Route crane-runway beam strength checks to clause 8.2.1.,standard_core/crane_runway_and_bending_stability.py,crane-runway runner route,implemented,normal_boundary_unit_sign_tested,implementation_self_check_passed_no_standard_worked_example,Implemented and traced in v0.7; diagram/category choices remain explicit engineering inputs where applicable.
SP16-PROC-8.3.2-SUPPORT-BETA,СП 16.13330.2017 «Стальные конструкции»,8.3.2,32,Select beta=0.87 or 0.77 for clause 8.3.2/8.3.3 support conditions.,standard_core/crane_runway_and_bending_stability.py,crane beta selection,implemented,normal_boundary_unit_sign_tested,implementation_self_check_passed_no_standard_worked_example,Implemented and traced in v0.7; diagram/category choices remain explicit engineering inputs where applicable.
SP16-PROC-8.3.3-STRESS-BUNDLE,СП 16.13330.2017 «Стальные конструкции»,8.3.3,32-33,Execute the complete equations (63)-(68) crane web stress bundle.,standard_core/crane_runway_and_bending_stability.py,crane_runway_stress_components_eq67,implemented,normal_boundary_unit_sign_tested,implementation_self_check_passed_no_standard_worked_example,Implemented and traced in v0.7; diagram/category choices remain explicit engineering inputs where applicable.
SP16-PROC-8.3.4-MONORAIL-LOCAL-STRESS,СП 16.13330.2017 «Стальные конструкции»,8.3.4,33,Expose the requirement for longitudinal and transverse local wheel-pressure stresses in monorails.,standard_core/crane_runway_and_bending_stability.py,docs/limitations.md,no_code_explanatory,not_applicable_documented_requirement,not_reproducible_from_standard_alone,Clause 8.3.4 requires longitudinal and transverse local wheel-pressure stresses but supplies no calculation method; no formula is invented.
SP16-PROC-8.3.5-BIMETAL-CRANE-ROUTING,СП 16.13330.2017 «Стальные конструкции»,8.3.5,33,Route bimetal crane-runway beams to clause 8.3.2 or equation (60) with specified substitutions.,standard_core/crane_runway_and_bending_stability.py,documented runner route,implemented,normal_boundary_unit_sign_tested,implementation_self_check_passed_no_standard_worked_example,Implemented and traced in v0.7; diagram/category choices remain explicit engineering inputs where applicable.
SP16-PROC-8.4.2-EFFECTIVE-LENGTH,СП 16.13330.2017 «Стальные конструкции»,8.4.2,34,Determine unbraced effective length from restraint point spacing.,standard_core/crane_runway_and_bending_stability.py,effective_length_by_restraint,implemented,normal_boundary_unit_sign_tested,implementation_self_check_passed_no_standard_worked_example,Implemented and traced in v0.7; diagram/category choices remain explicit engineering inputs where applicable.
SP16-PROC-8.4.4-STABILITY-EXEMPTION,СП 16.13330.2017 «Стальные конструкции»,8.4.4,34-35,Determine whether lateral stability verification may be omitted.,standard_core/crane_runway_and_bending_stability.py,lateral_stability_check_exemption,implemented,normal_boundary_unit_sign_tested,implementation_self_check_passed_no_standard_worked_example,Implemented and traced in v0.7; diagram/category choices remain explicit engineering inputs where applicable.
SP16-PROC-8.4.4-TABLE-11-ROUTING,СП 16.13330.2017 «Стальные конструкции»,8.4.4,35,Route Table 11 equations and notes.,standard_core/crane_runway_and_bending_stability.py,table_11_limit,implemented,normal_boundary_unit_sign_tested,implementation_self_check_passed_no_standard_worked_example,Implemented and traced in v0.7; diagram/category choices remain explicit engineering inputs where applicable.
SP16-PROC-8.4.5-DISCRETE-BRACING-FORCE,СП 16.13330.2017 «Стальные конструкции»,8.4.5,35,"Calculate discrete restraint force through equations (74), (18), and Table 7 type b.",standard_core/crane_runway_and_bending_stability.py,discrete_bracing_fictitious_force,implemented,normal_boundary_unit_sign_tested,implementation_self_check_passed_no_standard_worked_example,Implemented and traced in v0.7; diagram/category choices remain explicit engineering inputs where applicable.
SP16-PROC-8.4.6-CLASS-2-3-LIMIT,СП 16.13330.2017 «Стальные конструкции»,8.4.6,36,Apply the reduced Table 11 limit in plastic-deformation regions.,standard_core/crane_runway_and_bending_stability.py,class_2_3_stability_reduction_eq76,implemented,normal_boundary_unit_sign_tested,implementation_self_check_passed_no_standard_worked_example,Implemented and traced in v0.7; diagram/category choices remain explicit engineering inputs where applicable.
SP16-PROC-ANNEX-ZH-TABLE-1,СП 16.13330.2017 «Стальные конструкции»,Ж.3,165-166,Calculate psi from Table Ж.1.,standard_core/crane_runway_and_bending_stability.py,annex_zh_table_1_psi,implemented,normal_boundary_unit_sign_tested,implementation_self_check_passed_no_standard_worked_example,Implemented and traced in v0.7; diagram/category choices remain explicit engineering inputs where applicable.
SP16-PROC-ANNEX-ZH-TABLE-2,СП 16.13330.2017 «Стальные конструкции»,Ж.3,167,Calculate psi from Table Ж.2.,standard_core/crane_runway_and_bending_stability.py,annex_zh_table_2_psi,implemented,normal_boundary_unit_sign_tested,implementation_self_check_passed_no_standard_worked_example,Implemented and traced in v0.7; diagram/category choices remain explicit engineering inputs where applicable.
SP16-PROC-ANNEX-ZH-TABLE-3,СП 16.13330.2017 «Стальные конструкции»,Ж.4,167,Calculate phi_b from Table Ж.3.,standard_core/crane_runway_and_bending_stability.py,annex_zh_table_3_phi_b,implemented,normal_boundary_unit_sign_tested,implementation_self_check_passed_no_standard_worked_example,Implemented and traced in v0.7; diagram/category choices remain explicit engineering inputs where applicable.
SP16-PROC-ANNEX-ZH-TABLE-4,СП 16.13330.2017 «Стальные конструкции»,Ж.5,168,Select signed coefficient B from Table Ж.4.,standard_core/crane_runway_and_bending_stability.py,annex_zh_table_4_b,implemented,normal_boundary_unit_sign_tested,implementation_self_check_passed_no_standard_worked_example,Implemented and traced in v0.7; diagram/category choices remain explicit engineering inputs where applicable.
SP16-PROC-ANNEX-ZH-TABLE-5,СП 16.13330.2017 «Стальные конструкции»,Ж.5,169,Calculate C and D from Table Ж.5.,standard_core/crane_runway_and_bending_stability.py,annex_zh_table_5_c_d,implemented,normal_boundary_unit_sign_tested,implementation_self_check_passed_no_standard_worked_example,Implemented and traced in v0.7; diagram/category choices remain explicit engineering inputs where applicable.
SP16-PROC-ANNEX-ZH-SYMMETRIC-I,СП 16.13330.2017 «Стальные конструкции»,Ж.1-Ж.3,164-167,Complete doubly symmetric I-section phi_b route.,standard_core/crane_runway_and_bending_stability.py,annex_zh_symmetric_i_phi_b,implemented,normal_boundary_unit_sign_tested,implementation_self_check_passed_no_standard_worked_example,Implemented and traced in v0.7; diagram/category choices remain explicit engineering inputs where applicable.
SP16-PROC-ANNEX-ZH-MONOSYMMETRIC-I,СП 16.13330.2017 «Стальные конструкции»,Ж.4-Ж.6,165-169,Monosymmetric I-section route and less-developed compressed-flange modifier.,standard_core/crane_runway_and_bending_stability.py,apply_less_developed_compressed_flange_modifier,implemented,normal_boundary_unit_sign_tested,implementation_self_check_passed_no_standard_worked_example,Implemented and traced in v0.7; diagram/category choices remain explicit engineering inputs where applicable.
SP16-PROC-ANNEX-ZH-CHANNEL,СП 16.13330.2017 «Стальные конструкции»,Ж.7,169,Channel-section coefficient phi_b=0.7phi_1.,standard_core/crane_runway_and_bending_stability.py,annex_zh_channel_phi_b,implemented,normal_boundary_unit_sign_tested,implementation_self_check_passed_no_standard_worked_example,Implemented and traced in v0.7; diagram/category choices remain explicit engineering inputs where applicable.
SP16-PROC-TABLE-12-LOOKUP,СП 16.13330.2017 «Стальные конструкции»,8.5.4,38,Exact-node lookup for Table 12 coefficient Ccr.,standard_core/crane_runway_and_bending_stability.py,table_12_c_cr_coefficient,implemented,normal_boundary_unit_sign_tested,implementation_self_check_passed_no_standard_worked_example,Implemented and traced in v0.7; diagram/category choices remain explicit engineering inputs where applicable.
SP16-PROC-TABLE-13-LOOKUP,СП 16.13330.2017 «Стальные конструкции»,8.5.4,38,Lookup for Table 13 coefficient beta.,standard_core/crane_runway_and_bending_stability.py,table_13_beta,implemented,normal_boundary_unit_sign_tested,implementation_self_check_passed_no_standard_worked_example,Implemented and traced in v0.7; diagram/category choices remain explicit engineering inputs where applicable.
SP16-PROC-ANNEX-ZH-INTERPOLATION,СП 16.13330.2017 «Стальные конструкции»,Ж.6,169,Linearly interpolate psi_a between n=0.9 I-section and n=1.0 T-section endpoint values.,standard_core/crane_runway_and_bending_stability.py,annex_zh_interpolate_psi_a_for_n,implemented,normal_boundary_unit_sign_tested,implementation_self_check_passed_no_standard_worked_example,Implemented exactly over 0.9<=n<=1.0; endpoint values remain explicit audited inputs.
SP16-PROC-ANNEX-ZH-T-SECTION-MODIFIER,СП 16.13330.2017 «Стальные конструкции»,Ж.6,169,Apply the low-alpha T-section multiplier for point or uniformly distributed loading.,standard_core/crane_runway_and_bending_stability.py,apply_t_section_low_alpha_modifier,implemented,normal_boundary_unit_sign_tested,implementation_self_check_passed_no_standard_worked_example,Strict alpha<40 condition and listed load cases are enforced.
SP16-PROC-8.4.3-CRANE-STABILITY-ROUTING,СП 16.13330.2017 «Стальные конструкции»,8.4.3,34,Apply equation (70) using the horizontal moment and minor-axis section modulus of the upper flange.,standard_core/crane_runway_and_bending_stability.py,crane_runway_lateral_torsional_stability_utilization,implemented,normal_boundary_unit_sign_tested,implementation_self_check_passed_no_standard_worked_example,Upper-flange substitutions are explicit in the wrapper API.
SP16-PROC-8.5.1-PRELIMINARY-WEB-ROUTING,СП 16.13330.2017 «Стальные конструкции»,8.5.1,36-37,Preliminary class-1 web slenderness threshold routing,standard_core/bending_member_local_stability.py,preliminary_web_check_exemption_8_5_1,implemented,tests/test_bending_member_local_stability.py,implementation_self_check,"Implemented and traced in v0.8; geometry, stress extraction, and diagram classification remain explicit engineering inputs where applicable."
SP16-PROC-8.5.5-DOUBLE-CHECK-ROUTING,СП 16.13330.2017 «Стальные конструкции»,8.5.5,39-40,Routing for one or two equation (80) checks according to panel aspect ratio and local stress,standard_core/bending_member_local_stability.py,panel_check_routing_8_5_5,implemented,tests/test_bending_member_local_stability.py,implementation_self_check,"Implemented and traced in v0.8; geometry, stress extraction, and diagram classification remain explicit engineering inputs where applicable."
SP16-PROC-8.5.6-ASYMMETRIC-COMPRESSED-FLANGE-ROUTING,СП 16.13330.2017 «Стальные конструкции»,8.5.6,40,Use twice the compressed-zone height for specified asymmetric-section checks,standard_core/bending_member_local_stability.py,asymmetric_compressed_flange_substitution_8_5_6,implemented,tests/test_bending_member_local_stability.py,implementation_self_check,"Implemented and traced in v0.8; geometry, stress extraction, and diagram classification remain explicit engineering inputs where applicable."
SP16-PROC-8.5.9-TRANSVERSE-STIFFENER-ROUTING,СП 16.13330.2017 «Стальные конструкции»,8.5.9,42,Transverse stiffener requirement and maximum spacing,standard_core/bending_member_local_stability.py,transverse_stiffener_requirements_8_5_9,implemented,tests/test_bending_member_local_stability.py,implementation_self_check,"Implemented and traced in v0.8; geometry, stress extraction, and diagram classification remain explicit engineering inputs where applicable."
SP16-PROC-8.5.9-TRANSVERSE-STIFFENER-DIMENSIONS,СП 16.13330.2017 «Стальные конструкции»,8.5.9,42,Minimum transverse stiffener projection and thickness,standard_core/bending_member_local_stability.py,transverse_stiffener_dimensions_8_5_9,implemented,tests/test_bending_member_local_stability.py,implementation_self_check,"Implemented and traced in v0.8; geometry, stress extraction, and diagram classification remain explicit engineering inputs where applicable."
SP16-PROC-8.5.10-LOAD-STIFFENER-SECTION,СП 16.13330.2017 «Стальные конструкции»,8.5.10,42,Effective section and stability model for concentrated-load stiffener,standard_core/bending_member_local_stability.py,concentrated_load_stiffener_effective_section_8_5_10,implemented,tests/test_bending_member_local_stability.py,implementation_self_check,"Implemented and traced in v0.8; geometry, stress extraction, and diagram classification remain explicit engineering inputs where applicable."
SP16-PROC-8.5.11-LONGITUDINAL-STIFFENER-ROUTING,СП 16.13330.2017 «Стальные конструкции»,8.5.11,42,Longitudinal stiffener requirement,standard_core/bending_member_local_stability.py,longitudinal_stiffener_required_8_5_11,implemented,tests/test_bending_member_local_stability.py,implementation_self_check,"Implemented and traced in v0.8; geometry, stress extraction, and diagram classification remain explicit engineering inputs where applicable."
SP16-PROC-8.5.12-SPLIT-WEB-PLATES,СП 16.13330.2017 «Стальные конструкции»,8.5.12,43-44,Separate checks for plates above and below longitudinal stiffener,standard_core/bending_member_local_stability.py,upper_plate_utilization_eq89,implemented,tests/test_bending_member_local_stability.py,implementation_self_check,"Implemented and traced in v0.8; geometry, stress extraction, and diagram classification remain explicit engineering inputs where applicable."
SP16-PROC-8.5.13-INTERMEDIATE-STIFFENERS,СП 16.13330.2017 «Стальные конструкции»,8.5.13,44,Replace panel length by intermediate-stiffener spacing for plate 1,standard_core/bending_member_local_stability.py,intermediate_stiffener_panel_length_8_5_13,implemented,tests/test_bending_member_local_stability.py,implementation_self_check,"Implemented and traced in v0.8; geometry, stress extraction, and diagram classification remain explicit engineering inputs where applicable."
SP16-PROC-8.5.14-ASYMMETRIC-SPLIT-WEB,СП 16.13330.2017 «Стальные конструкции»,8.5.14,45,Asymmetric split-web substitutions,standard_core/bending_member_local_stability.py,lower_plate_utilization_eq94,implemented,tests/test_bending_member_local_stability.py,implementation_self_check,"Implemented and traced in v0.8; geometry, stress extraction, and diagram classification remain explicit engineering inputs where applicable."
SP16-PROC-8.5.15-STIFFENER-INERTIA,СП 16.13330.2017 «Стальные конструкции»,8.5.15,45,Required transverse and longitudinal stiffener inertias,standard_core/bending_member_local_stability.py,table_19_stiffener_inertias,implemented,tests/test_bending_member_local_stability.py,implementation_self_check,"Implemented and traced in v0.8; geometry, stress extraction, and diagram classification remain explicit engineering inputs where applicable."
SP16-PROC-8.5.16-FLEXIBLE-WEB-ROUTING,СП 16.13330.2017 «Стальные конструкции»,8.5.16,45,Route to external class-2 flexible-web design rules,standard_core/bending_member_local_stability.py,flexible_web_route_8_5_16,implemented,tests/test_bending_member_local_stability.py,implementation_self_check,"Implemented and traced in v0.8; geometry, stress extraction, and diagram classification remain explicit engineering inputs where applicable."
SP16-PROC-8.5.17-SUPPORT-STIFFENER,СП 16.13330.2017 «Стальные конструкции»,8.5.17,45-46,Support stiffener effective section and geometry,standard_core/bending_member_local_stability.py,support_stiffener_effective_section_8_5_17,implemented,tests/test_bending_member_local_stability.py,implementation_self_check,"Implemented and traced in v0.8; geometry, stress extraction, and diagram classification remain explicit engineering inputs where applicable."
SP16-PROC-8.5.20-EDGE-STIFFENING-MODIFIER,СП 16.13330.2017 «Стальные конструкции»,8.5.20,47,Eligibility and 1.5 multiplier for edge-stiffened flange outstand,standard_core/bending_member_local_stability.py,edge_stiffened_flange_limit_8_5_20,implemented,tests/test_bending_member_local_stability.py,implementation_self_check,"Implemented and traced in v0.8; geometry, stress extraction, and diagram classification remain explicit engineering inputs where applicable."
SP16-PROC-TABLE-14-LOOKUP,СП 16.13330.2017 «Стальные конструкции»,8.5.5,39,Exact-node lookup for Table 14 c1,standard_core/bending_member_local_stability.py,table_14_c1,implemented,tests/test_bending_member_local_stability.py,implementation_self_check,"Implemented and traced in v0.8; geometry, stress extraction, and diagram classification remain explicit engineering inputs where applicable."
SP16-PROC-TABLE-15-LOOKUP,СП 16.13330.2017 «Стальные конструкции»,8.5.5,39,Exact-node lookup for Table 15 c2,standard_core/bending_member_local_stability.py,table_15_c2,implemented,tests/test_bending_member_local_stability.py,implementation_self_check,"Implemented and traced in v0.8; geometry, stress extraction, and diagram classification remain explicit engineering inputs where applicable."
SP16-PROC-TABLE-16-LOOKUP,СП 16.13330.2017 «Стальные конструкции»,8.5.5,40,Table 16 c_cr routing,standard_core/bending_member_local_stability.py,table_16_c_cr,implemented,tests/test_bending_member_local_stability.py,implementation_self_check,"Implemented and traced in v0.8; geometry, stress extraction, and diagram classification remain explicit engineering inputs where applicable."
SP16-PROC-TABLE-17-LOOKUP,СП 16.13330.2017 «Стальные конструкции»,8.5.7,41,Exact-node lookup for Table 17 c_cr,standard_core/bending_member_local_stability.py,table_17_c_cr,implemented,tests/test_bending_member_local_stability.py,implementation_self_check,"Implemented and traced in v0.8; geometry, stress extraction, and diagram classification remain explicit engineering inputs where applicable."
SP16-PROC-TABLE-18-LOOKUP,СП 16.13330.2017 «Стальные конструкции»,8.5.8,41,Exact-node lookup for Table 18 alpha,standard_core/bending_member_local_stability.py,table_18_alpha,implemented,tests/test_bending_member_local_stability.py,implementation_self_check,"Implemented and traced in v0.8; geometry, stress extraction, and diagram classification remain explicit engineering inputs where applicable."
SP16-PROC-TABLE-19-INTERPOLATION,СП 16.13330.2017 «Стальные конструкции»,8.5.15,45,Table 19 formulas and stated interpolation,standard_core/bending_member_local_stability.py,table_19_stiffener_inertias,implemented,tests/test_bending_member_local_stability.py,implementation_self_check,"Implemented and traced in v0.8; geometry, stress extraction, and diagram classification remain explicit engineering inputs where applicable."
SP16-PROC-8.6.1-FOUNDATION-AREA-BOUNDARY,СП 16.13330.2017 «Стальные конструкции»,8.6.1,47,Base-plate area foundation-strength boundary,standard_core/base_plates_and_combined_force_strength.py,base_plate_foundation_area_boundary,implemented,passed: tests/test_base_plates_and_combined_force_strength.py,implementation_self_check_passed,External foundation resistance remains an explicit confirmed boundary; no concrete/foundation model is invented.
SP16-PROC-8.6.2-TABLE-E2-LOOKUP,СП 16.13330.2017 «Стальные конструкции»,8.6.2,"47, 163",Exact-node Table E.2 lookup,standard_core/base_plates_and_combined_force_strength.py,annex_e2_base_plate_coefficients,implemented,passed: tests/test_base_plates_and_combined_force_strength.py,implementation_self_check_passed,Exact printed nodes and terminal >2 column only; no interpolation rule is invented.
SP16-PROC-8.6.2-MAXIMUM-PLATE-MOMENT,СП 16.13330.2017 «Стальные конструкции»,8.6.2,47,Selection of governing unit-width plate moment,standard_core/base_plates_and_combined_force_strength.py,base_plate_maximum_unit_width_moment,implemented,passed: tests/test_base_plates_and_combined_force_strength.py,implementation_self_check_passed,All relevant plate regions must be supplied explicitly.
SP16-PROC-8.6.2-TWO-SIDE-GEOMETRY,СП 16.13330.2017 «Стальные конструкции»,8.6.2,"47, 163",Two-adjacent-side rectangle geometry for equation (104),standard_core/base_plates_and_combined_force_strength.py,base_plate_two_adjacent_sides_geometry,implemented,passed: tests/test_base_plates_and_combined_force_strength.py,implementation_self_check_passed,Derives diagonal d1 and perpendicular distance a1 for a rectangular region.
SP16-PROC-9.1.1-EQ105-APPLICABILITY,СП 16.13330.2017 «Стальные конструкции»,9.1.1,47-48,Equation (105) applicability routing,standard_core/base_plates_and_combined_force_strength.py,equation_105_applicability,implemented,passed: tests/test_base_plates_and_combined_force_strength.py,implementation_self_check_passed,"Preserves Ryn, dynamic-load, shear-stress, axial-stress, and linked local-stability conditions."
SP16-PROC-9.1.1-ANNEX-E1-COEFFICIENTS,СП 16.13330.2017 «Стальные конструкции»,9.1.1,"48, 161-163",Table E.1 coefficient routing for equation (105),standard_core/base_plates_and_combined_force_strength.py,combined_force_coefficients_from_annex_e1,implemented,passed: tests/test_base_plates_and_combined_force_strength.py,implementation_self_check_passed,Delegates to the previously audited Table E.1 implementation.
SP16-PROC-9.1.2-EQ105-OMISSION,СП 16.13330.2017 «Стальные конструкции»,9.1.2,48,Equation (105) omission rule,standard_core/base_plates_and_combined_force_strength.py,equation_105_omission_rule_clause_9_1_2,implemented,passed: tests/test_base_plates_and_combined_force_strength.py,implementation_self_check_passed,"Implements the printed m_eff <= 20, unweakened-section, equal-moment conditions."
SP16-PROC-9.1.3-EQ107-APPLICABILITY,СП 16.13330.2017 «Стальные конструкции»,9.1.3,48,Equation (107) high-strength asymmetric-section applicability,standard_core/base_plates_and_combined_force_strength.py,equation_107_applicability,implemented,passed: tests/test_base_plates_and_combined_force_strength.py,implementation_self_check_passed,Section asymmetry remains an explicit engineering classification.
SP16-PROC-9.2.1-TWO-PLANE-STABILITY,СП 16.13330.2017 «Стальные конструкции»,9.2,"48-53, 151-160",Audited Section 9.2 / Annex D routing or table procedure.,standard_core/beam_column_stability.py,stability_check_route_clause_9_2_1,implemented,passed: tests/test_beam_column_stability.py,implementation_self_check_passed,Explicit procedure; global analysis and diagram/section classification remain external.
SP16-PROC-9.2.2-D3-LOOKUP-AND-CAP,СП 16.13330.2017 «Стальные конструкции»,9.2,"48-53, 151-160",Audited Section 9.2 / Annex D routing or table procedure.,standard_core/beam_column_stability.py,annex_d3_stability_coefficient,implemented,passed: tests/test_beam_column_stability.py,implementation_self_check_passed,Explicit procedure; global analysis and diagram/section classification remain external.
SP16-PROC-9.2.2-BENDING-ROUTE-MEFF-GT20,СП 16.13330.2017 «Стальные конструкции»,9.2,"48-53, 151-160",Audited Section 9.2 / Annex D routing or table procedure.,standard_core/beam_column_stability.py,beam_column_section_9_2_route,implemented,passed: tests/test_beam_column_stability.py,implementation_self_check_passed,Explicit procedure; global analysis and diagram/section classification remain external.
SP16-PROC-9.2.3-SAME-LOAD-COMBINATION,СП 16.13330.2017 «Стальные конструкции»,9.2,"48-53, 151-160",Audited Section 9.2 / Annex D routing or table procedure.,standard_core/beam_column_stability.py,beam_column_section_9_2_route,implemented,passed: tests/test_beam_column_stability.py,implementation_self_check_passed,Explicit procedure; global analysis and diagram/section classification remain external.
SP16-PROC-9.2.3-DESIGN-MOMENT-SELECTION,СП 16.13330.2017 «Стальные конструкции»,9.2,"48-53, 151-160",Audited Section 9.2 / Annex D routing or table procedure.,standard_core/beam_column_stability.py,table_20_design_moment,implemented,passed: tests/test_beam_column_stability.py,implementation_self_check_passed,Explicit procedure; global analysis and diagram/section classification remain external.
SP16-PROC-9.2.3-TABLE-20-ROUTING,СП 16.13330.2017 «Стальные конструкции»,9.2,"48-53, 151-160",Audited Section 9.2 / Annex D routing or table procedure.,standard_core/beam_column_stability.py,table_20_design_moment,implemented,passed: tests/test_beam_column_stability.py,implementation_self_check_passed,Explicit procedure; global analysis and diagram/section classification remain external.
SP16-PROC-9.2.3-TABLE-D5-ROUTING,СП 16.13330.2017 «Стальные конструкции»,9.2,"48-53, 151-160",Audited Section 9.2 / Annex D routing or table procedure.,standard_core/beam_column_stability.py,annex_d5_effective_relative_eccentricity,implemented,passed: tests/test_beam_column_stability.py,implementation_self_check_passed,Explicit procedure; global analysis and diagram/section classification remain external.
SP16-PROC-9.2.5-TABLE-21-ROUTING,СП 16.13330.2017 «Стальные конструкции»,9.2,"48-53, 151-160",Audited Section 9.2 / Annex D routing or table procedure.,standard_core/beam_column_stability.py,table_21_alpha,implemented,passed: tests/test_beam_column_stability.py,implementation_self_check_passed,Explicit procedure; global analysis and diagram/section classification remain external.
SP16-PROC-9.2.5-CMAX-CAP-AND-MINIMUM,СП 16.13330.2017 «Стальные конструкции»,9.2,"48-53, 151-160",Audited Section 9.2 / Annex D routing or table procedure.,standard_core/beam_column_stability.py,out_of_plane_coefficient_c,implemented,passed: tests/test_beam_column_stability.py,implementation_self_check_passed,Explicit procedure; global analysis and diagram/section classification remain external.
SP16-PROC-9.2.6-DESIGN-MOMENT-SELECTION,СП 16.13330.2017 «Стальные конструкции»,9.2,"48-53, 151-160",Audited Section 9.2 / Annex D routing or table procedure.,standard_core/beam_column_stability.py,design_moment_clause_9_2_6,implemented,passed: tests/test_beam_column_stability.py,implementation_self_check_passed,Explicit procedure; global analysis and diagram/section classification remain external.
SP16-PROC-9.2.7-CONTINUOUS-FLANGE-BRACING,СП 16.13330.2017 «Стальные конструкции»,9.2,"48-53, 151-160",Audited Section 9.2 / Annex D routing or table procedure.,standard_core/beam_column_stability.py,annex_d_continuous_bracing_cmax_eq_d4,implemented,passed: tests/test_beam_column_stability.py,implementation_self_check_passed,Explicit procedure; global analysis and diagram/section classification remain external.
SP16-PROC-9.2.8-MINOR-AXIS-ROUTING,СП 16.13330.2017 «Стальные конструкции»,9.2,"48-53, 151-160",Audited Section 9.2 / Annex D routing or table procedure.,standard_core/beam_column_stability.py,minor_axis_bending_route_clause_9_2_8,implemented,passed: tests/test_beam_column_stability.py,implementation_self_check_passed,Explicit procedure; global analysis and diagram/section classification remain external.
SP16-PROC-9.2.9-BIAXIAL-ADDITIONAL-CHECKS,СП 16.13330.2017 «Стальные конструкции»,9.2,"48-53, 151-160",Audited Section 9.2 / Annex D routing or table procedure.,standard_core/beam_column_stability.py,biaxial_additional_checks_clause_9_2_9,implemented,passed: tests/test_beam_column_stability.py,implementation_self_check_passed,Explicit procedure; global analysis and diagram/section classification remain external.
SP16-PROC-9.2.9-NONSYMMETRIC-MX-INCREASE,СП 16.13330.2017 «Стальные конструкции»,9.2,"48-53, 151-160",Audited Section 9.2 / Annex D routing or table procedure.,standard_core/beam_column_stability.py,adjusted_relative_eccentricity_x_clause_9_2_9,implemented,passed: tests/test_beam_column_stability.py,implementation_self_check_passed,Explicit procedure; global analysis and diagram/section classification remain external.
SP16-PROC-9.2.10-BOX-MAJOR-AXIS-SUBSTITUTION,СП 16.13330.2017 «Стальные конструкции»,9.2,"48-53, 151-160",Audited Section 9.2 / Annex D routing or table procedure.,standard_core/beam_column_stability.py,box_major_axis_phi_clause_9_2_10,implemented,passed: tests/test_beam_column_stability.py,implementation_self_check_passed,Explicit procedure; global analysis and diagram/section classification remain external.
SP16-PROC-ANNEX-D2-SHAPE-COEFFICIENT,СП 16.13330.2017 «Стальные конструкции»,Приложение Д,"48-53, 151-160",Audited Section 9.2 / Annex D routing or table procedure.,standard_core/beam_column_stability.py,annex_d2_shape_influence_coefficient,implemented,passed: tests/test_beam_column_stability.py,implementation_self_check_passed,Explicit procedure; global analysis and diagram/section classification remain external.
SP16-PROC-ANNEX-D3-EXACT-LOOKUP,СП 16.13330.2017 «Стальные конструкции»,Приложение Д,"48-53, 151-160",Audited Section 9.2 / Annex D routing or table procedure.,standard_core/beam_column_stability.py,annex_d3_table_coefficient,implemented,passed: tests/test_beam_column_stability.py,implementation_self_check_passed,Explicit procedure; global analysis and diagram/section classification remain external.
SP16-PROC-ANNEX-D4-EXACT-LOOKUP,СП 16.13330.2017 «Стальные конструкции»,Приложение Д,"48-53, 151-160",Audited Section 9.2 / Annex D routing or table procedure.,standard_core/beam_column_stability.py,annex_d4_table_coefficient,implemented,passed: tests/test_beam_column_stability.py,implementation_self_check_passed,Explicit procedure; global analysis and diagram/section classification remain external.
SP16-PROC-ANNEX-D5-EXACT-LOOKUP,СП 16.13330.2017 «Стальные конструкции»,Приложение Д,"48-53, 151-160",Audited Section 9.2 / Annex D routing or table procedure.,standard_core/beam_column_stability.py,annex_d5_effective_relative_eccentricity,implemented,passed: tests/test_beam_column_stability.py,implementation_self_check_passed,Explicit procedure; global analysis and diagram/section classification remain external.
SP16-PROC-ANNEX-D6-SECTION-PARAMETERS,СП 16.13330.2017 «Стальные конструкции»,Приложение Д,"48-53, 151-160",Audited Section 9.2 / Annex D routing or table procedure.,standard_core/beam_column_stability.py,annex_d6_section_parameters,implemented,passed: tests/test_beam_column_stability.py,implementation_self_check_passed,Explicit procedure; global analysis and diagram/section classification remain external.
SP16-PROC-9.3.1-WHOLE-AND-BRANCH-CHECKS,СП 16.13330.2017 «Стальные конструкции»,9.3,53-58,"Audited routing, interpolation, stiffener, branch-force, or local-stability procedure for Sections 9.3-9.4.",standard_core/built_up_beam_columns_and_combined_local_stability.py,see module public API and implementation map,implemented,passed: tests/test_built_up_beam_columns_and_combined_local_stability.py,implementation_self_check_passed,"Explicit procedure; global analysis, automatic geometry classification, and Section 16 remain external."
SP16-PROC-9.3.2-D4-LOOKUP-AND-BENDING-ROUTE,СП 16.13330.2017 «Стальные конструкции»,9.3,53-58,"Audited routing, interpolation, stiffener, branch-force, or local-stability procedure for Sections 9.3-9.4.",standard_core/built_up_beam_columns_and_combined_local_stability.py,see module public API and implementation map,implemented,passed: tests/test_built_up_beam_columns_and_combined_local_stability.py,implementation_self_check_passed,"Explicit procedure; global analysis, automatic geometry classification, and Section 16 remain external."
SP16-PROC-9.3.3-BRANCH-ADDITIONAL-FORCES,СП 16.13330.2017 «Стальные конструкции»,9.3,53-58,"Audited routing, interpolation, stiffener, branch-force, or local-stability procedure for Sections 9.3-9.4.",standard_core/built_up_beam_columns_and_combined_local_stability.py,see module public API and implementation map,implemented,passed: tests/test_built_up_beam_columns_and_combined_local_stability.py,implementation_self_check_passed,"Explicit procedure; global analysis, automatic geometry classification, and Section 16 remain external."
SP16-PROC-9.3.4-BATTEN-BRANCH-LOCAL-BENDING,СП 16.13330.2017 «Стальные конструкции»,9.3,53-58,"Audited routing, interpolation, stiffener, branch-force, or local-stability procedure for Sections 9.3-9.4.",standard_core/built_up_beam_columns_and_combined_local_stability.py,see module public API and implementation map,implemented,passed: tests/test_built_up_beam_columns_and_combined_local_stability.py,implementation_self_check_passed,"Explicit procedure; global analysis, automatic geometry classification, and Section 16 remain external."
SP16-PROC-9.3.5-THREE-SIDED-SECTION-16-ROUTE,СП 16.13330.2017 «Стальные конструкции»,9.3,53-58,"Audited routing, interpolation, stiffener, branch-force, or local-stability procedure for Sections 9.3-9.4.",standard_core/built_up_beam_columns_and_combined_local_stability.py,see module public API and implementation map,implemented,passed: tests/test_built_up_beam_columns_and_combined_local_stability.py,implementation_self_check_passed,"Explicit procedure; global analysis, automatic geometry classification, and Section 16 remain external."
SP16-PROC-9.3.6-TWO-SOLID-BRANCH-ROUTING,СП 16.13330.2017 «Стальные конструкции»,9.3,53-58,"Audited routing, interpolation, stiffener, branch-force, or local-stability procedure for Sections 9.3-9.4.",standard_core/built_up_beam_columns_and_combined_local_stability.py,see module public API and implementation map,implemented,passed: tests/test_built_up_beam_columns_and_combined_local_stability.py,implementation_self_check_passed,"Explicit procedure; global analysis, automatic geometry classification, and Section 16 remain external."
SP16-PROC-9.3.7-CONNECTOR-SHEAR-GOVERNING,СП 16.13330.2017 «Стальные конструкции»,9.3,53-58,"Audited routing, interpolation, stiffener, branch-force, or local-stability procedure for Sections 9.3-9.4.",standard_core/built_up_beam_columns_and_combined_local_stability.py,see module public API and implementation map,implemented,passed: tests/test_built_up_beam_columns_and_combined_local_stability.py,implementation_self_check_passed,"Explicit procedure; global analysis, automatic geometry classification, and Section 16 remain external."
SP16-PROC-9.4.1-GEOMETRY-REFERENCE,СП 16.13330.2017 «Стальные конструкции»,9.4,53-58,"Audited routing, interpolation, stiffener, branch-force, or local-stability procedure for Sections 9.3-9.4.",standard_core/built_up_beam_columns_and_combined_local_stability.py,see module public API and implementation map,implemented,passed: tests/test_built_up_beam_columns_and_combined_local_stability.py,implementation_self_check_passed,"Explicit procedure; global analysis, automatic geometry classification, and Section 16 remain external."
SP16-PROC-9.4.2-TABLE-22-ROUTING,СП 16.13330.2017 «Стальные конструкции»,9.4,53-58,"Audited routing, interpolation, stiffener, branch-force, or local-stability procedure for Sections 9.3-9.4.",standard_core/built_up_beam_columns_and_combined_local_stability.py,see module public API and implementation map,implemented,passed: tests/test_built_up_beam_columns_and_combined_local_stability.py,implementation_self_check_passed,"Explicit procedure; global analysis, automatic geometry classification, and Section 16 remain external."
SP16-PROC-9.4.2-TYPE-1-M-INTERPOLATION,СП 16.13330.2017 «Стальные конструкции»,9.4,53-58,"Audited routing, interpolation, stiffener, branch-force, or local-stability procedure for Sections 9.3-9.4.",standard_core/built_up_beam_columns_and_combined_local_stability.py,see module public API and implementation map,implemented,passed: tests/test_built_up_beam_columns_and_combined_local_stability.py,implementation_self_check_passed,"Explicit procedure; global analysis, automatic geometry classification, and Section 16 remain external."
SP16-PROC-9.4.2-TYPE-2-ALPHA-ROUTING,СП 16.13330.2017 «Стальные конструкции»,9.4,53-58,"Audited routing, interpolation, stiffener, branch-force, or local-stability procedure for Sections 9.3-9.4.",standard_core/built_up_beam_columns_and_combined_local_stability.py,see module public API and implementation map,implemented,passed: tests/test_built_up_beam_columns_and_combined_local_stability.py,implementation_self_check_passed,"Explicit procedure; global analysis, automatic geometry classification, and Section 16 remain external."
SP16-PROC-9.4.3-AXIAL-RATIO-ADJUSTMENT,СП 16.13330.2017 «Стальные конструкции»,9.4,53-58,"Audited routing, interpolation, stiffener, branch-force, or local-stability procedure for Sections 9.3-9.4.",standard_core/built_up_beam_columns_and_combined_local_stability.py,see module public API and implementation map,implemented,passed: tests/test_built_up_beam_columns_and_combined_local_stability.py,implementation_self_check_passed,"Explicit procedure; global analysis, automatic geometry classification, and Section 16 remain external."
SP16-PROC-9.4.4-TRANSVERSE-STIFFENER-ROUTE,СП 16.13330.2017 «Стальные конструкции»,9.4,53-58,"Audited routing, interpolation, stiffener, branch-force, or local-stability procedure for Sections 9.3-9.4.",standard_core/built_up_beam_columns_and_combined_local_stability.py,see module public API and implementation map,implemented,passed: tests/test_built_up_beam_columns_and_combined_local_stability.py,implementation_self_check_passed,"Explicit procedure; global analysis, automatic geometry classification, and Section 16 remain external."
SP16-PROC-9.4.5-LONGITUDINAL-STIFFENER-ROUTE,СП 16.13330.2017 «Стальные конструкции»,9.4,53-58,"Audited routing, interpolation, stiffener, branch-force, or local-stability procedure for Sections 9.3-9.4.",standard_core/built_up_beam_columns_and_combined_local_stability.py,see module public API and implementation map,implemented,passed: tests/test_built_up_beam_columns_and_combined_local_stability.py,implementation_self_check_passed,"Explicit procedure; global analysis, automatic geometry classification, and Section 16 remain external."
SP16-PROC-9.4.6-REDUCED-AREA-ROUTE,СП 16.13330.2017 «Стальные конструкции»,9.4,53-58,"Audited routing, interpolation, stiffener, branch-force, or local-stability procedure for Sections 9.3-9.4.",standard_core/built_up_beam_columns_and_combined_local_stability.py,see module public API and implementation map,implemented,passed: tests/test_built_up_beam_columns_and_combined_local_stability.py,implementation_self_check_passed,"Explicit procedure; global analysis, automatic geometry classification, and Section 16 remain external."
SP16-PROC-9.4.7-TABLE-23-ROUTING,СП 16.13330.2017 «Стальные конструкции»,9.4,53-58,"Audited routing, interpolation, stiffener, branch-force, or local-stability procedure for Sections 9.3-9.4.",standard_core/built_up_beam_columns_and_combined_local_stability.py,see module public API and implementation map,implemented,passed: tests/test_built_up_beam_columns_and_combined_local_stability.py,implementation_self_check_passed,"Explicit procedure; global analysis, automatic geometry classification, and Section 16 remain external."
SP16-PROC-9.4.7-M-INTERPOLATION,СП 16.13330.2017 «Стальные конструкции»,9.4,53-58,"Audited routing, interpolation, stiffener, branch-force, or local-stability procedure for Sections 9.3-9.4.",standard_core/built_up_beam_columns_and_combined_local_stability.py,see module public API and implementation map,implemented,passed: tests/test_built_up_beam_columns_and_combined_local_stability.py,implementation_self_check_passed,"Explicit procedure; global analysis, automatic geometry classification, and Section 16 remain external."
SP16-PROC-9.4.8-EDGE-RETURN-MULTIPLIER,СП 16.13330.2017 «Стальные конструкции»,9.4,53-58,"Audited routing, interpolation, stiffener, branch-force, or local-stability procedure for Sections 9.3-9.4.",standard_core/built_up_beam_columns_and_combined_local_stability.py,see module public API and implementation map,implemented,passed: tests/test_built_up_beam_columns_and_combined_local_stability.py,implementation_self_check_passed,"Explicit procedure; global analysis, automatic geometry classification, and Section 16 remain external."
SP16-PROC-9.4.9-TWO-PLANE-INCREASE,СП 16.13330.2017 «Стальные конструкции»,9.4,53-58,"Audited routing, interpolation, stiffener, branch-force, or local-stability procedure for Sections 9.3-9.4.",standard_core/built_up_beam_columns_and_combined_local_stability.py,see module public API and implementation map,implemented,passed: tests/test_built_up_beam_columns_and_combined_local_stability.py,implementation_self_check_passed,"Explicit procedure; global analysis, automatic geometry classification, and Section 16 remain external."
SP16-PROC-9.4.10-TENSION-MEMBER-BENDING-ROUTE,СП 16.13330.2017 «Стальные конструкции»,9.4,53-58,"Audited routing, interpolation, stiffener, branch-force, or local-stability procedure for Sections 9.3-9.4.",standard_core/built_up_beam_columns_and_combined_local_stability.py,see module public API and implementation map,implemented,passed: tests/test_built_up_beam_columns_and_combined_local_stability.py,implementation_self_check_passed,"Explicit procedure; global analysis, automatic geometry classification, and Section 16 remain external."
SP16-PROC-10.1.1-TABLE-24-ROUTING,СП 16.13330.2017 «Стальные конструкции»,10.1.1,59,Route truss members through Table 24 effective-length cases.,standard_core/effective_lengths_and_limiting_slenderness.py,table_24_effective_length,implemented,passed,passed,Implemented in v0.12 with explicit selectors and documented external boundaries.
SP16-PROC-10.1.3-TABLE-25-ROUTING,СП 16.13330.2017 «Стальные конструкции»,10.1.3,61,Route crossing lattice members through Table 25.,standard_core/effective_lengths_and_limiting_slenderness.py,table_25_cross_lattice_effective_length,implemented,passed,passed,Implemented in v0.12 with explicit selectors and documented external boundaries.
SP16-PROC-10.1.4-SINGLE-ANGLE-RADIUS-SELECTION,СП 16.13330.2017 «Стальные конструкции»,10.1.4,61,Select single-angle radius of gyration.,standard_core/effective_lengths_and_limiting_slenderness.py,single_angle_radius_selection_clause_10_1_4,implemented,passed,passed,Implemented in v0.12 with explicit selectors and documented external boundaries.
SP16-PROC-10.2.1-TABLE-26-ROUTING,СП 16.13330.2017 «Стальные конструкции»,10.2.1,61-62,Route structural-space-frame members through Table 26.,standard_core/effective_lengths_and_limiting_slenderness.py,table_26_structural_member_effective_length,implemented,passed,passed,Implemented in v0.12 with explicit selectors and documented external boundaries.
SP16-PROC-10.2.2-RADIUS-SELECTION,СП 16.13330.2017 «Стальные конструкции»,10.2.2,62,Select radius of gyration for structural members.,standard_core/effective_lengths_and_limiting_slenderness.py,structural_member_radius_selection_clause_10_2_2,implemented,passed,passed,Implemented in v0.12 with explicit selectors and documented external boundaries.
SP16-PROC-10.2.3-TABLE-27-ROUTING,СП 16.13330.2017 «Стальные конструкции»,10.2.3,63-64,Route spatial-lattice members through Table 27.,standard_core/effective_lengths_and_limiting_slenderness.py,table_27_spatial_member_properties,implemented,passed,passed,Implemented in v0.12 with explicit selectors and documented external boundaries.
SP16-PROC-10.2.3-TABLE-28-ROUTING,СП 16.13330.2017 «Стальные конструкции»,10.2.3,64,Calculate conditional diagonal length by Table 28.,standard_core/effective_lengths_and_limiting_slenderness.py,table_28_intersection_conditional_length,implemented,passed,passed,Implemented in v0.12 with explicit selectors and documented external boundaries.
SP16-PROC-10.2.3-TABLE-29-ROUTING,СП 16.13330.2017 «Стальные конструкции»,10.2.3,65,Calculate diagonal effective-length factor by Table 29.,standard_core/effective_lengths_and_limiting_slenderness.py,table_29_diagonal_length_factor,implemented,passed,passed,Implemented in v0.12 with explicit selectors and documented external boundaries.
SP16-PROC-10.2.4-FIG15C-SPECIAL-ROUTING,СП 16.13330.2017 «Стальные конструкции»,10.2.4,62,Apply special routing for Figure 15c diagonal attachments.,standard_core/effective_lengths_and_limiting_slenderness.py,table_29_end_connection_adjustment,implemented,passed,passed,Implemented in v0.12 with explicit selectors and documented external boundaries.
SP16-PROC-10.2.5-TUBE-AND-DOUBLE-ANGLE-ROUTING,СП 16.13330.2017 «Стальные конструкции»,10.2.5,62,Route tube and double-angle members to 10.1.1-10.1.3.,standard_core/effective_lengths_and_limiting_slenderness.py,table_24_effective_length,implemented,passed,passed,Implemented in v0.12 with explicit selectors and documented external boundaries.
SP16-PROC-10.3.2-LOAD-COMBINATION-CONSISTENCY,СП 16.13330.2017 «Стальные конструкции»,10.3.2,65-66,Require effective-length parameters from the governing axial-force combination.,standard_core/effective_lengths_and_limiting_slenderness.py,column_effective_length_eq140,implemented,passed,passed,Implemented in v0.12 with explicit selectors and documented external boundaries.
SP16-PROC-10.3.3-TABLE-30-ROUTING,СП 16.13330.2017 «Стальные конструкции»,10.3.3,66,Lookup Table 30 end-restraint/load diagram factor.,standard_core/effective_lengths_and_limiting_slenderness.py,table_30_effective_length_factor,implemented,passed,passed,Implemented in v0.12 with explicit selectors and documented external boundaries.
SP16-PROC-10.3.4-TABLE-31-PARAMETERS,СП 16.13330.2017 «Стальные конструкции»,10.3.4,66-69,Calculate p and n frame stiffness parameters.,standard_core/effective_lengths_and_limiting_slenderness.py,table_31_multistory_parameters,implemented,passed,passed,Implemented in v0.12 with explicit selectors and documented external boundaries.
SP16-PROC-10.3.4-TABLE-31-SPECIAL-CASES,СП 16.13330.2017 «Стальные конструкции»,10.3.4,67-68,Evaluate explicit special cases from Table 31.,standard_core/effective_lengths_and_limiting_slenderness.py,table_31_special_case_mu,implemented,passed,passed,Implemented in v0.12 with explicit selectors and documented external boundaries.
SP16-PROC-10.3.5-GLOBAL-FRAME-STABILITY-ROUTE,СП 16.13330.2017 «Стальные конструкции»,10.3.5,69,Route H/B >= 6 sway frames to global cantilever-frame stability check.,standard_core/effective_lengths_and_limiting_slenderness.py,slenderness_check,implemented,passed,passed,Implemented in v0.12 with explicit selectors and documented external boundaries.
SP16-PROC-10.3.7-STEPPED-COLUMN-EXTERNAL-ROUTE,СП 16.13330.2017 «Стальные конструкции»,10.3.7,69,Route stepped-column factors to Annex И or an explicit analysis model.,standard_core/effective_lengths_and_limiting_slenderness.py,column_effective_length_eq140,implemented,passed,passed,Implemented in v0.12 with explicit selectors and documented external boundaries.
SP16-PROC-10.3.9-OUT-OF-PLANE-COLUMN-LENGTH,СП 16.13330.2017 «Стальные конструкции»,10.3.9,70,Use restraint spacing for out-of-plane column length.,standard_core/effective_lengths_and_limiting_slenderness.py,out_of_plane_column_effective_length_clause_10_3_9,implemented,passed,passed,Implemented in v0.12 with explicit selectors and documented external boundaries.
SP16-PROC-10.3.10-GALLERY-SUPPORT-LENGTH,СП 16.13330.2017 «Стальные конструкции»,10.3.10,70,Determine gallery-support branch effective lengths.,standard_core/effective_lengths_and_limiting_slenderness.py,gallery_support_branch_effective_length_clause_10_3_10,implemented,passed,passed,Implemented in v0.12 with explicit selectors and documented external boundaries.
SP16-PROC-10.3.11-CERTIFIED-SOFTWARE-ASSUMPTION,СП 16.13330.2017 «Стальные конструкции»,10.3.11,70,Document elastic undeformed-scheme assumption for certified software.,standard_core/effective_lengths_and_limiting_slenderness.py,column_effective_length_eq140,implemented,passed,passed,Implemented in v0.12 with explicit selectors and documented external boundaries.
SP16-PROC-10.4.1-SLENDERNESS-CHECK,СП 16.13330.2017 «Стальные конструкции»,10.4.1,70-72,Calculate and check member slenderness.,standard_core/effective_lengths_and_limiting_slenderness.py,slenderness_check,implemented,passed,passed,Implemented in v0.12 with explicit selectors and documented external boundaries.
SP16-PROC-10.4.2-GROUP-4-INCREASE,СП 16.13330.2017 «Стальные конструкции»,10.4.2,70,Apply 10 percent increase for structural group 4.,standard_core/effective_lengths_and_limiting_slenderness.py,group_4_limiting_slenderness_increase,implemented,passed,passed,Implemented in v0.12 with explicit selectors and documented external boundaries.
SP16-PROC-TABLE-33-NOTES,СП 16.13330.2017 «Стальные конструкции»,10.4.1,72,Apply explicit notes to Table 33 limits.,standard_core/effective_lengths_and_limiting_slenderness.py,table_33_tension_limiting_slenderness,implemented,passed,passed,Implemented in v0.12 with explicit selectors and documented external boundaries.
SP16-PROC-11.1.1-PRINCIPAL-STRESS-LIMITS,СП 16.13330.2017 «Стальные конструкции»,11.1.1,72,Separate principal-stress resistance limits after equation (148).,standard_core/sheet_structures_strength_and_stability.py,principal_stress_resistance_check_clause_11_1_1,implemented,passed: tests/test_sheet_structures_strength_and_stability.py,V13 procedure self-check: pass,Procedure visually extracted from Section 11; external analysis boundaries are not replaced by invented formulas.
SP16-PROC-11.1.4-LOCAL-EDGE-EFFECT,СП 16.13330.2017 «Стальные конструкции»,11.1.4,74,"Require local edge-effect stresses at form, thickness, or load discontinuities.",standard_core/sheet_structures_strength_and_stability.py,shell_analysis_route_clause_11_1_4_11_1_5,implemented,passed: tests/test_sheet_structures_strength_and_stability.py,V13 procedure self-check: pass,Procedure visually extracted from Section 11; external analysis boundaries are not replaced by invented formulas.
SP16-PROC-11.1.5-CERTIFIED-SPATIAL-ANALYSIS,СП 16.13330.2017 «Стальные конструкции»,11.1.5,74,Require certified spatial analysis for arbitrary shell configuration.,standard_core/sheet_structures_strength_and_stability.py,shell_analysis_route_clause_11_1_4_11_1_5,implemented,passed: tests/test_sheet_structures_strength_and_stability.py,V13 procedure self-check: pass,Procedure visually extracted from Section 11; external analysis boundaries are not replaced by invented formulas.
SP16-PROC-11.2.1-CRITICAL-STRESS-SELECTION,СП 16.13330.2017 «Стальные конструкции»,11.2.1,74,Select minimum cylindrical axial critical-stress branch and Table 34 coefficient.,standard_core/sheet_structures_strength_and_stability.py,cylindrical_axial_critical_stress,implemented,passed: tests/test_sheet_structures_strength_and_stability.py,V13 procedure self-check: pass,Procedure visually extracted from Section 11; external analysis boundaries are not replaced by invented formulas.
SP16-PROC-11.2.1-ECCENTRIC-COMPRESSION-ADJUSTMENT,СП 16.13330.2017 «Стальные конструкции»,11.2.1,74-75,Apply the stated critical-stress multiplier when the shear threshold is satisfied.,standard_core/sheet_structures_strength_and_stability.py,eccentric_compression_critical_stress_multiplier_clause_11_2_1,implemented,passed: tests/test_sheet_structures_strength_and_stability.py,V13 procedure self-check: pass,Procedure visually extracted from Section 11; external analysis boundaries are not replaced by invented formulas.
SP16-PROC-11.2.2-TUBE-ROUTING,СП 16.13330.2017 «Стальные конструкции»,11.2.2,75,"Route tubes between local equation (156), global stability, or unresolved range.",standard_core/sheet_structures_strength_and_stability.py,tube_local_stability_route_clause_11_2_2,implemented,passed: tests/test_sheet_structures_strength_and_stability.py,V13 procedure self-check: pass,Procedure visually extracted from Section 11; external analysis boundaries are not replaced by invented formulas.
SP16-PROC-11.2.3-PANEL-INTERPOLATION,СП 16.13330.2017 «Стальные конструкции»,11.2.3,75,Linearly interpolate panel b/t limit between 0.8Ry and Ry.,standard_core/sheet_structures_strength_and_stability.py,cylindrical_panel_limit,implemented,passed: tests/test_sheet_structures_strength_and_stability.py,V13 procedure self-check: pass,Procedure visually extracted from Section 11; external analysis boundaries are not replaced by invented formulas.
SP16-PROC-11.2.3-PANEL-OR-SHELL-ROUTING,СП 16.13330.2017 «Стальные конструкции»,11.2.3,75,Route cylindrical panel by b^2/(rt) threshold.,standard_core/sheet_structures_strength_and_stability.py,cylindrical_panel_route_clause_11_2_3,implemented,passed: tests/test_sheet_structures_strength_and_stability.py,V13 procedure self-check: pass,Procedure visually extracted from Section 11; external analysis boundaries are not replaced by invented formulas.
SP16-PROC-11.2.4-EXTERNAL-PRESSURE-INTERPOLATION,СП 16.13330.2017 «Стальные конструкции»,11.2.4,75,Linearly interpolate external-pressure critical stress for 10<l/r<20.,standard_core/sheet_structures_strength_and_stability.py,cylindrical_external_pressure_critical_stress,implemented,passed: tests/test_sheet_structures_strength_and_stability.py,V13 procedure self-check: pass,Procedure visually extracted from Section 11; external analysis boundaries are not replaced by invented formulas.
SP16-PROC-11.2.4-RING-STIFFENER-REQUIREMENTS,СП 16.13330.2017 «Стальные конструкции»,11.2.4,76,"Return ring force, effective length, effective shell width, and slenderness limit.",standard_core/sheet_structures_strength_and_stability.py,ring_stiffener_requirements_clause_11_2_4,implemented,passed: tests/test_sheet_structures_strength_and_stability.py,V13 procedure self-check: pass,Procedure visually extracted from Section 11; external analysis boundaries are not replaced by invented formulas.
SP16-PROC-11.2.5-COMBINED-CYLINDER-INTERACTION,СП 16.13330.2017 «Стальные конструкции»,11.2.5,76,Combined cylindrical-shell axial and pressure interaction route.,standard_core/sheet_structures_strength_and_stability.py,cylindrical_combined_stability_utilization_eq162,implemented,passed: tests/test_sheet_structures_strength_and_stability.py,V13 procedure self-check: pass,Procedure visually extracted from Section 11; external analysis boundaries are not replaced by invented formulas.
SP16-PROC-11.2.6-CONE-ANGLE-LIMIT,СП 16.13330.2017 «Стальные конструкции»,11.2.6,76,Enforce cone half-angle beta not exceeding 60 degrees.,standard_core/sheet_structures_strength_and_stability.py,conical_equivalent_radius_eq165,implemented,passed: tests/test_sheet_structures_strength_and_stability.py,V13 procedure self-check: pass,Procedure visually extracted from Section 11; external analysis boundaries are not replaced by invented formulas.
SP16-PROC-11.2.8-COMBINED-CONE-INTERACTION,СП 16.13330.2017 «Стальные конструкции»,11.2.8,77,Combined conical-shell axial and pressure interaction route.,standard_core/sheet_structures_strength_and_stability.py,conical_combined_stability_utilization_eq168,implemented,passed: tests/test_sheet_structures_strength_and_stability.py,V13 procedure self-check: pass,Procedure visually extracted from Section 11; external analysis boundaries are not replaced by invented formulas.
SP16-PROC-11.2.9-SPHERE-RATIO-LIMIT,СП 16.13330.2017 «Стальные конструкции»,11.2.9,77,Apply r/t<=750 and cap spherical critical stress by Ry.,standard_core/sheet_structures_strength_and_stability.py,spherical_external_pressure_critical_stress_clause_11_2_9,implemented,passed: tests/test_sheet_structures_strength_and_stability.py,V13 procedure self-check: pass,Procedure visually extracted from Section 11; external analysis boundaries are not replaced by invented formulas.
SP16-PROC-12.1.1-APPLICABILITY,СП 16.13330.2017 «Стальные конструкции»,12.1.1,77,Route repeated-load and resonant-vortex cases to fatigue calculation.,standard_core/fatigue_design.py,fatigue_applicability_route_clause_12_1_1_12_1_3,implemented,passed: tests/test_fatigue_design.py,V14-SP16-PROC-12.1.1-APPLICABILITY: pass,Visually extracted from Section 12 or Annex K; external inputs are not invented.
SP16-PROC-12.1.2-STRESS-ASYMMETRY-RATIO,СП 16.13330.2017 «Стальные конструкции»,12.1.2,78,Calculate rho from stress extrema under the same loading.,standard_core/fatigue_design.py,stress_asymmetry_ratio,implemented,passed: tests/test_fatigue_design.py,V14-SP16-PROC-12.1.2-STRESS-ASYMMETRY-RATIO: pass,Visually extracted from Section 12 or Annex K; external inputs are not invented.
SP16-PROC-12.1.2-CYCLE-FACTOR-ROUTING,СП 16.13330.2017 «Стальные конструкции»,12.1.2,78,"Select equation (171), equation (172), or alpha=0.77.",standard_core/fatigue_design.py,fatigue_cycle_factor_alpha,implemented,passed: tests/test_fatigue_design.py,V14-SP16-PROC-12.1.2-CYCLE-FACTOR-ROUTING: pass,Visually extracted from Section 12 or Annex K; external inputs are not invented.
SP16-PROC-12.1.2-RESISTANCE-CAP,СП 16.13330.2017 «Стальные конструкции»,12.1.2,78,Check alpha*Rv*gamma_v not exceeding Ru/gamma_u.,standard_core/fatigue_design.py,fatigue_resistance_cap_check_clause_12_1_2,implemented,passed: tests/test_fatigue_design.py,V14-SP16-PROC-12.1.2-RESISTANCE-CAP: pass,Visually extracted from Section 12 or Annex K; external inputs are not invented.
SP16-PROC-12.1.1-LOW-CYCLE-BOUNDARY-CURRENT,СП 16.13330.2017 «Стальные конструкции»,12.1.1,77-79,"For n<10^5, keep the current low-cycle-fatigue method as an explicit external boundary; clause 12.1.3 is excluded by Change No. 6.",standard_core/fatigue_design.py,fatigue_applicability_route_clause_12_1_1_12_1_3,implemented,passed: tests/test_fatigue_design.py,N9-SP16-PROC-12.1.1-LOW-CYCLE-BOUNDARY-CURRENT: pass,Current Change-6 rebaseline: clause 12.1.3 is excluded from 10.01.2025; no replacement low-cycle equation is invented.
SP16-PROC-12.2-CRANE-CYCLE-FACTOR,СП 16.13330.2017 «Стальные конструкции»,12.2,79,Select crane-runway alpha=0.77 or 1.1.,standard_core/fatigue_design.py,crane_runway_cycle_factor_clause_12_2,implemented,passed: tests/test_fatigue_design.py,V14-SP16-PROC-12.2-CRANE-CYCLE-FACTOR: pass,Visually extracted from Section 12 or Annex K; external inputs are not invented.
SP16-PROC-12.2-WEB-FATIGUE-RESISTANCE,СП 16.13330.2017 «Стальные конструкции»,12.2,79,Select crane-runway web fatigue resistance from flange connection and stress-zone state.,standard_core/fatigue_design.py,crane_runway_web_fatigue_resistance_clause_12_2,implemented,passed: tests/test_fatigue_design.py,V14-SP16-PROC-12.2-WEB-FATIGUE-RESISTANCE: pass,Visually extracted from Section 12 or Annex K; external inputs are not invented.
SP16-PROC-K.1-GROUP-LOOKUP,СП 16.13330.2017 «Стальные конструкции»,Annex K,177-181,Look up fatigue group from an explicit audited Table K.1 case identifier.,standard_core/fatigue_design.py,annex_k_group,implemented,passed: tests/test_fatigue_design.py,V14-SP16-PROC-K.1-GROUP-LOOKUP: pass,Visually extracted from Section 12 or Annex K; external inputs are not invented.
SP16-PROC-K.1-TUBE-CASE-20,СП 16.13330.2017 «Стальные конструкции»,Annex K,181,Classify Table K.1 case 20 by chord thickness-to-diameter ratio.,standard_core/fatigue_design.py,annex_k_tube_joint_group_case20,implemented,passed: tests/test_fatigue_design.py,V14-SP16-PROC-K.1-TUBE-CASE-20: pass,Visually extracted from Section 12 or Annex K; external inputs are not invented.
SP16-PROC-K.1-TUBE-CASE-21,СП 16.13330.2017 «Стальные конструкции»,Annex K,181,Classify Table K.1 case 21 by brace/chord and chord thickness ratios.,standard_core/fatigue_design.py,annex_k_tube_joint_group_case21,implemented,passed: tests/test_fatigue_design.py,V14-SP16-PROC-K.1-TUBE-CASE-21: pass,Visually extracted from Section 12 or Annex K; external inputs are not invented.
SP16-PROC-13.1-BRITTLE-FACTORS,СП 16.13330.2017 «Стальные конструкции»,13.1,79-80,Register brittle-fracture risk factors.,standard_core/brittle_fracture_and_welded_connections.py,brittle_fracture_factor_register_clause_13_1,implemented,passed: tests/test_brittle_fracture_and_welded_connections.py,V15-SP16-PROC-13.1-BRITTLE-FACTORS: pass,Visually audited Section 13 or 14.1 procedure with explicit engineering inputs and documented external boundaries.
SP16-PROC-13.2-PREVENTION-CHECKLIST,СП 16.13330.2017 «Стальные конструкции»,13.1-13.2,79-80,Evaluate explicit brittle-fracture prevention confirmations.,standard_core/brittle_fracture_and_welded_connections.py,brittle_fracture_prevention_checklist_clause_13_1_13_2,implemented,passed: tests/test_brittle_fracture_and_welded_connections.py,V15-SP16-PROC-13.2-PREVENTION-CHECKLIST: pass,Visually audited Section 13 or 14.1 procedure with explicit engineering inputs and documented external boundaries.
SP16-PROC-13.3-LAMELLAR-APPLICABILITY,СП 16.13330.2017 «Стальные конструкции»,13.3,80,Route welded details to lamellar-tearing assessment.,standard_core/brittle_fracture_and_welded_connections.py,lamellar_tearing_applicability_clause_13_3,implemented,passed: tests/test_brittle_fracture_and_welded_connections.py,V15-SP16-PROC-13.3-LAMELLAR-APPLICABILITY: pass,Visually audited Section 13 or 14.1 procedure with explicit engineering inputs and documented external boundaries.
SP16-PROC-13.4-Z-TEST-ROUTE,СП 16.13330.2017 «Стальные конструкции»,13.4,80,Route through-thickness tensile-test evidence.,standard_core/brittle_fracture_and_welded_connections.py,through_thickness_property_test_route_clause_13_4,implemented,passed: tests/test_brittle_fracture_and_welded_connections.py,V15-SP16-PROC-13.4-Z-TEST-ROUTE: pass,Visually audited Section 13 or 14.1 procedure with explicit engineering inputs and documented external boundaries.
SP16-PROC-13.5-RISK-MODIFIER,СП 16.13330.2017 «Стальные конструкции»,13.5,81-83,Modify risk for static compression or dynamic/vibratory Z action.,standard_core/brittle_fracture_and_welded_connections.py,lamellar_tearing_adjusted_risk_clause_13_5,implemented,passed: tests/test_brittle_fracture_and_welded_connections.py,V15-SP16-PROC-13.5-RISK-MODIFIER: pass,Visually audited Section 13 or 14.1 procedure with explicit engineering inputs and documented external boundaries.
SP16-PROC-13.5-Z-GROUP-SELECTION,СП 16.13330.2017 «Стальные конструкции»,13.5,81-83,Select required Z-quality group from construction/consequence inputs.,standard_core/brittle_fracture_and_welded_connections.py,required_z_quality_group_clause_13_5,implemented,passed: tests/test_brittle_fracture_and_welded_connections.py,V15-SP16-PROC-13.5-Z-GROUP-SELECTION: pass,Visually audited Section 13 or 14.1 procedure with explicit engineering inputs and documented external boundaries.
SP16-PROC-13.5-LAMELLAR-CHECK,СП 16.13330.2017 «Стальные конструкции»,13.5,81-83,Compare adjusted risk with selected Z-quality threshold.,standard_core/brittle_fracture_and_welded_connections.py,lamellar_tearing_check_clause_13_5,implemented,passed: tests/test_brittle_fracture_and_welded_connections.py,V15-SP16-PROC-13.5-LAMELLAR-CHECK: pass,Visually audited Section 13 or 14.1 procedure with explicit engineering inputs and documented external boundaries.
SP16-PROC-14.1.1-14.1.6-DETAILING,СП 16.13330.2017 «Стальные конструкции»,14.1.1-14.1.6,83-84,Evaluate explicit welded-connection detailing confirmations.,standard_core/brittle_fracture_and_welded_connections.py,welded_connection_detailing_checklist_clause_14_1_1_14_1_6,implemented,passed: tests/test_brittle_fracture_and_welded_connections.py,V15-SP16-PROC-14.1.1-14.1.6-DETAILING: pass,Visually audited Section 13 or 14.1 procedure with explicit engineering inputs and documented external boundaries.
SP16-PROC-14.1.7-MAXIMUM-LEG,СП 16.13330.2017 «Стальные конструкции»,14.1.7,84-85,Calculate maximum fillet-weld leg.,standard_core/brittle_fracture_and_welded_connections.py,maximum_fillet_weld_leg_clause_14_1_7,implemented,passed: tests/test_brittle_fracture_and_welded_connections.py,V15-SP16-PROC-14.1.7-MAXIMUM-LEG: pass,Visually audited Section 13 or 14.1 procedure with explicit engineering inputs and documented external boundaries.
SP16-PROC-14.1.7-MINIMUM-LENGTH,СП 16.13330.2017 «Стальные конструкции»,14.1.7,84-85,Calculate minimum design length of a fillet weld.,standard_core/brittle_fracture_and_welded_connections.py,minimum_fillet_weld_design_length_clause_14_1_7,implemented,passed: tests/test_brittle_fracture_and_welded_connections.py,V15-SP16-PROC-14.1.7-MINIMUM-LENGTH: pass,Visually audited Section 13 or 14.1 procedure with explicit engineering inputs and documented external boundaries.
SP16-PROC-14.1.7-MAXIMUM-FLANK-LENGTH,СП 16.13330.2017 «Стальные конструкции»,14.1.7,84-85,Calculate maximum flank-weld length.,standard_core/brittle_fracture_and_welded_connections.py,maximum_flank_weld_length_clause_14_1_7,implemented,passed: tests/test_brittle_fracture_and_welded_connections.py,V15-SP16-PROC-14.1.7-MAXIMUM-FLANK-LENGTH: pass,Visually audited Section 13 or 14.1 procedure with explicit engineering inputs and documented external boundaries.
SP16-PROC-14.1.7-MINIMUM-LAP,СП 16.13330.2017 «Стальные конструкции»,14.1.7,84-85,Calculate minimum lap length.,standard_core/brittle_fracture_and_welded_connections.py,minimum_lap_length_clause_14_1_7,implemented,passed: tests/test_brittle_fracture_and_welded_connections.py,V15-SP16-PROC-14.1.7-MINIMUM-LAP: pass,Visually audited Section 13 or 14.1 procedure with explicit engineering inputs and documented external boundaries.
SP16-PROC-14.1.8-CONSUMABLE-COMPATIBILITY,СП 16.13330.2017 «Стальные конструкции»,14.1.8,85,Check welding-consumable compatibility inequalities.,standard_core/brittle_fracture_and_welded_connections.py,welding_consumable_compatibility_clause_14_1_8,implemented,passed: tests/test_brittle_fracture_and_welded_connections.py,V15-SP16-PROC-14.1.8-CONSUMABLE-COMPATIBILITY: pass,Visually audited Section 13 or 14.1 procedure with explicit engineering inputs and documented external boundaries.
SP16-PROC-14.1.9-ONE-SIDED-ROUTE,СП 16.13330.2017 «Стальные конструкции»,14.1.9,85,Route one-sided fillet-weld applicability.,standard_core/brittle_fracture_and_welded_connections.py,one_sided_fillet_weld_route_clause_14_1_9,implemented,passed: tests/test_brittle_fracture_and_welded_connections.py,V15-SP16-PROC-14.1.9-ONE-SIDED-ROUTE: pass,Visually audited Section 13 or 14.1 procedure with explicit engineering inputs and documented external boundaries.
SP16-PROC-14.1.10-INTERMITTENT-ROUTE,СП 16.13330.2017 «Стальные конструкции»,14.1.10,85-86,Route intermittent-weld applicability.,standard_core/brittle_fracture_and_welded_connections.py,intermittent_weld_applicability_clause_14_1_10,implemented,passed: tests/test_brittle_fracture_and_welded_connections.py,V15-SP16-PROC-14.1.10-INTERMITTENT-ROUTE: pass,Visually audited Section 13 or 14.1 procedure with explicit engineering inputs and documented external boundaries.
SP16-PROC-14.1.10-INTERMITTENT-SPACING,СП 16.13330.2017 «Стальные конструкции»,14.1.10,85-86,Calculate maximum intermittent-weld spacing.,standard_core/brittle_fracture_and_welded_connections.py,intermittent_weld_spacing_limit_clause_14_1_10,implemented,passed: tests/test_brittle_fracture_and_welded_connections.py,V15-SP16-PROC-14.1.10-INTERMITTENT-SPACING: pass,Visually audited Section 13 or 14.1 procedure with explicit engineering inputs and documented external boundaries.
SP16-PROC-14.1.10-END-WELD-LENGTH,СП 16.13330.2017 «Стальные конструкции»,14.1.10,85-86,Calculate minimum end-weld length.,standard_core/brittle_fracture_and_welded_connections.py,end_weld_minimum_length_clause_14_1_10,implemented,passed: tests/test_brittle_fracture_and_welded_connections.py,V15-SP16-PROC-14.1.10-END-WELD-LENGTH: pass,Visually audited Section 13 or 14.1 procedure with explicit engineering inputs and documented external boundaries.
SP16-PROC-14.1.11-PERIMETER-WELD-ROUTE,СП 16.13330.2017 «Стальные конструкции»,14.1.11-14.1.12,86,Route perimeter and plug weld details.,standard_core/brittle_fracture_and_welded_connections.py,perimeter_or_plug_weld_route_clause_14_1_11_14_1_12,implemented,passed: tests/test_brittle_fracture_and_welded_connections.py,V15-SP16-PROC-14.1.11-PERIMETER-WELD-ROUTE: pass,Visually audited Section 13 or 14.1 procedure with explicit engineering inputs and documented external boundaries.
SP16-PROC-14.1.12-PLUG-WELD-REQUIREMENTS,СП 16.13330.2017 «Стальные конструкции»,14.1.12,86,"Check plug-weld thickness, dimensions, and spacing.",standard_core/brittle_fracture_and_welded_connections.py,plug_weld_requirements_clause_14_1_12,implemented,passed: tests/test_brittle_fracture_and_welded_connections.py,V15-SP16-PROC-14.1.12-PLUG-WELD-REQUIREMENTS: pass,Visually audited Section 13 or 14.1 procedure with explicit engineering inputs and documented external boundaries.
SP16-PROC-14.1.13-COMBINED-DISTRIBUTION,СП 16.13330.2017 «Стальные конструкции»,14.1.13,86,Distribute force between friction bolts and welds by capacities.,standard_core/brittle_fracture_and_welded_connections.py,combined_connection_force_distribution_clause_14_1_13,implemented,passed: tests/test_brittle_fracture_and_welded_connections.py,V15-SP16-PROC-14.1.13-COMBINED-DISTRIBUTION: pass,Visually audited Section 13 or 14.1 procedure with explicit engineering inputs and documented external boundaries.
SP16-PROC-14.1.14-BUTT-LENGTH,СП 16.13330.2017 «Стальные конструкции»,14.1.14,86,Calculate effective butt-weld length.,standard_core/brittle_fracture_and_welded_connections.py,effective_butt_weld_length_clause_14_1_14,implemented,passed: tests/test_brittle_fracture_and_welded_connections.py,V15-SP16-PROC-14.1.14-BUTT-LENGTH: pass,Visually audited Section 13 or 14.1 procedure with explicit engineering inputs and documented external boundaries.
SP16-PROC-14.1.14-RESISTANCE-BRANCH,СП 16.13330.2017 «Стальные конструкции»,14.1.14,86,Select yield or ultimate butt-weld resistance branch.,standard_core/brittle_fracture_and_welded_connections.py,butt_weld_resistance_branch_clause_14_1_14,implemented,passed: tests/test_brittle_fracture_and_welded_connections.py,V15-SP16-PROC-14.1.14-RESISTANCE-BRANCH: pass,Visually audited Section 13 or 14.1 procedure with explicit engineering inputs and documented external boundaries.
SP16-PROC-14.1.15-COMBINED-BUTT-STRESS,СП 16.13330.2017 «Стальные конструкции»,14.1.15,86-87,Check combined butt-weld stress using equation (44).,standard_core/brittle_fracture_and_welded_connections.py,butt_weld_combined_stress_clause_14_1_15,implemented,passed: tests/test_brittle_fracture_and_welded_connections.py,V15-SP16-PROC-14.1.15-COMBINED-BUTT-STRESS: pass,Visually audited Section 13 or 14.1 procedure with explicit engineering inputs and documented external boundaries.
SP16-PROC-14.1.16-FILLET-LENGTH,СП 16.13330.2017 «Стальные конструкции»,14.1.16,87,Calculate total effective fillet-weld length.,standard_core/brittle_fracture_and_welded_connections.py,fillet_weld_effective_length_clause_14_1_16,implemented,passed: tests/test_brittle_fracture_and_welded_connections.py,V15-SP16-PROC-14.1.16-FILLET-LENGTH: pass,Visually audited Section 13 or 14.1 procedure with explicit engineering inputs and documented external boundaries.
SP16-PROC-14.1.16-GOVERNING-PLANE,СП 16.13330.2017 «Стальные конструкции»,14.1.16,87,Select governing fillet-weld calculation plane.,standard_core/brittle_fracture_and_welded_connections.py,fillet_weld_governing_plane_clause_14_1_16,implemented,passed: tests/test_brittle_fracture_and_welded_connections.py,V15-SP16-PROC-14.1.16-GOVERNING-PLANE: pass,Visually audited Section 13 or 14.1 procedure with explicit engineering inputs and documented external boundaries.
SP16-PROC-14.1.20-SPOT-BETA,СП 16.13330.2017 «Стальные конструкции»,14.1.20,90,Calculate arc spot-weld beta from thickness ratio.,standard_core/brittle_fracture_and_welded_connections.py,spot_weld_beta_clause_14_1_20,implemented,passed: tests/test_brittle_fracture_and_welded_connections.py,V15-SP16-PROC-14.1.20-SPOT-BETA: pass,Visually audited Section 13 or 14.1 procedure with explicit engineering inputs and documented external boundaries.
SP16-PROC-14.1.20-SPOT-CAPACITY,СП 16.13330.2017 «Стальные конструкции»,14.1.20,90,Select governing arc spot-weld capacity.,standard_core/brittle_fracture_and_welded_connections.py,spot_weld_governing_capacity_clause_14_1_20,implemented,passed: tests/test_brittle_fracture_and_welded_connections.py,V15-SP16-PROC-14.1.20-SPOT-CAPACITY: pass,Visually audited Section 13 or 14.1 procedure with explicit engineering inputs and documented external boundaries.
SP16-PROC-14.2.1-BOLT-STANDARD-ROUTE,СП 16.13330.2017 «Стальные конструкции»,14.2.1,90,External bolt product-standard route,standard_core/bolted_and_friction_connections.py,bolted_and_friction_external_requirements,implemented,tests/test_bolted_and_friction_connections.py,implementation_self_check_passed,Procedure extracted and classified from clauses 14.2-14.3; external evidence boundaries remain explicit.
SP16-PROC-14.2.2-14.2.8-DETAILING,СП 16.13330.2017 «Стальные конструкции»,14.2.2-14.2.8,90-92,"Bolt placement, holes, washers, thread and detailing checks",standard_core/bolted_and_friction_connections.py,table_40_check_layout,implemented,tests/test_bolted_and_friction_connections.py,implementation_self_check_passed,Procedure extracted and classified from clauses 14.2-14.3; external evidence boundaries remain explicit.
SP16-PROC-14.2.10-LONG-JOINT,СП 16.13330.2017 «Стальные конструкции»,14.2.10,93,Long-joint reduction factor,standard_core/bolted_and_friction_connections.py,long_joint_reduction_factor_14_2_10,implemented,tests/test_bolted_and_friction_connections.py,implementation_self_check_passed,Procedure extracted and classified from clauses 14.2-14.3; external evidence boundaries remain explicit.
SP16-PROC-14.2.11-MOMENT-DISTRIBUTION,СП 16.13330.2017 «Стальные конструкции»,14.2.11,93,Moment distribution proportional to bolt radius,standard_core/bolted_and_friction_connections.py,bolt_group_force_distribution_14_2_11_12,implemented,tests/test_bolted_and_friction_connections.py,implementation_self_check_passed,Procedure extracted and classified from clauses 14.2-14.3; external evidence boundaries remain explicit.
SP16-PROC-14.2.12-FORCE-MOMENT-DISTRIBUTION,СП 16.13330.2017 «Стальные конструкции»,14.2.12,93,Combined force and moment bolt-group distribution,standard_core/bolted_and_friction_connections.py,bolt_group_force_distribution_14_2_11_12,implemented,tests/test_bolted_and_friction_connections.py,implementation_self_check_passed,Procedure extracted and classified from clauses 14.2-14.3; external evidence boundaries remain explicit.
SP16-PROC-14.2.14-BOLT-COUNT-INCREASE,СП 16.13330.2017 «Стальные конструкции»,14.2.14,94,"Bolt-count increases for packings, one-sided plates and short pieces",standard_core/bolted_and_friction_connections.py,bolt_count_detailing_adjustment_14_2_14,implemented,tests/test_bolted_and_friction_connections.py,implementation_self_check_passed,Procedure extracted and classified from clauses 14.2-14.3; external evidence boundaries remain explicit.
SP16-PROC-14.2.15-ANCHOR-EXTERNAL-ROUTE,СП 16.13330.2017 «Стальные конструкции»,14.2.15,94,Anchor-bolt external reference route,standard_core/bolted_and_friction_connections.py,bolted_and_friction_external_requirements,implemented,tests/test_bolted_and_friction_connections.py,implementation_self_check_passed,Procedure extracted and classified from clauses 14.2-14.3; external evidence boundaries remain explicit.
SP16-PROC-14.3.1-14.3.2-APPLICATION,СП 16.13330.2017 «Стальные конструкции»,14.3.1-14.3.2,94,Friction-connection applicability and controlled-tension hardware route,standard_core/bolted_and_friction_connections.py,bolted_and_friction_external_requirements,implemented,tests/test_bolted_and_friction_connections.py,implementation_self_check_passed,Procedure extracted and classified from clauses 14.2-14.3; external evidence boundaries remain explicit.
SP16-PROC-14.3.4-GAMMA-B,СП 16.13330.2017 «Стальные конструкции»,14.3.4,95,Friction connection working factor by bolt count,standard_core/bolted_and_friction_connections.py,friction_connection_working_factor_14_3_4,implemented,tests/test_bolted_and_friction_connections.py,implementation_self_check_passed,Procedure extracted and classified from clauses 14.2-14.3; external evidence boundaries remain explicit.
SP16-PROC-14.3.5-FORCE-MOMENT-DISTRIBUTION,СП 16.13330.2017 «Стальные конструкции»,14.3.5,95,Friction-bolt force and moment distribution,standard_core/bolted_and_friction_connections.py,bolt_group_force_distribution_14_2_11_12,implemented,tests/test_bolted_and_friction_connections.py,implementation_self_check_passed,Procedure extracted and classified from clauses 14.2-14.3; external evidence boundaries remain explicit.
SP16-PROC-14.3.6-TENSION-REDUCTION,СП 16.13330.2017 «Стальные конструкции»,14.3.6,95,Reduction for bolt tension in friction connection,standard_core/bolted_and_friction_connections.py,friction_tension_reduction_14_3_6,implemented,tests/test_bolted_and_friction_connections.py,implementation_self_check_passed,Procedure extracted and classified from clauses 14.2-14.3; external evidence boundaries remain explicit.
SP16-PROC-14.3.7-DIAMETER-CHECK,СП 16.13330.2017 «Стальные конструкции»,14.3.7,95,Bolt diameter versus package thickness,standard_core/bolted_and_friction_connections.py,friction_bolt_diameter_check_14_3_7,implemented,tests/test_bolted_and_friction_connections.py,implementation_self_check_passed,Procedure extracted and classified from clauses 14.2-14.3; external evidence boundaries remain explicit.
SP16-PROC-14.3.8-14.3.9-DOCUMENTATION-ACCESS,СП 16.13330.2017 «Стальные конструкции»,14.3.8-14.3.9,95-96,Project documentation and access requirements,standard_core/bolted_and_friction_connections.py,bolted_and_friction_external_requirements,implemented,tests/test_bolted_and_friction_connections.py,implementation_self_check_passed,Procedure extracted and classified from clauses 14.2-14.3; external evidence boundaries remain explicit.
SP16-PROC-14.3.10-WASHER,СП 16.13330.2017 «Стальные конструкции»,14.3.10,96,Washer arrangement for enlarged head and nut,standard_core/bolted_and_friction_connections.py,friction_connection_washer_requirement_14_3_10,implemented,tests/test_bolted_and_friction_connections.py,implementation_self_check_passed,Procedure extracted and classified from clauses 14.2-14.3; external evidence boundaries remain explicit.
SP16-PROC-14.3.11-EFFECTIVE-AREA,СП 16.13330.2017 «Стальные конструкции»,14.3.11,96,Area selection for elements weakened by friction-connection holes,standard_core/bolted_and_friction_connections.py,friction_connection_effective_area_14_3_11,implemented,tests/test_bolted_and_friction_connections.py,implementation_self_check_passed,Procedure extracted and classified from clauses 14.2-14.3; external evidence boundaries remain explicit.
SP16-PROC-14.4.1-SHEAR-FLOW,СП 16.13330.2017 «Стальные конструкции»,14.4.1,96,Calculate T=QS/I using gross flange static moment and gross section inertia,standard_core/built_up_beam_flange_connections.py,flange_shear_flow_t_n_mm,implemented,tests/test_built_up_beam_flange_connections.py,implementation_self_check_passed,Procedure visually extracted from supplied PDF pages 96-97; external geometry/evidence boundaries remain explicit.
SP16-PROC-14.4.1-LOCAL-PRESSURE-FLOW,СП 16.13330.2017 «Стальные конструкции»,14.4.1,97,Calculate V=gamma_f gamma_f1 F_n/l_ef,standard_core/built_up_beam_flange_connections.py,local_load_line_pressure_v_n_mm,implemented,tests/test_built_up_beam_flange_connections.py,implementation_self_check_passed,Procedure visually extracted from supplied PDF pages 96-97; external geometry/evidence boundaries remain explicit.
SP16-PROC-14.4.1-LOAD-ROUTE,СП 16.13330.2017 «Стальные конструкции»,14.4.1,96,Route specified stationary lower-flange and unstiffened upper-flange loads to moving-load formulas,standard_core/built_up_beam_flange_connections.py,table_43_load_route,implemented,tests/test_built_up_beam_flange_connections.py,implementation_self_check_passed,Procedure visually extracted from supplied PDF pages 96-97; external geometry/evidence boundaries remain explicit.
SP16-PROC-14.4.1-ALPHA,СП 16.13330.2017 «Стальные конструкции»,14.4.1,97,Select alpha=0.4 or 1.0 from loaded flange and web-edge planing condition,standard_core/built_up_beam_flange_connections.py,table_43_alpha,implemented,tests/test_built_up_beam_flange_connections.py,implementation_self_check_passed,Procedure visually extracted from supplied PDF pages 96-97; external geometry/evidence boundaries remain explicit.
SP16-PROC-14.4.1-FULL-PENETRATION-WELD,СП 16.13330.2017 «Стальные конструкции»,14.4.1,96,Classify full-web-thickness penetration weld as equal-strength with the web,standard_core/built_up_beam_flange_connections.py,full_penetration_web_weld_equivalence_14_4_1,implemented,tests/test_built_up_beam_flange_connections.py,implementation_self_check_passed,Procedure visually extracted from supplied PDF pages 96-97; external geometry/evidence boundaries remain explicit.
SP16-PROC-14.4.2-MULTILAYER-FLANGE-SHEET,СП 16.13330.2017 «Стальные конструкции»,14.4.2,97,Determine half or full sheet attachment force around theoretical and actual cutoffs,standard_core/built_up_beam_flange_connections.py,multilayer_flange_sheet_attachment_force_14_4_2,implemented,tests/test_built_up_beam_flange_connections.py,implementation_self_check_passed,Procedure visually extracted from supplied PDF pages 96-97; external geometry/evidence boundaries remain explicit.
SP16-PROC-15-CLASSIFICATION,СП 16.13330.2017 «Стальные конструкции»,15,97-108,"Classify every Section 15 clause as formula, direct detailing check, linked calculation, evidence route, or external-analysis boundary.",standard_core/structural_detailing_and_support_bearings.py,section_15_requirement_catalog,implemented,tests/test_structural_detailing_and_support_bearings.py,V18-SP16-PROC-15-CLASSIFICATION: pass,Visually audited Section 15 procedure; direct formulas and evidence/external-analysis boundaries remain explicit.
SP16-PROC-15.1-TABLE-44-LOOKUP,СП 16.13330.2017 «Стальные конструкции»,15.1,97-98,"Look up the exact Table 44 maximum distance for category, direction, and temperature branch.",standard_core/structural_detailing_and_support_bearings.py,table_44_maximum_spacing_m,implemented,tests/test_structural_detailing_and_support_bearings.py,V18-SP16-TBL-44: pass,Visually audited Section 15 procedure; direct formulas and evidence/external-analysis boundaries remain explicit.
SP16-PROC-15.1-SPACING-ASSESSMENT,СП 16.13330.2017 «Стальные конструкции»,15.1,97,Separate Table 44 compliance from the more-than-five-percent or increased-stiffness enhanced-analysis trigger.,standard_core/structural_detailing_and_support_bearings.py,temperature_joint_spacing_assessment_15_1,implemented,tests/test_structural_detailing_and_support_bearings.py,V18-SP16-PROC-15.1-SPACING-ASSESSMENT: pass,Visually audited Section 15 procedure; direct formulas and evidence/external-analysis boundaries remain explicit.
SP16-PROC-15.1-PAIRED-BRACING,СП 16.13330.2017 «Стальные конструкции»,15.1,98,Apply the note limits for spacing between two vertical bracing systems inside a temperature block.,standard_core/structural_detailing_and_support_bearings.py,paired_vertical_bracing_max_spacing_m_15_1,implemented,tests/test_structural_detailing_and_support_bearings.py,V18-SP16-PROC-15.1-PAIRED-BRACING: pass,Visually audited Section 15 procedure; direct formulas and evidence/external-analysis boundaries remain explicit.
SP16-PROC-15.12.1-BEARING-SELECTION,СП 16.13330.2017 «Стальные конструкции»,15.12.1,107,"Route fixed and movable bearing categories from uniform-pressure, reaction, and horizontal-force requirements.",standard_core/structural_detailing_and_support_bearings.py,support_bearing_selection_15_12_1,implemented,tests/test_structural_detailing_and_support_bearings.py,V18-SP16-PROC-15.12.1-BEARING-SELECTION: pass,Visually audited Section 15 procedure; direct formulas and evidence/external-analysis boundaries remain explicit.
SP16-PROC-15.12.1-FRICTION,СП 16.13330.2017 «Стальные конструкции»,15.12.1,107,Return the fixed friction coefficient for flat sliding or roller movable supports.,standard_core/structural_detailing_and_support_bearings.py,support_bearing_friction_coefficient_15_12_1,implemented,tests/test_structural_detailing_and_support_bearings.py,V18-SP16-PROC-15.12.1-FRICTION: pass,Visually audited Section 15 procedure; direct formulas and evidence/external-analysis boundaries remain explicit.
SP16-PROC-15.12.2-ANGLE-APPLICABILITY,СП 16.13330.2017 «Стальные конструкции»,15.12.2,107-108,Enforce the central contact-angle condition of at least 90 degrees before equation (199).,standard_core/structural_detailing_and_support_bearings.py,cylindrical_hinge_bearing_check_15_12_2,implemented,tests/test_structural_detailing_and_support_bearings.py,V18-SP16-PROC-15.12.2-ANGLE-APPLICABILITY: pass,Visually audited Section 15 procedure; direct formulas and evidence/external-analysis boundaries remain explicit.
SP16-PROC-15.12.3-ROLLER-CHECK,СП 16.13330.2017 «Стальные конструкции»,15.12.3,108,"Return equation (200) capacity, utilization, and pass/fail for a roller support.",standard_core/structural_detailing_and_support_bearings.py,roller_bearing_check_15_12_3,implemented,tests/test_structural_detailing_and_support_bearings.py,V18-SP16-PROC-15.12.3-ROLLER-CHECK: pass,Visually audited Section 15 procedure; direct formulas and evidence/external-analysis boundaries remain explicit.
SP16-PROC-16.1-MATERIAL-ROUTE,СП 16.13330.2017 «Стальные конструкции»,16.1,108,Route materials to Section 5 and Annex V,standard_core/overhead_line_and_switchyard_supports.py,section_16_applicability_route,implemented,passed: tests/test_overhead_line_and_switchyard_supports.py,V19-SP16-PROC-16.1-MATERIAL-ROUTE: pass,Implemented as an explicit scalar check or auditable routing procedure; global loads and geometry classification remain external where the clause supplies no scalar method.
SP16-PROC-16.1A-GROUP,СП 16.13330.2017 «Стальные конструкции»,16.1a,108,"Classify VL, ORU and KS structures into groups 1-4",standard_core/overhead_line_and_switchyard_supports.py,section_16_applicability_route,implemented,passed: tests/test_overhead_line_and_switchyard_supports.py,V19-SP16-PROC-16.1A-GROUP: pass,Implemented as an explicit scalar check or auditable routing procedure; global loads and geometry classification remain external where the clause supplies no scalar method.
SP16-PROC-16.2-BOLT-ROUTE,СП 16.13330.2017 «Стальные конструкции»,16.2,108,Route bolt selection and fatigue requirements,standard_core/overhead_line_and_switchyard_supports.py,section_16_applicability_route,implemented,passed: tests/test_overhead_line_and_switchyard_supports.py,V19-SP16-PROC-16.2-BOLT-ROUTE: pass,Implemented as an explicit scalar check or auditable routing procedure; global loads and geometry classification remain external where the clause supplies no scalar method.
SP16-PROC-16.4-TABLE-45,СП 16.13330.2017 «Стальные конструкции»,16.4,109,Select Table 45 working-condition factor,standard_core/overhead_line_and_switchyard_supports.py,table_45_working_condition_factor,implemented,passed: tests/test_overhead_line_and_switchyard_supports.py,V19-SP16-PROC-16.4-TABLE-45: pass,Implemented as an explicit scalar check or auditable routing procedure; global loads and geometry classification remain external where the clause supplies no scalar method.
SP16-PROC-16.4-NO-RY-RU-SUBSTITUTION,СП 16.13330.2017 «Стальные конструкции»,16.4,109,Preserve clause restriction on resistance substitution,standard_core/overhead_line_and_switchyard_supports.py,section_16_applicability_route,implemented,passed: tests/test_overhead_line_and_switchyard_supports.py,V19-SP16-PROC-16.4-NO-RY-RU-SUBSTITUTION: pass,Implemented as an explicit scalar check or auditable routing procedure; global loads and geometry classification remain external where the clause supplies no scalar method.
SP16-PROC-16.5-PYRAMIDAL-MU,СП 16.13330.2017 «Стальные конструкции»,16.5,109,Calculate pyramidal support coefficient mu,standard_core/overhead_line_and_switchyard_supports.py,pyramidal_effective_length_factor_clause_16_5,implemented,passed: tests/test_overhead_line_and_switchyard_supports.py,V19-SP16-PROC-16.5-PYRAMIDAL-MU: pass,Implemented as an explicit scalar check or auditable routing procedure; global loads and geometry classification remain external where the clause supplies no scalar method.
SP16-PROC-16.7-BOLT-ECCENTRICITY,СП 16.13330.2017 «Стальные конструкции»,16.7,110,Apply explicit bolted-node eccentricity route,standard_core/overhead_line_and_switchyard_supports.py,angle_member_eccentricity_factors_clause_16_12,implemented,passed: tests/test_overhead_line_and_switchyard_supports.py,V19-SP16-PROC-16.7-BOLT-ECCENTRICITY: pass,Implemented as an explicit scalar check or auditable routing procedure; global loads and geometry classification remain external where the clause supplies no scalar method.
SP16-PROC-16.8-AUXILIARIES,СП 16.13330.2017 «Стальные конструкции»,16.8,110,"Calculate initial bow, equivalent inertia and second-order delta",standard_core/overhead_line_and_switchyard_supports.py,guyed_support_second_order_auxiliaries,implemented,passed: tests/test_overhead_line_and_switchyard_supports.py,V19-SP16-PROC-16.8-AUXILIARIES: pass,Implemented as an explicit scalar check or auditable routing procedure; global loads and geometry classification remain external where the clause supplies no scalar method.
SP16-PROC-16.10-BIAXIAL-GOVERNING,СП 16.13330.2017 «Стальные конструкции»,16.10,111,Select governing additional chord force for biaxial bending,standard_core/overhead_line_and_switchyard_supports.py,triangular_additional_chord_force_eq208,implemented,passed: tests/test_overhead_line_and_switchyard_supports.py,V19-SP16-PROC-16.10-BIAXIAL-GOVERNING: pass,Implemented as an explicit scalar check or auditable routing procedure; global loads and geometry classification remain external where the clause supplies no scalar method.
SP16-PROC-16.11-TRIANGULAR-SHEAR-ROUTE,СП 16.13330.2017 «Стальные конструкции»,16.11,111,Expose external triangular-lattice shear-force route,standard_core/overhead_line_and_switchyard_supports.py,section_16_applicability_route,implemented,passed: tests/test_overhead_line_and_switchyard_supports.py,V19-SP16-PROC-16.11-TRIANGULAR-SHEAR-ROUTE: pass,Implemented as an explicit scalar check or auditable routing procedure; global loads and geometry classification remain external where the clause supplies no scalar method.
SP16-PROC-16.12-ANGLE-ROUTING,СП 16.13330.2017 «Стальные конструкции»,16.12,111-113,Route single-angle eccentricity factors,standard_core/overhead_line_and_switchyard_supports.py,angle_member_eccentricity_factors_clause_16_12,implemented,passed: tests/test_overhead_line_and_switchyard_supports.py,V19-SP16-PROC-16.12-ANGLE-ROUTING: pass,Implemented as an explicit scalar check or auditable routing procedure; global loads and geometry classification remain external where the clause supplies no scalar method.
SP16-PROC-16.13-TRAVERSE-LENGTHS,СП 16.13330.2017 «Стальные конструкции»,16.13,113,Select traverse effective length and radius route,standard_core/overhead_line_and_switchyard_supports.py,section_16_detailing_checks,implemented,passed: tests/test_overhead_line_and_switchyard_supports.py,V19-SP16-PROC-16.13-TRAVERSE-LENGTHS: pass,Implemented as an explicit scalar check or auditable routing procedure; global loads and geometry classification remain external where the clause supplies no scalar method.
SP16-PROC-16.14-SLENDERNESS,СП 16.13330.2017 «Стальные конструкции»,16.14,113,Check first lower brace slenderness limit 160,standard_core/overhead_line_and_switchyard_supports.py,section_16_detailing_checks,implemented,passed: tests/test_overhead_line_and_switchyard_supports.py,V19-SP16-PROC-16.14-SLENDERNESS: pass,Implemented as an explicit scalar check or auditable routing procedure; global loads and geometry classification remain external where the clause supplies no scalar method.
SP16-PROC-16.15-TABLE-46,СП 16.13330.2017 «Стальные конструкции»,16.15,113-114,Check Table 46 support and traverse deformation limit,standard_core/overhead_line_and_switchyard_supports.py,table_46_deformation_check,implemented,passed: tests/test_overhead_line_and_switchyard_supports.py,V19-SP16-PROC-16.15-TABLE-46: pass,Implemented as an explicit scalar check or auditable routing procedure; global loads and geometry classification remain external where the clause supplies no scalar method.
SP16-PROC-16.16-DIAPHRAGM,СП 16.13330.2017 «Стальные конструкции»,16.16,114,Check diaphragm spacing and mandatory locations,standard_core/overhead_line_and_switchyard_supports.py,section_16_detailing_checks,implemented,passed: tests/test_overhead_line_and_switchyard_supports.py,V19-SP16-PROC-16.16-DIAPHRAGM: pass,Implemented as an explicit scalar check or auditable routing procedure; global loads and geometry classification remain external where the clause supplies no scalar method.
SP16-PROC-16.17-SINGLE-BOLT-EDGE,СП 16.13330.2017 «Стальные конструкции»,16.17,114,Check single-bolt tension-member edge distance,standard_core/overhead_line_and_switchyard_supports.py,section_16_detailing_checks,implemented,passed: tests/test_overhead_line_and_switchyard_supports.py,V19-SP16-PROC-16.17-SINGLE-BOLT-EDGE: pass,Implemented as an explicit scalar check or auditable routing procedure; global loads and geometry classification remain external where the clause supplies no scalar method.
SP16-PROC-16.18-BRACE-SIDES,СП 16.13330.2017 «Стальные конструкции»,16.18,114,Check brace arrangement on both sides of chord leg,standard_core/overhead_line_and_switchyard_supports.py,section_16_detailing_checks,implemented,passed: tests/test_overhead_line_and_switchyard_supports.py,V19-SP16-PROC-16.18-BRACE-SIDES: pass,Implemented as an explicit scalar check or auditable routing procedure; global loads and geometry classification remain external where the clause supplies no scalar method.
SP16-PROC-16.19-SPLICE-BOLTS,СП 16.13330.2017 «Стальные конструкции»,16.19,114,Check angle-chord splice bolt distribution and seven-bolt exception,standard_core/overhead_line_and_switchyard_supports.py,section_16_detailing_checks,implemented,passed: tests/test_overhead_line_and_switchyard_supports.py,V19-SP16-PROC-16.19-SPLICE-BOLTS: pass,Implemented as an explicit scalar check or auditable routing procedure; global loads and geometry classification remain external where the clause supplies no scalar method.
SP16-PROC-16.20-POLYGONAL-TUBE,СП 16.13330.2017 «Стальные конструкции»,16.20,114-115,Execute polygonal tube wall stability route,standard_core/overhead_line_and_switchyard_supports.py,polygonal_tube_wall_stability_check,implemented,passed: tests/test_overhead_line_and_switchyard_supports.py,V19-SP16-PROC-16.20-POLYGONAL-TUBE: pass,Implemented as an explicit scalar check or auditable routing procedure; global loads and geometry classification remain external where the clause supplies no scalar method.
SP16-PROC-16-EXTERNAL-LOADS,СП 16.13330.2017 «Стальные конструкции»,16.1-16.20,108-115,"Require external determination of loads, combinations and global actions",standard_core/overhead_line_and_switchyard_supports.py,section_16_applicability_route,implemented,passed: tests/test_overhead_line_and_switchyard_supports.py,V19-SP16-PROC-16-EXTERNAL-LOADS: pass,Implemented as an explicit scalar check or auditable routing procedure; global loads and geometry classification remain external where the clause supplies no scalar method.
SP16-PROC-17.1-MATERIAL-GROUP,СП 16.13330.2017 «Стальные конструкции»,17.1,115,Classify component group and enforce steel exclusions and pipe-grade list.,standard_core/antenna_structures.py,antenna_structure_material_group_route_clause_17_1,implemented,normal_boundary_unit_sign_tested,implementation_self_check_passed_no_standard_worked_example,Section 17 procedure visually verified on supplied PDF pages 115-118; external evidence boundaries remain explicit.
SP16-PROC-17.2-ROPE-SELECTION,СП 16.13330.2017 «Стальные конструкции»,17.2,115,"Route rope construction, zinc group, core, and locked-coil requirements.",standard_core/antenna_structures.py,steel_rope_selection_clause_17_2,implemented,normal_boundary_unit_sign_tested,implementation_self_check_passed_no_standard_worked_example,Section 17 procedure visually verified on supplied PDF pages 115-118; external evidence boundaries remain explicit.
SP16-PROC-17.3-ZINC-TERMINATION,СП 16.13330.2017 «Стальные конструкции»,17.3,115,"Check zinc alloy ЦАМ9-1,5Л for rope-end casting.",standard_core/antenna_structures.py,rope_end_zinc_alloy_check_clause_17_3,implemented,normal_boundary_unit_sign_tested,implementation_self_check_passed_no_standard_worked_example,Section 17 procedure visually verified on supplied PDF pages 115-118; external evidence boundaries remain explicit.
SP16-PROC-17.4-WIRE-ROUTE,СП 16.13330.2017 «Стальные конструкции»,17.4,115,Require Table B.2 wire selection and technological necessity for copper.,standard_core/antenna_structures.py,antenna_wire_material_route_clause_17_4,implemented,normal_boundary_unit_sign_tested,implementation_self_check_passed_no_standard_worked_example,Section 17 procedure visually verified on supplied PDF pages 115-118; external evidence boundaries remain explicit.
SP16-PROC-17.5-GAMMA-M,СП 16.13330.2017 «Стальные конструкции»,17.5,115-116,Select material safety factor for antenna wires.,standard_core/antenna_structures.py,wire_material_safety_factor_clause_17_5,implemented,normal_boundary_unit_sign_tested,implementation_self_check_passed_no_standard_worked_example,Section 17 procedure visually verified on supplied PDF pages 115-118; external evidence boundaries remain explicit.
SP16-PROC-17.5-DESIGN-TENSION,СП 16.13330.2017 «Стальные конструкции»,17.5,115-116,Calculate design tensile force from certified breaking force.,standard_core/antenna_structures.py,wire_design_tension_force_clause_17_5,implemented,normal_boundary_unit_sign_tested,implementation_self_check_passed_no_standard_worked_example,Section 17 procedure visually verified on supplied PDF pages 115-118; external evidence boundaries remain explicit.
SP16-PROC-17.6-TABLE-47,СП 16.13330.2017 «Стальные конструкции»,17.6,116,Look up working-condition factor from Table 47.,standard_core/antenna_structures.py,table_47_working_condition_factor,implemented,normal_boundary_unit_sign_tested,implementation_self_check_passed_no_standard_worked_example,Section 17 procedure visually verified on supplied PDF pages 115-118; external evidence boundaries remain explicit.
SP16-PROC-17.7-DEVIATION,СП 16.13330.2017 «Стальные конструкции»,17.7,116,Check 1/100 and 1/300 relative support-deviation limits.,standard_core/antenna_structures.py,support_relative_deviation_check_clause_17_7,implemented,normal_boundary_unit_sign_tested,implementation_self_check_passed_no_standard_worked_example,Section 17 procedure visually verified on supplied PDF pages 115-118; external evidence boundaries remain explicit.
SP16-PROC-17.8-ERECTION-CONNECTION,СП 16.13330.2017 «Стальные конструкции»,17.8,116,"Check erection bolt classes, pretension or welding, and installer agreement.",standard_core/antenna_structures.py,erection_connection_check_clause_17_8,implemented,normal_boundary_unit_sign_tested,implementation_self_check_passed_no_standard_worked_example,Section 17 procedure visually verified on supplied PDF pages 115-118; external evidence boundaries remain explicit.
SP16-PROC-17.9-LATTICE-AND-DEFLECTION,СП 16.13330.2017 «Стальные конструкции»,17.9,116-117,Check crossed-brace tying and 1/250 member deflections.,standard_core/antenna_structures.py,cross_lattice_and_platform_checks_clause_17_9,implemented,normal_boundary_unit_sign_tested,implementation_self_check_passed_no_standard_worked_example,Section 17 procedure visually verified on supplied PDF pages 115-118; external evidence boundaries remain explicit.
SP16-PROC-17.10-DIAPHRAGM,СП 16.13330.2017 «Стальные конструкции»,17.10,117,Check diaphragm spacing and mandatory locations.,standard_core/antenna_structures.py,diaphragm_check_clause_17_10,implemented,normal_boundary_unit_sign_tested,implementation_self_check_passed_no_standard_worked_example,Section 17 procedure visually verified on supplied PDF pages 115-118; external evidence boundaries remain explicit.
SP16-PROC-17.11-FLANGE-BOLTS,СП 16.13330.2017 «Стальные конструкции»,17.11,117,"Check one-circle, minimum-diameter, equally spaced flange bolts.",standard_core/antenna_structures.py,pipe_flange_bolt_layout_check_clause_17_11,implemented,normal_boundary_unit_sign_tested,implementation_self_check_passed_no_standard_worked_example,Section 17 procedure visually verified on supplied PDF pages 115-118; external evidence boundaries remain explicit.
SP16-PROC-17.12-NODE-DETAILING,СП 16.13330.2017 «Стальные конструкции»,17.12,117,"Check node centering, eccentricity route, and slot-end drilling.",standard_core/antenna_structures.py,truss_node_detailing_checks_clause_17_12,implemented,normal_boundary_unit_sign_tested,implementation_self_check_passed_no_standard_worked_example,Section 17 procedure visually verified on supplied PDF pages 115-118; external evidence boundaries remain explicit.
SP16-PROC-17.13-GUY-ATTACHMENT,СП 16.13330.2017 «Стальные конструкции»,17.13,117,"Check guy centering, eye-plate stiffening, and transport inserts.",standard_core/antenna_structures.py,guy_attachment_detailing_checks_clause_17_13,implemented,normal_boundary_unit_sign_tested,implementation_self_check_passed_no_standard_worked_example,Section 17 procedure visually verified on supplied PDF pages 115-118; external evidence boundaries remain explicit.
SP16-PROC-17.14-FLEXIBLE-INSERT,СП 16.13330.2017 «Стальные конструкции»,17.14,117,Check flexible cable insert clear length of at least 20 diameters.,standard_core/antenna_structures.py,flexible_cable_insert_check_clause_17_14,implemented,normal_boundary_unit_sign_tested,implementation_self_check_passed_no_standard_worked_example,Section 17 procedure visually verified on supplied PDF pages 115-118; external evidence boundaries remain explicit.
SP16-PROC-17.15-MECHANICAL-EVIDENCE,СП 16.13330.2017 «Стальные конструкции»,17.15,117,Check strength/fatigue-tested standard details and rounded thread roots.,standard_core/antenna_structures.py,mechanical_detail_evidence_clause_17_15,implemented,normal_boundary_unit_sign_tested,implementation_self_check_passed_no_standard_worked_example,Section 17 procedure visually verified on supplied PDF pages 115-118; external evidence boundaries remain explicit.
SP16-PROC-17.16-DAMPER-ROUTE,СП 16.13330.2017 «Стальные конструкции»,17.16,117,"Check paired low/high-frequency dampers, span trigger, and galloping route.",standard_core/antenna_structures.py,vibration_damper_design_clause_17_16,implemented,normal_boundary_unit_sign_tested,implementation_self_check_passed_no_standard_worked_example,Section 17 procedure visually verified on supplied PDF pages 115-118; external evidence boundaries remain explicit.
SP16-PROC-17.17-MARKING,СП 16.13330.2017 «Стальные конструкции»,17.17,117,Record external obstacle marking and lighting compliance.,standard_core/antenna_structures.py,obstruction_marking_and_lighting_check_clause_17_17,implemented,normal_boundary_unit_sign_tested,implementation_self_check_passed_no_standard_worked_example,Section 17 procedure visually verified on supplied PDF pages 115-118; external evidence boundaries remain explicit.
SP16-PROC-17.18-GALVANIZING,СП 16.13330.2017 «Стальные конструкции»,17.18,117-118,"Check galvanizing of guy details, insulator fittings, and fasteners.",standard_core/antenna_structures.py,galvanizing_check_clause_17_18,implemented,normal_boundary_unit_sign_tested,implementation_self_check_passed_no_standard_worked_example,Section 17 procedure visually verified on supplied PDF pages 115-118; external evidence boundaries remain explicit.
SP16-PROC-17-EXTERNAL-LOADS,СП 16.13330.2017 «Стальные конструкции»,17.1-17.18,115-118,"Expose external load, product, testing, fabrication, and regulatory boundaries.",standard_core/antenna_structures.py,antenna_structure_material_group_route_clause_17_1,implemented,normal_boundary_unit_sign_tested,implementation_self_check_passed_no_standard_worked_example,Section 17 procedure visually verified on supplied PDF pages 115-118; external evidence boundaries remain explicit.
SP16-PROC-18.1.1-CONDITION-CATEGORY,СП 16.13330.2017 «Стальные конструкции»,18.1.1,118,Classify surveyed technical condition,standard_core/reconstruction_assessment.py,technical_condition_category_clause_18_1_1,implemented,passed: tests/test_reconstruction_assessment.py,V21-SP16-PROC-18.1.1-CONDITION-CATEGORY: pass,Section 18 procedure visually verified on supplied PDF pages 118-125; evidence and external calculation boundaries remain explicit.
SP16-PROC-18.1.2-MONITORING-AND-STRENGTHENING,СП 16.13330.2017 «Стальные конструкции»,18.1.2,118,Check monitoring and smooth strengthening engagement,standard_core/reconstruction_assessment.py,strengthening_and_monitoring_route_clause_18_1_2,implemented,passed: tests/test_reconstruction_assessment.py,V21-SP16-PROC-18.1.2-MONITORING-AND-STRENGTHENING: pass,Section 18 procedure visually verified on supplied PDF pages 118-125; evidence and external calculation boundaries remain explicit.
SP16-PROC-18.1.3-CALCULATION-EXEMPTION,СП 16.13330.2017 «Стальные конструкции»,18.1.3,118,Determine verification-calculation exemption,standard_core/reconstruction_assessment.py,verification_calculation_exemption_clause_18_1_3,implemented,passed: tests/test_reconstruction_assessment.py,V21-SP16-PROC-18.1.3-CALCULATION-EXEMPTION: pass,Section 18 procedure visually verified on supplied PDF pages 118-125; evidence and external calculation boundaries remain explicit.
SP16-PROC-18.2.1-MATERIAL-EVIDENCE,СП 16.13330.2017 «Стальные конструкции»,18.2.1,118,Check certificate or sample-test route,standard_core/reconstruction_assessment.py,material_evidence_route_clause_18_2_1,implemented,passed: tests/test_reconstruction_assessment.py,V21-SP16-PROC-18.2.1-MATERIAL-EVIDENCE: pass,Section 18 procedure visually verified on supplied PDF pages 118-125; evidence and external calculation boundaries remain explicit.
SP16-PROC-18.2.2-TEST-PROGRAM,СП 16.13330.2017 «Стальные конструкции»,18.2.2,118-119,Check required metal test program,standard_core/reconstruction_assessment.py,metal_test_program_clause_18_2_2,implemented,passed: tests/test_reconstruction_assessment.py,V21-SP16-PROC-18.2.2-TEST-PROGRAM: pass,Section 18 procedure visually verified on supplied PDF pages 118-125; evidence and external calculation boundaries remain explicit.
SP16-PROC-18.2.3-PRE1950-INSTITUTE,СП 16.13330.2017 «Стальные конструкции»,18.2.3,119,Enforce specialized-institute route for pre-1950 steel,standard_core/reconstruction_assessment.py,pre_1950_specialized_institute_route_clause_18_2_3,implemented,passed: tests/test_reconstruction_assessment.py,V21-SP16-PROC-18.2.3-PRE1950-INSTITUTE: pass,Section 18 procedure visually verified on supplied PDF pages 118-125; evidence and external calculation boundaries remain explicit.
SP16-PROC-18.2.4-EXISTING-STEEL-RESISTANCE,СП 16.13330.2017 «Стальные конструкции»,18.2.4,119,Determine existing-steel design resistances,standard_core/reconstruction_assessment.py,existing_steel_design_resistances_clause_18_2_4,implemented,passed: tests/test_reconstruction_assessment.py,V21-SP16-PROC-18.2.4-EXISTING-STEEL-RESISTANCE: pass,Section 18 procedure visually verified on supplied PDF pages 118-125; evidence and external calculation boundaries remain explicit.
SP16-PROC-18.2.5-EXISTING-WELD-RESISTANCE,СП 16.13330.2017 «Стальные конструкции»,18.2.5,119,Determine conservative existing-weld defaults,standard_core/reconstruction_assessment.py,existing_weld_resistance_defaults_clause_18_2_5,implemented,passed: tests/test_reconstruction_assessment.py,V21-SP16-PROC-18.2.5-EXISTING-WELD-RESISTANCE: pass,Section 18 procedure visually verified on supplied PDF pages 118-125; evidence and external calculation boundaries remain explicit.
SP16-PROC-18.2.6-UNKNOWN-BOLT-RESISTANCE,СП 16.13330.2017 «Стальные конструкции»,18.2.6,119,Return unknown bolt-class resistance defaults,standard_core/reconstruction_assessment.py,unknown_bolt_resistance_defaults_clause_18_2_6,implemented,passed: tests/test_reconstruction_assessment.py,V21-SP16-PROC-18.2.6-UNKNOWN-BOLT-RESISTANCE: pass,Section 18 procedure visually verified on supplied PDF pages 118-125; evidence and external calculation boundaries remain explicit.
SP16-PROC-18.2.7-RIVETED-CONNECTION,СП 16.13330.2017 «Стальные конструкции»,18.2.7,119-120,Look up Table 48 and calculate rivet capacity,standard_core/reconstruction_assessment.py,rivet_connection_capacity_clause_18_2_7,implemented,passed: tests/test_reconstruction_assessment.py,V21-SP16-PROC-18.2.7-RIVETED-CONNECTION: pass,Section 18 procedure visually verified on supplied PDF pages 118-125; evidence and external calculation boundaries remain explicit.
SP16-PROC-18.3.1-BRITTLE-STEEL-ROUTE,СП 16.13330.2017 «Стальные конструкции»,18.3.1,120,Route brittle historical steel retain/replace decision,standard_core/reconstruction_assessment.py,existing_structure_strengthening_route_clauses_18_3_1_to_18_3_4,implemented,passed: tests/test_reconstruction_assessment.py,V21-SP16-PROC-18.3.1-BRITTLE-STEEL-ROUTE: pass,Section 18 procedure visually verified on supplied PDF pages 118-125; evidence and external calculation boundaries remain explicit.
SP16-PROC-18.3.2-ACTUAL-SCHEME-AND-DEFECTS,СП 16.13330.2017 «Стальные конструкции»,18.3.2,120-121,"Require actual geometry, supports, defects and deformed scheme",standard_core/reconstruction_assessment.py,existing_structure_strengthening_route_clauses_18_3_1_to_18_3_4,implemented,passed: tests/test_reconstruction_assessment.py,V21-SP16-PROC-18.3.2-ACTUAL-SCHEME-AND-DEFECTS: pass,Section 18 procedure visually verified on supplied PDF pages 118-125; evidence and external calculation boundaries remain explicit.
SP16-PROC-18.3.3-STRENGTHEN-OR-REPLACE,СП 16.13330.2017 «Стальные конструкции»,18.3.3,121,Route failed checks to strengthening or replacement,standard_core/reconstruction_assessment.py,existing_structure_strengthening_route_clauses_18_3_1_to_18_3_4,implemented,passed: tests/test_reconstruction_assessment.py,V21-SP16-PROC-18.3.3-STRENGTHEN-OR-REPLACE: pass,Section 18 procedure visually verified on supplied PDF pages 118-125; evidence and external calculation boundaries remain explicit.
SP16-PROC-18.3.4-NO-STRENGTHENING-EXCEPTIONS,СП 16.13330.2017 «Стальные конструкции»,18.3.4,121,Route serviceability/slenderness exceptions,standard_core/reconstruction_assessment.py,existing_structure_strengthening_route_clauses_18_3_1_to_18_3_4,implemented,passed: tests/test_reconstruction_assessment.py,V21-SP16-PROC-18.3.4-NO-STRENGTHENING-EXCEPTIONS: pass,Section 18 procedure visually verified on supplied PDF pages 118-125; evidence and external calculation boundaries remain explicit.
SP16-PROC-18.3.5-18.3.10-STRENGTHENING-EXECUTION,СП 16.13330.2017 «Стальные конструкции»,18.3.5-18.3.10,121-122,Check strengthening execution and combined-connection routes,standard_core/reconstruction_assessment.py,strengthening_execution_checks_clauses_18_3_5_to_18_3_10,implemented,passed: tests/test_reconstruction_assessment.py,V21-SP16-PROC-18.3.5-18.3.10-STRENGTHENING-EXECUTION: pass,Section 18 procedure visually verified on supplied PDF pages 118-125; evidence and external calculation boundaries remain explicit.
SP16-PROC-18.3.9-WELD-HEATING-STRESS-LIMIT,СП 16.13330.2017 «Стальные конструкции»,18.3.9,121,Calculate stress limit during weld heating,standard_core/reconstruction_assessment.py,weld_heating_stress_limit_clause_18_3_9,implemented,passed: tests/test_reconstruction_assessment.py,V21-SP16-PROC-18.3.9-WELD-HEATING-STRESS-LIMIT: pass,Section 18 procedure visually verified on supplied PDF pages 118-125; evidence and external calculation boundaries remain explicit.
SP16-PROC-18.3.11-COMMON-RESISTANCE,СП 16.13330.2017 «Стальные конструкции»,18.3.11,122,Select common or separate material resistance,standard_core/reconstruction_assessment.py,common_or_separate_design_resistance_clause_18_3_11,implemented,passed: tests/test_reconstruction_assessment.py,V21-SP16-PROC-18.3.11-COMMON-RESISTANCE: pass,Section 18 procedure visually verified on supplied PDF pages 118-125; evidence and external calculation boundaries remain explicit.
SP16-PROC-18.3.12-INITIAL-STRESS-AND-WELD-CURVATURE,СП 16.13330.2017 «Стальные конструкции»,18.3.12,122,Expose initial-stress and welding-curvature factors,standard_core/reconstruction_assessment.py,gamma_n_clause_18_3_13,implemented,passed: tests/test_reconstruction_assessment.py,V21-SP16-PROC-18.3.12-INITIAL-STRESS-AND-WELD-CURVATURE: pass,Section 18 procedure visually verified on supplied PDF pages 118-125; evidence and external calculation boundaries remain explicit.
SP16-PROC-18.3.13-GAMMA-N-GAMMA-M,СП 16.13330.2017 «Стальные конструкции»,18.3.13,122,Select gamma_N and gamma_M,standard_core/reconstruction_assessment.py,gamma_m_clause_18_3_13,implemented,passed: tests/test_reconstruction_assessment.py,V21-SP16-PROC-18.3.13-GAMMA-N-GAMMA-M: pass,Section 18 procedure visually verified on supplied PDF pages 118-125; evidence and external calculation boundaries remain explicit.
SP16-PROC-18.3.14-ALPHA-N-AND-WELD-DEFLECTION,СП 16.13330.2017 «Стальные конструкции»,18.3.14,123-125,Calculate alpha_N and weld-deflection route,standard_core/reconstruction_assessment.py,longitudinal_force_influence_alpha_n_clause_18_3_14,implemented,passed: tests/test_reconstruction_assessment.py,V21-SP16-PROC-18.3.14-ALPHA-N-AND-WELD-DEFLECTION: pass,Section 18 procedure visually verified on supplied PDF pages 118-125; evidence and external calculation boundaries remain explicit.
SP16-PROC-18.3.16-DEVIATION-ACCEPTANCE,СП 16.13330.2017 «Стальные конструкции»,18.3.16,125,Check acceptance of listed historical deviations,standard_core/reconstruction_assessment.py,existing_deviation_acceptance_clause_18_3_16,implemented,passed: tests/test_reconstruction_assessment.py,V21-SP16-PROC-18.3.16-DEVIATION-ACCEPTANCE: pass,Section 18 procedure visually verified on supplied PDF pages 118-125; evidence and external calculation boundaries remain explicit.
SP16-PROC-18-EXTERNAL-SURVEY-BOUNDARIES,СП 16.13330.2017 «Стальные конструкции»,18.1-18.3,118-125,"Expose survey, testing, global-analysis and construction-stage boundaries",standard_core/reconstruction_assessment.py,material_evidence_route_clause_18_2_1,implemented,passed: tests/test_reconstruction_assessment.py,V21-SP16-PROC-18-EXTERNAL-SURVEY-BOUNDARIES: pass,Section 18 procedure visually verified on supplied PDF pages 118-125; evidence and external calculation boundaries remain explicit.
